wl,n
0.0309963,0.916646150105
0.0310678,0.916203437125
0.0311394,0.915758583952
0.0312112,0.915311584164
0.0312831,0.914862424333
0.0313552,0.914411093175
0.0314275,0.913957579521
0.0315,0.913501872574
0.0315726,0.913043958358
0.0316453,0.912583827447
0.0317183,0.912121464853
0.0317914,0.911656862491
0.0318647,0.911190006531
0.0319382,0.910720885095
0.0320118,0.910249488382
0.0320856,0.909775800445
0.0321595,0.90929574222
0.0322337,0.90881960754
0.032308,0.90833729147
0.0323825,0.907854437121
0.0324571,0.907368328879
0.0325319,0.906881686891
0.0326069,0.906390585261
0.0326821,0.905899224009
0.0327574,0.905404354416
0.0328329,0.90490438647
0.0329086,0.904406767449
0.0329845,0.903904791082
0.0330605,0.903399977517
0.0331367,0.902894311534
0.0332131,0.902386610563
0.0332897,0.901871043253
0.0333664,0.901353941642
0.0334434,0.900839881569
0.0335205,0.900321597166
0.0335977,0.899797020085
0.0336752,0.899274001567
0.0337528,0.898747546053
0.0338306,0.898215978025
0.0339086,0.897682578288
0.0339868,0.897149415032
0.0340651,0.896612207551
0.0341436,0.896068546048
0.0342224,0.895524987897
0.0343012,0.894979641825
0.0343803,0.894437731163
0.0344596,0.893889716781
0.034539,0.89332486225
0.0346186,0.892782276592
0.0346984,0.892204759245
0.0347784,0.891633799588
0.0348586,0.891094979779
0.034939,0.890518707823
0.0350195,0.889933016279
0.0351002,0.88937903887
0.0351811,0.888790325963
0.0352622,0.888221536557
0.0353435,0.887643127949
0.035425,0.887044769469
0.0355067,0.886451223954
0.0355885,0.88587088506
0.0356706,0.885277259781
0.0357528,0.884678404317
0.0358352,0.88409106947
0.0359178,0.883459938605
0.0360006,0.882874496605
0.0360836,0.882263395874
0.0361668,0.881661715864
0.0362502,0.881027715827
0.0363337,0.880430102033
0.0364175,0.879801831797
0.0365014,0.879187532399
0.0365856,0.878531851232
0.0366699,0.8779322
0.0367544,0.877265292266
0.0368392,0.876657239876
0.0369241,0.87601435975
0.0370092,0.875367572204
0.0370945,0.874727217052
0.03718,0.874078409359
0.0372658,0.87343961566
0.0373517,0.872774016738
0.0374378,0.87211718411
0.0375241,0.871439972108
0.0376106,0.870793832453
0.0376973,0.870109199967
0.0377842,0.869456056239
0.0378713,0.868759429356
0.0379586,0.86807850198
0.0380461,0.867398487015
0.0381338,0.866722238558
0.0382217,0.866022649497
0.0383098,0.865329122388
0.0383981,0.864646386408
0.0384866,0.86392691498
0.0385754,0.863242465798
0.0386643,0.862526640379
0.0387534,0.861827621687
0.0388427,0.861117480049
0.0389323,0.860382441646
0.039022,0.859677664684
0.039112,0.858934960072
0.0392021,0.858223219028
0.0392925,0.857472442559
0.0393831,0.856749895194
0.0394739,0.856009772804
0.0395649,0.855251033197
0.0396561,0.854491155426
0.0397475,0.853757373185
0.0398391,0.852998535855
0.039931,0.852241328753
0.040023,0.85147660792
0.0401153,0.850713608014
0.0402078,0.849955352835
0.0403004,0.849174818918
0.0403934,0.848377024631
0.0404865,0.847612706947
0.0405798,0.846812873915
0.0406733,0.846032787543
0.0407671,0.845239149132
0.0408611,0.844430076693
0.0409553,0.843628646633
0.0410497,0.842822143277
0.0411443,0.842024731011
0.0412392,0.841210522823
0.0413342,0.840377637692
0.0414295,0.839541311406
0.041525,0.83871618555
0.0416207,0.837896119148
0.0417167,0.837046926606
0.0418129,0.836209980669
0.0419092,0.835378200588
0.0420059,0.834520633183
0.0421027,0.83366132061
0.0421998,0.832794549668
0.042297,0.831942504969
0.0423945,0.831068946089
0.0424923,0.83019659684
0.0425902,0.829322260636
0.0426884,0.828445122696
0.0427868,0.827562282477
0.0428854,0.826664401549
0.0429843,0.825758023298
0.0430834,0.824866449042
0.0431827,0.823959044138
0.0432823,0.823052083852
0.043382,0.822128849532
0.043482,0.8212155878
0.0435823,0.820283899685
0.0436827,0.81935624704
0.0437834,0.818429803246
0.0438844,0.817473645767
0.0439855,0.816546770239
0.0440869,0.81558347577
0.0441886,0.814641438012
0.0442904,0.813671801246
0.0443925,0.812708174316
0.0444949,0.811746406251
0.0445974,0.810763850261
0.0447002,0.809790726987
0.0448033,0.808801436468
0.0449066,0.807808487751
0.0450101,0.806923665201
0.0451138,0.805821794408
0.0452178,0.805295344709
0.0453221,0.803881263289
0.0454266,0.802916266415
0.0455313,0.802137787032
0.0456362,0.801141534618
0.0457414,0.799793122213
0.0458469,0.798930276635
0.0459526,0.797586426091
0.0460585,0.796601653671
0.0461647,0.796004885387
0.0462711,0.794615497442
0.0463778,0.793610191694
0.0464847,0.792319329671
0.0465918,0.7915896203
0.0466992,0.790050975329
0.0468069,0.788939495402
0.0469148,0.788448316431
0.047023,0.786826101303
0.0471313,0.785922276315
0.04724,0.784468748631
0.0473489,0.783586773796
0.047458,0.782285031912
0.0475675,0.78087379937
0.0476771,0.77969318858
0.047787,0.779017831844
0.0478972,0.777794666596
0.0480076,0.776510642577
0.0481183,0.775363646651
0.0482292,0.774259133591
0.0483404,0.77306807356
0.0484518,0.772091999456
0.0485635,0.770495451085
0.0486754,0.769583547011
0.0487876,0.768233214982
0.0489001,0.767358291525
0.0490128,0.765778384443
0.0491258,0.764581021605
0.0492391,0.763324440775
0.0493526,0.762067443125
0.0494664,0.761061565489
0.0495804,0.759903710078
0.0496947,0.758739471396
0.0498092,0.757034468013
0.0499241,0.755788802643
0.0500391,0.754344809759
0.0501545,0.753655280115
0.0502701,0.751994148381
0.050386,0.750828148994
0.0505022,0.74985086252
0.0506186,0.748016514506
0.0507353,0.746782152359
0.0508522,0.745490248809
0.0509694,0.743855624473
0.0510869,0.7427858304
0.0512047,0.741235675448
0.0513227,0.739936756486
0.0514411,0.738770410391
0.0515596,0.736907920269
0.0516785,0.735625222229
0.0517976,0.734420613913
0.051917,0.732979871368
0.0520367,0.73145621681
0.0521567,0.730188784502
0.0522769,0.728755462761
0.0523974,0.72719052199
0.0525182,0.725578216727
0.0526393,0.724012445585
0.0527606,0.722822786751
0.0528822,0.721080422485
0.0530042,0.719461774422
0.0531263,0.718189999859
0.0532488,0.716779693763
0.0533716,0.715295630405
0.0534946,0.713410114204
0.0536179,0.711887423478
0.0537415,0.710314171313
0.0538654,0.708842648332
0.0539896,0.707349627504
0.054114,0.705464866935
0.0542388,0.704076037673
0.0543638,0.702414019886
0.0544891,0.700871319592
0.0546147,0.699389829799
0.0547406,0.69774195354
0.0548668,0.695943791938
0.0549933,0.694291341351
0.0551201,0.692416904138
0.0552471,0.690847030501
0.0553745,0.689358802537
0.0555022,0.687578796524
0.0556301,0.685619853384
0.0557583,0.683740341848
0.0558869,0.682295628495
0.0560157,0.680543711632
0.0561448,0.678524173982
0.0562743,0.676887037036
0.056404,0.675100994589
0.056534,0.672961052369
0.0566643,0.671488106783
0.056795,0.669612765142
0.0569259,0.667606843534
0.0570571,0.665843377444
0.0571887,0.664059706922
0.0573205,0.6621777352
0.0574526,0.660373736292
0.0575851,0.658076816306
0.0577178,0.65604704961
0.0578509,0.653852673977
0.0579842,0.652043308976
0.0581179,0.649988608447
0.0582519,0.648122507691
0.0583862,0.645861911523
0.0585207,0.644212029679
0.0586557,0.641984502098
0.0587909,0.639886127505
0.0589264,0.637837019613
0.0590622,0.635623353752
0.0591984,0.633325723667
0.0593349,0.631164012951
0.0594716,0.629282396956
0.0596087,0.626775429219
0.0597461,0.624615017716
0.0598839,0.622611429712
0.0600219,0.620052933593
0.0601603,0.618069744803
0.060299,0.615697100602
0.060438,0.613272595837
0.0605773,0.611035498499
0.0607169,0.608505142444
0.0608569,0.606078294824
0.0609972,0.603565148358
0.0611378,0.60117102332
0.0612787,0.59875657224
0.06142,0.596193261799
0.0615616,0.593859574139
0.0617035,0.591188333956
0.0618458,0.588609942491
0.0619883,0.586003222631
0.0621312,0.583472156127
0.0622744,0.580297864131
0.062418,0.577883955226
0.0625619,0.574897372002
0.0627061,0.572084217659
0.0628507,0.568950494629
0.0629956,0.566347258479
0.0631408,0.563053756798
0.0632863,0.560289454837
0.0634322,0.557552510863
0.0635784,0.554126489358
0.063725,0.550935712731
0.0638719,0.547799994093
0.0640191,0.544593746876
0.0641667,0.54141698631
0.0643146,0.538122930657
0.0644629,0.534964588253
0.0646115,0.531644974476
0.0647605,0.528196153428
0.0649097,0.52471461348
0.0650594,0.521358614645
0.0652094,0.51760546167
0.0653597,0.514454981586
0.0655103,0.511054035786
0.0656614,0.507783138883
0.0658127,0.504441220045
0.0659644,0.501088204545
0.0661165,0.497756598056
0.0662689,0.494687638104
0.0664217,0.491664143014
0.0665748,0.488256041145
0.0667283,0.485301849645
0.0668821,0.482645933963
0.0670363,0.479644336131
0.0671908,0.477064064444
0.0673457,0.474252622105
0.0675009,0.471773532451
0.0676566,0.469127461998
0.0678125,0.466518498368
0.0679688,0.464209721507
0.0681255,0.461925179052
0.0682826,0.460005434291
0.06844,0.457571556069
0.0685978,0.455523141421
0.0687559,0.453452221463
0.0689144,0.450940895858
0.0690732,0.449052741355
0.0692325,0.44684031723
0.0693921,0.444942280089
0.069552,0.442988170028
0.0697124,0.440483603701
0.0698731,0.438573226561
0.0700342,0.436205763952
0.0701956,0.434013024798
0.0703574,0.431717776355
0.0705196,0.429376584641
0.0706822,0.42728542351
0.0708451,0.424775826375
0.0710084,0.422321921326
0.0711721,0.419920781641
0.0713362,0.417191412533
0.0715006,0.414626416139
0.0716655,0.412083213807
0.0718307,0.409353343709
0.0719963,0.406603552935
0.0721622,0.403737688012
0.0723286,0.401112006163
0.0724953,0.398060633774
0.0726624,0.395321582978
0.0728299,0.392293636712
0.0729978,0.389197756743
0.0731661,0.386408740513
0.0733348,0.383336093214
0.0735038,0.380363451379
0.0736733,0.377340419826
0.0738431,0.374148579195
0.0740133,0.37110274026
0.0741839,0.368000000808
0.0743549,0.364779551393
0.0745264,0.361862323834
0.0746982,0.35845134012
0.0748704,0.355426736858
0.0750429,0.352385815128
0.0752159,0.349239016296
0.0753893,0.345977725025
0.0755631,0.343003238009
0.0757373,0.339842247673
0.0759119,0.336761891138
0.0760869,0.333780050627
0.0762623,0.330595399452
0.0764381,0.327729973747
0.0766143,0.324732999406
0.0767909,0.321676398512
0.0769679,0.318809719549
0.0771454,0.315976016557
0.0773232,0.313034682363
0.0775015,0.310248207151
0.0776801,0.307396943021
0.0778592,0.304662196608
0.0780387,0.301988187454
0.0782186,0.299240508123
0.0783989,0.29656930682
0.0785796,0.294121838235
0.0787608,0.291437797177
0.0789423,0.289085105598
0.0791243,0.286758536432
0.0793067,0.284354737547
0.0794895,0.282033988337
0.0796728,0.279902264306
0.0798564,0.277641170421
0.0800405,0.275648049471
0.080225,0.273614054758
0.08041,0.271580696104
0.0805953,0.269814651666
0.0807811,0.268023143519
0.0809673,0.266282027477
0.081154,0.264684889464
0.0813411,0.263032526964
0.0815286,0.261582457598
0.0817165,0.260237480345
0.0819049,0.258807156854
0.0820937,0.257513805322
0.082283,0.256279277411
0.0824726,0.255090305859
0.0826628,0.254030991729
0.0828533,0.252946191563
0.0830443,0.252003914912
0.0832357,0.251137729027
0.0834276,0.250242529226
0.0836199,0.249378243527
0.0838127,0.248630579968
0.0840059,0.247903521887
0.0841996,0.247197407399
0.0843937,0.246502633465
0.0845882,0.245973226475
0.0847832,0.245406116709
0.0849787,0.244848184508
0.0851746,0.244360535095
0.0853709,0.243907897117
0.0855677,0.243479630683
0.085765,0.243058636215
0.0859627,0.242648271107
0.0861608,0.242252111788
0.0863595,0.241856284502
0.0865585,0.241508327981
0.0867581,0.241091758754
0.0869581,0.240674070237
0.0871585,0.240251526046
0.0873594,0.239811384368
0.0875608,0.239313633316
0.0877627,0.238812034453
0.087965,0.238295646003
0.0881678,0.237769856279
0.088371,0.237148904748
0.0885747,0.236576611843
0.0887789,0.235884931961
0.0889836,0.235251882648
0.0891887,0.234573543906
0.0893943,0.233864478551
0.0896004,0.233150885684
0.0898069,0.232462811153
0.090014,0.231757539128
0.0902215,0.231051283014
0.0904294,0.23032248111
0.0906379,0.229668025918
0.0908469,0.229022080496
0.0910563,0.228376067277
0.0912662,0.227786775121
0.0914766,0.227236429326
0.0916874,0.226714569251
0.0918988,0.226260104818
0.0921107,0.225817081951
0.092323,0.225448305586
0.0925358,0.22515201749
0.0927491,0.224881035383
0.0929629,0.224703504519
0.0931772,0.224558721076
0.093392,0.224490268926
0.0936073,0.224462625932
0.0938231,0.224484105981
0.0940394,0.224595395593
0.0942562,0.224738106837
0.0944735,0.224935324379
0.0946913,0.225171447315
0.0949095,0.225490336953
0.0951283,0.225830939226
0.0953476,0.226233958474
0.0955674,0.226656144154
0.0957877,0.227142309545
0.0960085,0.227674844571
0.0962299,0.228222619681
0.0964517,0.228799828307
0.096674,0.229418293727
0.0968969,0.230069135946
0.0971203,0.230770783272
0.0973442,0.231450315972
0.0975686,0.232190344796
0.0977935,0.232946560001
0.0980189,0.233699820659
0.0982449,0.234485479236
0.0984713,0.235294488155
0.0986983,0.236105903596
0.0989259,0.236957954975
0.0991539,0.237788836748
0.0993825,0.238666424097
0.0996116,0.239535139513
0.0998412,0.24043501327
0.100071,0.241340472225
0.100302,0.242243606277
0.100533,0.243171097711
0.100765,0.244108212642
0.100997,0.245052194712
0.10123,0.246010602055
0.101464,0.24697722257
0.101697,0.247951052952
0.101932,0.248953201234
0.102167,0.249945831385
0.102402,0.250971760882
0.102638,0.25198706095
0.102875,0.2530304134
0.103112,0.254073517922
0.10335,0.255135601085
0.103588,0.256210828232
0.103827,0.257300509153
0.104066,0.258409239407
0.104306,0.259509065051
0.104547,0.26065283696
0.104788,0.261795834146
0.105029,0.262965968672
0.105271,0.264149143606
0.105514,0.265345904467
0.105757,0.266565959289
0.106001,0.267796761284
0.106245,0.269050607918
0.10649,0.270315957459
0.106736,0.271614745498
0.106982,0.272926322939
0.107228,0.274267961541
0.107476,0.275619922751
0.107723,0.277011036822
0.107972,0.278412555035
0.108221,0.279851427203
0.10847,0.281313585045
0.10872,0.282805612749
0.108971,0.284324875702
0.109222,0.285877822364
0.109474,0.287461186362
0.109726,0.289089485129
0.109979,0.290747135382
0.110233,0.292441302513
0.110487,0.294183043532
0.110741,0.29598166982
0.110997,0.297818170872
0.111253,0.299708670801
0.111509,0.301658571174
0.111766,0.30366587998
0.112024,0.305734823262
0.112282,0.307869614861
0.112541,0.310087224783
0.1128,0.31237256991
0.11306,0.314744519182
0.113321,0.317208110073
0.113582,0.319757525921
0.113844,0.322401294785
0.114106,0.325163037599
0.114369,0.328010271732
0.114633,0.330968512277
0.114897,0.33403381039
0.115162,0.337218559368
0.115428,0.340518289649
0.115694,0.343926769985
0.11596,0.34745539913
0.116228,0.351074165732
0.116496,0.354806681701
0.116764,0.358632716828
0.117033,0.362535501535
0.117303,0.366515884643
0.117574,0.370551448144
0.117845,0.374633112928
0.118116,0.378737139663
0.118389,0.382850583141
0.118662,0.386950032464
0.118935,0.391000349862
0.119209,0.394997541434
0.119484,0.398911509218
0.119759,0.402718567717
0.120036,0.406390142002
0.120312,0.409921534067
0.12059,0.41328401471
0.120868,0.416467488283
0.121146,0.419466863172
0.121425,0.42226482725
0.121705,0.424877035174
0.121986,0.427293110954
0.122267,0.429529265602
0.122549,0.431582235758
0.122832,0.433471949729
0.123115,0.435214368093
0.123398,0.436815061032
0.123683,0.438296683959
0.123968,0.439666875282
0.124254,0.440935361113
0.12454,0.442120183058
0.124827,0.443227579693
0.125115,0.444281728912
0.125404,0.445279398281
0.125693,0.44623570462
0.125982,0.447172347983
0.126273,0.448085192243
0.126564,0.449001585451
0.126856,0.449919793868
0.127148,0.450859826752
0.127441,0.451824514386
0.127735,0.452827786943
0.128029,0.453877915714
0.128325,0.454971706798
0.12862,0.456122103851
0.128917,0.457329148387
0.129214,0.458600979168
0.129512,0.459925818391
0.129811,0.461314987052
0.13011,0.462752447268
0.13041,0.464259062179
0.13071,0.465810111251
0.131012,0.467413389501
0.131314,0.469068593963
0.131616,0.470759621356
0.13192,0.472500514967
0.132224,0.474271141935
0.132529,0.476084000964
0.132834,0.477921039019
0.13314,0.479788396541
0.133447,0.481685389406
0.133755,0.483600088272
0.134063,0.485535989682
0.134372,0.487497910562
0.134682,0.48948180781
0.134993,0.491475132517
0.135304,0.493490686726
0.135616,0.495521786876
0.135928,0.49756889687
0.136242,0.499632026776
0.136556,0.501708548321
0.136871,0.503795111353
0.137186,0.505899493578
0.137502,0.50801533291
0.137819,0.51014042053
0.138137,0.512272294558
0.138455,0.514409614818
0.138775,0.516554686841
0.139094,0.518697387088
0.139415,0.520834229808
0.139737,0.522963110628
0.140059,0.525076285714
0.140382,0.527176121642
0.140705,0.529245290525
0.141029,0.531284388984
0.141355,0.533290043682
0.14168,0.535249117333
0.142007,0.53716123832
0.142334,0.539027633175
0.142663,0.540830386518
0.142991,0.5425813343
0.143321,0.544269921003
0.143651,0.545904727018
0.143983,0.547482524119
0.144314,0.549009046579
0.144647,0.550487833497
0.144981,0.551923925896
0.145315,0.553331883924
0.14565,0.554717644744
0.145986,0.556096629288
0.146322,0.557479456315
0.146659,0.558872796022
0.146997,0.560290211791
0.147336,0.561745087845
0.147676,0.563257905211
0.148016,0.56482242422
0.148358,0.566464001035
0.1487,0.568179332068
0.149042,0.569979083333
0.149386,0.571876741564
0.14973,0.573858445759
0.150076,0.575940465922
0.150421,0.578117244278
0.150768,0.580382402816
0.151116,0.58274392002
0.151464,0.585186133691
0.151813,0.587701227664
0.152163,0.59029101173
0.152514,0.592939633582
0.152866,0.595634101485
0.153218,0.598368308962
0.153571,0.601127233495
0.153925,0.603897196648
0.15428,0.60666368309
0.154636,0.609414014282
0.154992,0.612129790913
0.15535,0.614795441279
0.155708,0.617399298183
0.156067,0.619924280222
0.156426,0.622355727983
0.156787,0.624681029794
0.157148,0.626888400441
0.157511,0.628964174774
0.157874,0.630901577602
0.158238,0.632693208798
0.158602,0.634336116162
0.158968,0.635821104168
0.159335,0.637154028792
0.159702,0.63833351379
0.16007,0.639365603712
0.160439,0.640256639155
0.160809,0.641017670694
0.16118,0.641665980066
0.161551,0.642204644837
0.161923,0.642653140122
0.162297,0.643030316092
0.162671,0.643347968575
0.163046,0.643630886796
0.163422,0.643891112216
0.163798,0.644149273412
0.164176,0.644419933179
0.164555,0.644716731173
0.164934,0.645057562284
0.165314,0.645449836506
0.165695,0.64590714032
0.166077,0.646438820227
0.16646,0.647057761425
0.166844,0.647774162714
0.167228,0.648590150285
0.167614,0.649519451202
0.168,0.650564808939
0.168388,0.651735554315
0.168776,0.653039524844
0.169165,0.654483714369
0.169555,0.656076400417
0.169946,0.657826990778
0.170337,0.659741757314
0.17073,0.661828763147
0.171124,0.664095869681
0.171518,0.666549853044
0.171913,0.669189956757
0.17231,0.672026311831
0.172707,0.675052371595
0.173105,0.678271011695
0.173504,0.681669162561
0.173904,0.685242664647
0.174305,0.688977222228
0.174707,0.692859495577
0.17511,0.696868811459
0.175513,0.700990944811
0.175918,0.705199341658
0.176323,0.709475076994
0.17673,0.713791573614
0.177137,0.718133524486
0.177546,0.722478032502
0.177955,0.726800092254
0.178365,0.731091717825
0.178776,0.735334819809
0.179188,0.739526474111
0.179601,0.743669233598
0.180015,0.747780934392
0.18043,0.751893169383
0.180846,0.756059505525
0.181263,0.760344161647
0.181681,0.764815481766
0.1821,0.769533271269
0.18252,0.774536191288
0.182941,0.77982280126
0.183362,0.785359087214
0.183785,0.791074522083
0.184209,0.796886199204
0.184633,0.802714486281
0.185059,0.808495614808
0.185485,0.814191984543
0.185913,0.819787415012
0.186342,0.825290346741
0.186771,0.8307167288
0.187202,0.836087516626
0.187633,0.841421816803
0.188066,0.846738500505
0.188499,0.852042553115
0.188934,0.857345824634
0.189369,0.862656286561
0.189806,0.86797025032
0.190244,0.873294548592
0.190682,0.878631123379
0.191122,0.883980775172
0.191562,0.889345297658
0.192004,0.894724542446
0.192446,0.900120967929
0.19289,0.905533119854
0.193335,0.910965194008
0.19378,0.916419106035
0.194227,0.92189148387
0.194675,0.927384776219
0.195124,0.932902975849
0.195573,0.93844397459
0.196024,0.944009974096
0.196476,0.949599673519
0.196929,0.955217370536
0.197383,0.960861625411
0.197838,0.966534198161
0.198294,0.972237539643
0.198751,0.97796862239
0.199209,0.983732708904
0.199669,0.989529059361
0.200129,0.995358454846
0.20059,1.00122057622
0.201053,1.00711700767
0.201516,1.01304959942
0.201981,1.01901905476
0.202446,1.02502507486
0.202913,1.03106944328
0.203381,1.03715319961
0.20385,1.04327645599
0.20432,1.04944021627
0.204791,1.05564612905
0.205263,1.06189441968
0.205736,1.06818727542
0.20621,1.07452294814
0.206685,1.08090462327
0.207162,1.08733196426
0.207639,1.09380506655
0.208118,1.10032731018
0.208598,1.10689763063
0.209079,1.11351830137
0.209561,1.12018905686
0.210044,1.12691235428
0.210528,1.13368860273
0.211013,1.14051852228
0.2115,1.1474048212
0.211987,1.15434715197
0.212476,1.16134841331
0.212966,1.1684128432
0.213457,1.17553989667
0.213949,1.18273546101
0.214442,1.19000307041
0.214936,1.19734947274
0.215432,1.20477921498
0.215928,1.21230484605
0.216426,1.21993182024
0.216925,1.22767779154
0.217425,1.23555593678
0.217926,1.24358500392
0.218429,1.25178874139
0.218932,1.2601893057
0.219437,1.26881665966
0.219943,1.27770330121
0.22045,1.28687938546
0.220958,1.29638408386
0.221467,1.30625249778
0.221978,1.31652177932
0.22249,1.32722497706
0.223003,1.33839335827
0.223517,1.35004968051
0.224032,1.36221269445
0.224548,1.3748889259
0.225066,1.38807136158
0.225585,1.40174078064
0.226105,1.41586425986
0.226626,1.43038709487
0.227149,1.44524326061
0.227672,1.46034624926
0.228197,1.47559826731
0.228723,1.49088331007
0.22925,1.50607388786
0.229779,1.52103780426
0.230308,1.53563068559
0.230839,1.54971551583
0.231372,1.56315030979
0.231905,1.57580378161
0.232439,1.58755891115
0.232975,1.59830719328
0.233512,1.6079664826
0.234051,1.61647000909
0.23459,1.62378308598
0.235131,1.62988815716
0.235673,1.63479856074
0.236216,1.63855438739
0.236761,1.64121685596
0.237307,1.64287109214
0.237854,1.6436194675
0.238402,1.64358243836
0.238952,1.64288920013
0.239502,1.64167587477
0.240055,1.64008050348
0.240608,1.6382402091
0.241163,1.63628487876
0.241718,1.63433528416
0.242276,1.63250168792
0.242834,1.63087689101
0.243394,1.62954438604
0.243955,1.62856514287
0.244517,1.62798816273
0.245081,1.62784829429
0.245646,1.62816541781
0.246212,1.6289484268
0.24678,1.63019388196
0.247349,1.63189187545
0.247919,1.63402204146
0.248491,1.63656388852
0.249063,1.63948928041
0.249638,1.64276879838
0.250213,1.64637538432
0.25079,1.65027905856
0.251368,1.65445151204
0.251947,1.6588689257
0.252528,1.66350833132
0.25311,1.66835384993
0.253694,1.67339243622
0.254279,1.67861595037
0.254865,1.68402469146
0.255452,1.6896232578
0.256041,1.69542678507
0.256631,1.70145748565
0.257223,1.70774696761
0.257816,1.71433662432
0.25841,1.7212817109
0.259006,1.72864491556
0.259603,1.73650621262
0.260202,1.7449549672
0.260801,1.75409506271
0.261403,1.764044501
0.262005,1.7749322284
0.262609,1.78689972344
0.263215,1.800099166
0.263821,1.81468933457
0.264429,1.83083908161
0.265039,1.84871421046
0.26565,1.86848408567
0.266262,1.89031394349
0.266876,1.9143584632
0.267491,1.94076307288
0.268108,1.96965478686
0.268726,2.00114194943
0.269346,2.03531075706
0.269967,2.07221713997
0.270589,2.1118901986
0.271213,2.15432542561
0.271838,2.19948492443
0.272464,2.24729454298
0.273093,2.29764359429
0.273722,2.35038641933
0.274353,2.40534490476
0.274986,2.46230993692
0.275619,2.52105136617
0.276255,2.58132922594
0.276892,2.6429054232
0.27753,2.70557347298
0.27817,2.76917430313
0.278811,2.83363734707
0.279454,2.8990034058
0.280098,2.96545836192
0.280744,3.03334743358
0.281391,3.10317651107
0.282039,3.17558436639
0.28269,3.25128836643
0.283341,3.33100541951
0.283994,3.41534612011
0.284649,3.50470677195
0.285305,3.59916620335
0.285963,3.6984154899
0.286622,3.80172492795
0.287283,3.90795925443
0.287945,4.01564704858
0.288609,4.12307963834
0.289274,4.22844321798
0.289941,4.32995546894
0.29061,4.42599402344
0.291279,4.51520504748
0.291951,4.59657441093
0.292624,4.66946882031
0.293299,4.73363152166
0.293975,4.7891547799
0.294652,4.83641881937
0.295332,4.87602497589
0.296012,4.90871852781
0.296695,4.93531849558
0.297379,4.95665377724
0.298064,4.97352154976
0.298751,4.98665297353
0.29944,4.99669959504
0.30013,5.00422254694
0.300822,5.00970451767
0.301516,5.01354777536
0.302211,5.0160924054
0.302907,5.01762103877
0.303606,5.01837424689
0.304306,5.01855434438
0.305007,5.01833190277
0.30571,5.01785280254
0.306415,5.01724315119
0.307121,5.01660911116
0.307829,5.01603923963
0.308539,5.01561079715
0.30925,5.01538555926
0.309963,5.01541407237
0.310678,5.01573629666
0.311394,5.0163854605
0.312112,5.01738193903
0.312831,5.01874136117
0.313552,5.02047306862
0.314275,5.02257825384
0.315,5.02505673263
0.315726,5.02790160285
0.316453,5.03110275988
0.317183,5.03464955673
0.317914,5.0385267116
0.318647,5.04271892512
0.319382,5.04720892431
0.320118,5.05198180101
0.320856,5.05701853795
0.321595,5.06230376247
0.322337,5.06782263878
0.32308,5.07355826336
0.323825,5.07949902378
0.324571,5.08563165198
0.325319,5.09194486969
0.326069,5.09843137485
0.326821,5.10508249725
0.327574,5.11189409341
0.328329,5.11886165094
0.329086,5.12598411188
0.329845,5.13326271096
0.330605,5.14069872824
0.331367,5.14829878086
0.332131,5.15607049718
0.332897,5.1640236724
0.333664,5.17217309706
0.334434,5.18053387168
0.335205,5.18912702117
0.335977,5.19797626438
0.336752,5.20710772843
0.337528,5.21655450656
0.338306,5.22635107147
0.339086,5.23653732935
0.339868,5.24715686228
0.340651,5.2582567564
0.341436,5.26988942082
0.342224,5.28210862947
0.343012,5.29497480997
0.343803,5.30855136067
0.344596,5.32290840951
0.34539,5.33812520144
0.346186,5.35429231184
0.346984,5.37151793569
0.347784,5.38993297876
0.348586,5.40970084259
0.34939,5.43102251769
0.350195,5.45414830901
0.351002,5.47938248268
0.351811,5.50708728613
0.352622,5.53767861465
0.353435,5.57161635427
0.35425,5.60938686987
0.355067,5.65147471425
0.355885,5.69832673491
0.356706,5.75030792182
0.357528,5.80765886804
0.358352,5.87045299015
0.359178,5.93856135791
0.360006,6.01162244674
0.360836,6.089031263
0.361668,6.16993523821
0.362502,6.25324802413
0.363337,6.33767084638
0.364175,6.42173011823
0.365014,6.50382053762
0.365856,6.58225918815
0.366699,6.65535047218
0.367544,6.72145043535
0.368392,6.77904125743
0.369241,6.82680540539
0.370092,6.86369153283
0.370945,6.88897304771
0.3718,6.90229361147
0.372658,6.9036845353
0.373517,6.89356618902
0.374378,6.8727201928
0.375241,6.84223904553
0.376106,6.80345169988
0.376973,6.75784299246
0.377842,6.70696004561
0.378713,6.65232068021
0.379586,6.59533786439
0.380461,6.53725636804
0.381338,6.47911324046
0.382217,6.42171633347
0.383098,6.36565165461
0.383981,6.31130012415
0.384866,6.25886706421
0.385754,6.20842273184
0.386643,6.15993952736
0.387534,6.11332563269
0.388427,6.0684532575
0.389323,6.02518364328
0.39022,5.98337956456
0.39112,5.9429177737
0.392021,5.90368966032
0.392925,5.86560618649
0.393831,5.82859798445
0.394739,5.79260614265
0.395649,5.75758572607
0.396561,5.72350369795
0.397475,5.69033042696
0.398391,5.65804306949
0.39931,5.62661863992
0.40023,5.59603753604
0.401153,5.5662800687
0.402078,5.53732574468
0.403004,5.50915371743
0.403934,5.48174253654
0.404865,5.45506886223
0.405798,5.42910858848
0.406733,5.40383740122
0.407671,5.37923093468
0.408611,5.35526175869
0.409553,5.33190781897
0.410497,5.3091400566
0.411443,5.28693634922
0.412392,5.26526915375
0.413342,5.24411672444
0.414295,5.22345454457
0.41525,5.20326101351
0.416207,5.18351457989
0.417167,5.16419450229
0.418129,5.1452808802
0.419092,5.12675609217
0.420059,5.10860324726
0.421027,5.09080458369
0.421998,5.07334623283
0.42297,5.05621322818
0.423945,5.03939207024
0.424923,5.02287070615
0.425902,5.00663765928
0.426884,4.9906824504
0.427868,4.9749946389
0.428854,4.95956434173
0.429843,4.94438404907
0.430834,4.92944409343
0.431827,4.91473934187
0.432823,4.90026003711
0.43382,4.88600213039
0.43482,4.87195852145
0.435823,4.85812306032
0.436827,4.84449195675
0.437834,4.83105884931
0.438844,4.81781894805
0.439855,4.80476871041
0.440869,4.79190303544
0.441886,4.77921900672
0.442904,4.76671231378
0.443925,4.75437903776
0.444949,4.74221682764
0.445974,4.73022141027
0.447002,4.71839004191
0.448033,4.70672028518
0.449066,4.69520839908
0.450101,4.68385183287
0.451138,4.67264868614
0.452178,4.66159562124
0.453221,4.65069089901
0.454266,4.63993110821
0.455313,4.62931431778
0.456362,4.61883895985
0.457414,4.60850100897
0.458469,4.59830009404
0.459526,4.58823350422
0.460585,4.57829916741
0.461647,4.56849427962
0.462711,4.55881790942
0.463778,4.54926682456
0.464847,4.53983998463
0.465918,4.53053604558
0.466992,4.52135156216
0.468069,4.51228598751
0.469148,4.50333634801
0.47023,4.49450224393
0.471313,4.48578042938
0.4724,4.47716969412
0.473489,4.4686682979
0.47458,4.46027394864
0.475675,4.45198622678
0.476771,4.44380188765
0.47787,4.43572041915
0.478972,4.42773978085
0.480076,4.41985803473
0.481183,4.41207400689
0.482292,4.4043847802
0.483404,4.39679073157
0.484518,4.38928920277
0.485635,4.38187881374
0.486754,4.37455686899
0.487876,4.36732356178
0.489001,4.36017695621
0.490128,4.35311478075
0.491258,4.34613651799
0.492391,4.33923907259
0.493526,4.3324229517
0.494664,4.32568605427
0.495804,4.31902713851
0.496947,4.31244395345
0.498092,4.30593621781
0.499241,4.29950216048
0.500391,4.29313974021
0.501545,4.28684872175
0.502701,4.28062696293
0.50386,4.27447357818
0.505022,4.26838829845
0.506186,4.26236847457
0.507353,4.25641348535
0.508522,4.25052282311
0.509694,4.24469292226
0.510869,4.23892615029
0.512047,4.23321880505
0.513227,4.22757058337
0.514411,4.22198092496
0.515596,4.21644838088
0.516785,4.21097192146
0.517976,4.20554955353
0.51917,4.20018238472
0.520367,4.19486775276
0.521567,4.18960525222
0.522769,4.18439496242
0.523974,4.17923395736
0.525182,4.17412343697
0.526393,4.16906109987
0.527606,4.16404612681
0.528822,4.15907891289
0.530042,4.15415789968
0.531263,4.14928277018
0.532488,4.14445132364
0.533716,4.13966399108
0.534946,4.13492090956
0.536179,4.13022010216
0.537415,4.12556107557
0.538654,4.12094357977
0.539896,4.1163667146
0.54114,4.11182978652
0.542388,4.10733256294
0.543638,4.10287371607
0.544891,4.09845325449
0.546147,4.09407068051
0.547406,4.08972511926
0.548668,4.0854162342
0.549933,4.08114310321
0.551201,4.07690599403
0.552471,4.07270370204
0.553745,4.06853605955
0.555022,4.06440210121
0.556301,4.06030256275
0.557583,4.05623628029
0.558869,4.05220245374
0.560157,4.0482016698
0.561448,4.04423195166
0.562743,4.04029376908
0.56404,4.0363871244
0.56534,4.03251185531
0.566643,4.02866610423
0.56795,4.02485115733
0.569259,4.02106585048
0.570571,4.01730915669
0.571887,4.01358226013
0.573205,4.00988395676
0.574526,4.00621331432
0.575851,4.00257127889
0.577178,3.99895707458
0.578509,3.99536969993
0.579842,3.99181043703
0.581179,3.98827772382
0.582519,3.98477133533
0.583862,3.98129179811
0.585207,3.9778370874
0.586557,3.97440924034
0.587909,3.97100630083
0.589264,3.9676287339
0.590622,3.96427590248
0.591984,3.96094834615
0.593349,3.95764517376
0.594716,3.95436590496
0.596087,3.95111104288
0.597461,3.94787941334
0.598839,3.94467167192
0.600219,3.94148792102
0.601603,3.93832585561
0.60299,3.93518793107
0.60438,3.93207197109
0.605773,3.92897883665
0.607169,3.92590809722
0.608569,3.92285943263
0.609972,3.91983255568
0.611378,3.91682697371
0.612787,3.91384296443
0.6142,3.91088060262
0.615616,3.907939198
0.617035,3.90501871168
0.618458,3.90211857106
0.619883,3.89923957677
0.621312,3.89638051241
0.622744,3.89354183659
0.62418,3.89072367749
0.625619,3.88792469203
0.627061,3.88514608585
0.628507,3.8823860873
0.629956,3.87964576536
0.631408,3.87692486745
0.632863,3.87422338529
0.634322,3.87153979512
0.635784,3.86887527485
0.63725,3.86622956607
0.638719,3.8636023542
0.640191,3.86099333614
0.641667,3.8584018744
0.643146,3.85582890519
0.644629,3.85327344097
0.646115,3.85073601709
0.647605,3.84821535423
0.649097,3.84571276157
0.650594,3.84322765232
0.652094,3.84075902261
0.653597,3.83830766778
0.655103,3.83587271638
0.656614,3.83345464711
0.658127,3.83105368687
0.659644,3.82866898703
0.661165,3.82630013269
0.662689,3.82394790555
0.664217,3.82161158025
0.665748,3.81929168901
0.667283,3.8169865992
0.668821,3.81469755565
0.670363,3.81242411692
0.671908,3.81016681013
0.673457,3.80792382519
0.675009,3.80569664038
0.676566,3.80348414459
0.678125,3.801287092
0.679688,3.79910425911
0.681255,3.79693680458
0.682826,3.79478378356
0.6844,3.79264519044
0.685978,3.79052150221
0.687559,3.7884116653
0.689144,3.78631646826
0.690732,3.78423535397
0.692325,3.78216778557
0.693921,3.7801143941
0.69552,3.77807531017
0.697124,3.77604939411
0.698731,3.77403748589
0.700342,3.77203877412
0.701956,3.7700536818
0.703574,3.76808160985
0.705196,3.76612360743
0.706822,3.76417797159
0.708451,3.76224582692
0.710084,3.76032688271
0.711721,3.75842052848
0.713362,3.75652706881
0.715006,3.75464607781
0.716655,3.75277822824
0.718307,3.75092298394
0.719963,3.74907973918
0.721622,3.74724966469
0.723286,3.74543116474
0.724953,3.74362544226
0.726624,3.74183151565
0.728299,3.74005018107
0.729978,3.73828019466
0.731661,3.73652286051
0.733348,3.73477748454
0.735038,3.73304321335
0.736733,3.73132158975
0.738431,3.72961114105
0.740133,3.72791212708
0.741839,3.72622488162
0.743549,3.72454883983
0.745264,3.72288493315
0.746982,3.72123200044
0.748704,3.71959007218
0.750429,3.71796014863
0.752159,3.71634023188
0.753893,3.71473233355
0.755631,3.71313500633
0.757373,3.71154866961
0.759119,3.70997341
0.760869,3.70840889179
0.762623,3.70685534164
0.764381,3.70531258941
0.766143,3.70378009914
0.767909,3.70225836592
0.769679,3.70074684985
0.771454,3.69924610028
0.773232,3.69775565251
0.775015,3.69627473319
0.776801,3.69480495081
0.778592,3.69334523494
0.780387,3.69189535841
0.782186,3.69045594695
0.783989,3.6890258336
0.785796,3.68760597374
0.787608,3.68619540155
0.789423,3.68479468235
0.791243,3.68340360301
0.793067,3.68202212323
0.794895,3.68064973919
0.796728,3.67928682084
0.798564,3.67793324677
0.800405,3.67658907274
0.80225,3.67525364848
0.8041,3.67392630483
0.805953,3.67260872628
0.807811,3.67129944057
0.809673,3.66999865159
0.81154,3.66870657083
0.813411,3.66742257987
0.815286,3.66614654173
0.817165,3.66487908453
0.819049,3.6636194174
0.820937,3.66236754341
0.82283,3.66112309176
0.824726,3.65988603002
0.826628,3.65865738579
0.828533,3.65743504709
0.830443,3.65622022928
0.832357,3.65501194519
0.834276,3.65381094623
0.836199,3.65261701383
0.838127,3.65142921831
0.840059,3.65024818414
0.841996,3.64907311912
0.843937,3.64790463036
0.845882,3.64674229272
0.847832,3.64558561437
0.849787,3.64443506948
0.851746,3.64329035439
0.853709,3.64215083814
0.855677,3.64101734273
0.85765,3.63988898563
0.859627,3.63876598229
0.861608,3.63764827112
0.863595,3.63653652189
0.865585,3.63542896648
0.867581,3.63432670178
0.869581,3.63322943545
0.871585,3.63213709469
0.873594,3.63104973976
0.875608,3.62996654706
0.877627,3.62888899351
0.87965,3.62781564686
0.881678,3.62674678471
0.88371,3.62568292364
0.885747,3.62462341377
0.887789,3.62356898803
0.889836,3.62251860383
0.891887,3.62147307984
0.893943,3.6204318353
0.896004,3.61939558913
0.898069,3.61836317247
0.90014,3.61733585299
0.902215,3.61631310635
0.904294,3.61529447701
0.906379,3.61428025046
0.908469,3.61327114938
0.910563,3.61226585912
0.912662,3.61126552014
0.914766,3.61027006759
0.916874,3.60927806166
0.918988,3.6082915873
0.921107,3.60730905352
0.92323,3.6063316272
0.925358,3.60535813596
0.927491,3.6043895763
0.929629,3.60342596119
0.931772,3.60246609542
0.93392,3.60151145153
0.936073,3.6005609963
0.938231,3.59961526878
0.940394,3.59867438675
0.942562,3.59773810071
0.944735,3.59680565318
0.946913,3.59587859903
0.949095,3.59495580847
0.951283,3.59403793975
0.953476,3.59312448747
0.955674,3.59221592894
0.957877,3.59131184015
0.960085,3.59041223548
0.962299,3.58951732957
0.964517,3.58862720899
0.96674,3.58774141342
0.968969,3.58686054453
0.971203,3.58598397978
0.973442,3.5851125006
0.975686,3.58424496005
0.977935,3.58338219311
0.980189,3.58252426315
0.982449,3.58167091599
0.984713,3.58082210137
0.986983,3.57997783472
0.989259,3.57913789574
0.991539,3.57830275389
0.993825,3.5774718534
0.996116,3.57664570682
0.998412,3.57582391168
1.00071,3.5750068462
1.00302,3.57419415506
1.00533,3.57338584425
1.00765,3.5725819229
1.00997,3.5717829417
1.0123,3.57098804234
1.01464,3.5701974939
1.01697,3.56941118034
1.01932,3.56862961981
1.02167,3.5678520042
1.02402,3.56707889046
1.02638,3.56630983971
1.02875,3.56554567099
1.03112,3.56478554017
1.0335,3.56402958084
1.03588,3.56327825298
1.03827,3.56253079871
1.04066,3.56178758625
1.04306,3.56104855406
1.04547,3.56031346382
1.04788,3.55958289847
1.05029,3.55885650533
1.05271,3.55813407605
1.05514,3.55741584863
1.05757,3.55670157004
1.06001,3.55599141813
1.06245,3.55528558695
1.0649,3.55458367137
1.06736,3.55388554388
1.06982,3.55319198566
1.07228,3.5525020011
1.07476,3.55181628665
1.07723,3.55113418718
1.07972,3.55045613689
1.08221,3.54978221035
1.0847,3.54911193396
1.0872,3.54844609732
1.08971,3.54778407273
1.09222,3.54712613509
1.09474,3.54647186394
1.09726,3.54582214414
1.09979,3.54517547291
1.10233,3.54453289389
1.10487,3.54389396056
1.10741,3.54325871629
1.10997,3.54262713343
1.11253,3.54199928305
1.11509,3.54137437958
1.11766,3.54075347764
1.12024,3.54013646474
1.12282,3.53952260749
1.12541,3.53891191465
1.128,3.53830485556
1.1306,3.53770133721
1.13321,3.53710125004
1.13582,3.53650429065
1.13844,3.53591070042
1.14106,3.53532040213
1.14369,3.5347331699
1.14633,3.53414959091
1.14897,3.5335688912
1.15162,3.53299158666
1.15428,3.53241718884
1.15694,3.53184648139
1.1596,3.5312781547
1.16228,3.5307136705
1.16496,3.53015191019
1.16764,3.52959332652
1.17033,3.52903792669
1.17303,3.52848513612
1.17574,3.52793604271
1.17845,3.52738931
1.18116,3.52684581342
1.18389,3.52630548677
1.18662,3.52576781431
1.18935,3.52523325025
1.19209,3.52470096252
1.19484,3.52417249915
1.19759,3.52364660874
1.20036,3.52312302024
1.20312,3.52260290681
1.2059,3.5220856241
1.20868,3.52157081558
1.21146,3.52105884125
1.21425,3.52054970064
1.21705,3.52004317132
1.21986,3.51953946689
1.22267,3.51903838411
1.22549,3.51854031954
1.22832,3.51804447822
1.23115,3.51755159091
1.23398,3.51706135856
1.23683,3.51657358847
1.23968,3.5160881955
1.24254,3.51560578756
1.2454,3.51512536717
1.24827,3.51464789733
1.25115,3.51417301149
1.25404,3.51370060982
1.25693,3.51323038406
1.25982,3.5127629916
1.26273,3.51229764406
1.26564,3.51183531395
1.26856,3.51137509775
1.27148,3.51091703371
1.27441,3.51046195784
1.27735,3.51000891193
1.28029,3.5095578803
1.28325,3.50911008712
1.2862,3.50866410591
1.28917,3.50822044367
1.29214,3.50777919175
1.29512,3.50734006533
1.29811,3.50690324164
1.3011,3.50646894377
1.3041,3.50603684964
1.3071,3.50560692641
1.31012,3.50517940999
1.31314,3.50475349568
1.31616,3.50433035987
1.3192,3.50390931512
1.32224,3.50349024909
1.32529,3.50307355593
1.32834,3.50265906587
1.3314,3.50224667478
1.33447,3.50183629945
1.33755,3.50142826829
1.34063,3.50102208029
1.34372,3.50061793566
1.34682,3.50021609526
1.34993,3.49981620034
1.35304,3.49941830248
1.35616,3.49902242977
1.35928,3.49862898758
1.36242,3.49823731667
1.36556,3.49784734941
1.36871,3.49745959247
1.37186,3.49707410289
1.37502,3.49669027259
1.37819,3.49630861461
1.38137,3.49592880276
1.38455,3.49555086926
1.38775,3.49517473754
1.39094,3.49480077035
1.39415,3.49442832446
1.39737,3.49405822043
1.40059,3.49368965634
1.40382,3.49332361333
1.40705,3.49295863511
1.41029,3.49259592283
1.41355,3.49223498723
1.4168,3.49187612256
1.42007,3.49151864594
1.42334,3.49116335168
1.42663,3.49080977259
1.42991,3.49045786947
1.43321,3.49010760322
1.43651,3.48975918841
1.43983,3.48941283477
1.44314,3.48906784958
1.44647,3.4887250183
1.44981,3.48838345504
1.45315,3.4880436093
1.4565,3.48770576071
1.45986,3.48736990506
1.46322,3.48703511712
1.46659,3.48670241035
1.46997,3.4863714315
1.47336,3.48604182528
1.47676,3.48571411057
1.48016,3.48538766758
1.48358,3.48506357551
1.487,3.48474029096
1.49042,3.48441947418
1.49386,3.4840993946
1.4973,3.48378116628
1.50076,3.48346508278
1.50421,3.48315015801
1.50768,3.48283667029
1.51116,3.48252490961
1.51464,3.48221452532
1.51813,3.48190625051
1.52163,3.48159905905
1.52514,3.48129343193
1.52866,3.48098951549
1.53218,3.48068673487
1.53571,3.48038588981
1.53925,3.48008638718
1.5428,3.47978830183
1.54636,3.47949218792
1.54992,3.47919671039
1.5535,3.47890333544
1.55708,3.47861102036
1.56067,3.47832065225
1.56426,3.47803149249
1.56787,3.47774346719
1.57148,3.47745726251
1.57511,3.47717221632
1.57874,3.47688876269
1.58238,3.47660679854
1.58602,3.47632598527
1.58968,3.47604672358
1.59335,3.47576881355
1.59702,3.47549226112
1.6007,3.47521718632
1.60439,3.47494307469
1.60809,3.47467055137
1.6118,3.47439954118
1.61551,3.47412959184
1.61923,3.4738612149
1.62297,3.47359444292
1.62671,3.47332840473
1.63046,3.47306406483
1.63422,3.47280056107
1.63798,3.47253882007
1.64176,3.47227853481
1.64555,3.47201915631
1.64934,3.4717608818
1.65314,3.4715040928
1.65695,3.4712486072
1.66077,3.47099451641
1.6646,3.47074140414
1.66844,3.47048976789
1.67228,3.47023944804
1.67614,3.46998999463
1.68,3.46974179562
1.68388,3.46949548701
1.68776,3.46924935804
1.69165,3.46900518044
1.69555,3.46876185361
1.69946,3.46852003681
1.70337,3.46827925175
1.7073,3.46803957364
1.71124,3.4678010232
1.71518,3.46756374966
1.71913,3.46732761529
1.7231,3.46709262618
1.72707,3.46685888529
1.73105,3.46662623779
1.73504,3.46639448614
1.73904,3.46616426337
1.74305,3.46593497699
1.74707,3.46570674419
1.7511,3.46547986974
1.75513,3.46525361368
1.75918,3.46502897517
1.76323,3.46480499046
1.7673,3.46458244759
1.77137,3.46436097703
1.77546,3.46414047097
1.77955,3.4639212584
1.78365,3.46370260703
1.78776,3.46348556855
1.79188,3.46326919335
1.79601,3.46305413268
1.80015,3.46283987128
1.8043,3.46262679803
1.80846,3.4624149464
1.81263,3.46220389364
1.81681,3.46199389975
1.821,3.46178494579
1.8252,3.46157696774
1.82941,3.46137018686
1.83362,3.46116423118
1.83785,3.46095928666
1.84209,3.46075551009
1.84633,3.46055244021
1.85059,3.46035043588
1.85485,3.46014949639
1.85913,3.45994953391
1.86342,3.45975043417
1.86771,3.45955253169
1.87202,3.45935530279
1.87633,3.45915930146
1.88066,3.45896391062
1.88499,3.45876975704
1.88934,3.45857652202
1.89369,3.45838412266
1.89806,3.45819255088
1.90244,3.45800211838
1.90682,3.45781232467
1.91122,3.45762392733
1.91562,3.45743618517
1.92004,3.45724905932
1.92446,3.45706329324
1.9289,3.45687800266
1.93335,3.45669383268
1.9378,3.45651080119
1.94227,3.45632831421
1.94675,3.45614687065
1.95124,3.45596614707
1.95573,3.45578657096
1.96024,3.45560741242
1.96476,3.45542936944
1.96929,3.45525217326
1.97383,3.45507579374
1.97838,3.45490080222
1.98294,3.45472599703
1.98751,3.45455196567
1.99209,3.45437901743
1.99669,3.45420688608
2.00129,3.45403576627
2.0059,3.45386542862
2.01053,3.45369559185
2.01516,3.45352675941
2.01981,3.45335860357
2.02446,3.45319167026
2.02913,3.45302510113
2.03381,3.45285934658
2.0385,3.45269465488
2.0432,3.45253076221
2.04791,3.45236736036
2.05263,3.45220498701
2.05736,3.45204332473
2.0621,3.45188244147
2.06685,3.45172236725
2.07162,3.45156311633
2.07639,3.45140455125
2.08118,3.45124634964
2.08598,3.45108950845
2.09079,3.45093312784
2.09561,3.45077748708
2.10044,3.45062292145
2.10528,3.45046848285
2.11013,3.45031523347
2.115,3.45016274018
2.11987,3.45001078757
2.12476,3.44985977815
2.12966,3.44970931295
2.13457,3.44955932568
2.13949,3.44941049333
2.14442,3.44926230619
2.14936,3.44911460431
2.15432,3.44896790959
2.15928,3.44882166573
2.16426,3.44867606784
2.16925,3.44853121019
2.17425,3.44838748909
2.17926,3.44824378131
2.18429,3.44810114489
2.18932,3.44795917969
2.19437,3.44781788473
2.19943,3.44767724803
2.2045,3.44753733748
2.20958,3.44739764878
2.21467,3.44725908901
2.21978,3.44712118872
2.2249,3.44698378285
2.23003,3.44684720482
2.23517,3.44671111031
2.24032,3.44657574267
2.24548,3.44644095731
2.25066,3.4463067452
2.25585,3.44617337096
2.26105,3.44604066723
2.26626,3.44590834642
2.27149,3.44577668261
2.27672,3.44564576809
2.28197,3.44551525999
2.28723,3.44538555871
2.2925,3.44525646885
2.29779,3.44512823472
2.30308,3.44500025363
2.30839,3.44487290749
2.31372,3.44474659279
2.31905,3.44462024904
2.32439,3.44449476433
2.32975,3.44437000105
2.33512,3.44424565346
2.34051,3.44412224804
2.3459,3.44399905007
2.35131,3.44387670773
2.35673,3.44375452249
2.36216,3.44363316823
2.36761,3.44351250782
2.37307,3.44339231267
2.37854,3.44327267062
2.38402,3.44315358236
2.38952,3.44303521306
2.39502,3.44291718729
2.40055,3.44279984143
2.40608,3.44268303238
2.41163,3.44256653347
2.41718,3.44245114874
2.42276,3.44233579189
2.42834,3.44222132475
2.43394,3.44210720464
2.43955,3.44199363619
2.44517,3.44188078511
2.45081,3.44176830649
2.45646,3.44165641605
2.46212,3.44154486771
2.4678,3.44143396992
2.47349,3.44132360129
2.47919,3.44121398855
2.48491,3.44110445914
2.49063,3.44099594439
2.49638,3.44088757526
2.50213,3.44077973341
2.5079,3.44067243665
2.51368,3.44056562327
2.51947,3.44045936831
2.52528,3.44035380791
2.5311,3.440248664
2.53694,3.44014387105
2.54279,3.44003980414
2.54865,3.43993592386
2.55452,3.43983265068
2.56041,3.43972983139
2.56631,3.43962773148
2.57223,3.43952574241
2.57816,3.43942440383
2.5841,3.43932335381
2.59006,3.43922340591
2.59603,3.43912330133
2.60202,3.43902380077
2.60801,3.43892489744
2.61403,3.43882643137
2.62005,3.43872824591
2.62609,3.43863096239
2.63215,3.43853357024
2.63821,3.43843707846
2.64429,3.43834106306
2.65039,3.43824511031
2.6565,3.43814989888
2.66262,3.4380550071
2.66876,3.43796052312
2.67491,3.43786656537
2.68108,3.43777325494
2.68726,3.4376802726
2.69346,3.43758739078
2.69967,3.43749541717
2.70589,3.43740362197
2.71213,3.43731223469
2.71838,3.43722116879
2.72464,3.43713091683
2.73093,3.43704090356
2.73722,3.43695107403
2.74353,3.43686203217
2.74986,3.43677314427
2.75619,3.43668484807
2.76255,3.43659683457
2.76892,3.43650941032
2.7753,3.43642244237
2.7817,3.43633557982
2.78811,3.43624936433
2.79454,3.43616366626
2.80098,3.43607774717
2.80744,3.43599278067
2.81391,3.43590805053
2.82039,3.43582394125
2.8269,3.4357398515
2.83341,3.43565651299
2.83994,3.43557336495
2.84649,3.43549064601
2.85305,3.43540833065
2.85963,3.43532622571
2.86622,3.43524477847
2.87283,3.43516358164
2.87945,3.43508288767
2.88609,3.4350024153
2.89274,3.434922334
2.89941,3.43484254356
2.9061,3.43476360452
2.91279,3.43468453505
2.91951,3.43460595903
2.92624,3.43452784594
2.93299,3.43445007934
2.93975,3.4343723986
2.94652,3.43429527344
2.95332,3.43421868571
2.96012,3.43414230783
2.96695,3.4340664643
2.97379,3.43399074892
2.98064,3.43391524461
2.98751,3.43384039765
2.9944,3.43376594481
3.0013,3.43369177643
3.00822,3.43361769614
3.01516,3.43354410905
3.02211,3.43347087526
3.02907,3.43339814892
3.03606,3.43332568695
3.04306,3.43325337728
3.05007,3.43318160349
3.0571,3.43310995863
3.06415,3.43303888564
3.07121,3.43296799516
3.07829,3.43289763014
3.08539,3.43282730094
3.0925,3.43275734755
3.09963,3.43268799762
3.10678,3.43261866289
3.11394,3.432549854
3.12112,3.43248123717
3.12831,3.43241313688
3.13552,3.43234524678
3.14275,3.43227760033
3.15,3.43221034588
3.15726,3.43214322325
3.16453,3.4320766228
3.17183,3.43201038141
3.17914,3.43194445986
3.18647,3.43187852873
3.19382,3.43181301672
3.20118,3.4317480943
3.20856,3.43168313023
3.21595,3.43161863432
3.22337,3.43155428603
3.2308,3.43149076354
3.23825,3.43142703748
3.24571,3.43136370889
3.25319,3.43130073583
3.26069,3.43123781538
3.26821,3.43117543649
3.27574,3.43111348591
3.28329,3.43105156842
3.29086,3.43098997878
3.29845,3.43092872136
3.30605,3.43086777791
3.31367,3.43080706015
3.32131,3.43074641001
3.32897,3.43068642561
3.33664,3.4306264674
3.34434,3.4305670221
3.35205,3.4305076734
3.35977,3.43044875916
3.36752,3.43038990488
3.37528,3.43033155898
3.38306,3.43027323852
3.39086,3.43021545797
3.39868,3.43015764541
3.40651,3.43010028962
3.41436,3.43004315159
3.42224,3.42998632524
3.43012,3.4299297383
3.43803,3.4298733099
3.44596,3.42981735636
3.4539,3.42976140297
3.46186,3.42970615353
3.46984,3.42965071683
3.47784,3.42959566118
3.48586,3.42954095497
3.4939,3.42948639058
3.50195,3.42943186901
3.51002,3.42937815241
3.51811,3.42932446921
3.52622,3.42927070192
3.53435,3.42921746635
3.5425,3.42916439518
3.55067,3.42911173924
3.55885,3.42905926139
3.56706,3.4290068609
3.57528,3.42895494993
3.58352,3.4289032774
3.59178,3.42885156071
3.60006,3.42880021595
3.60836,3.42874923493
3.61668,3.42869829064
3.62502,3.42864779237
3.63337,3.42859747307
3.64175,3.42854737491
3.65014,3.42849718329
3.65856,3.42844767394
3.66699,3.42839810881
3.67544,3.42834908409
3.68392,3.42830000721
3.69241,3.42825139186
3.70092,3.42820282143
3.70945,3.42815441097
3.718,3.42810645618
3.72658,3.42805835482
3.73517,3.42801078432
3.74378,3.42796329957
3.75241,3.42791646707
3.76106,3.42786953473
3.76973,3.42782248721
3.77842,3.42777604249
3.78713,3.42772965569
3.79586,3.42768363756
3.80461,3.4276376269
3.81338,3.427592089
3.82217,3.42754642803
3.83098,3.42750129428
3.83981,3.4274560012
3.84866,3.42741129458
3.85754,3.42736665665
3.86643,3.42732238597
3.87534,3.42727807348
3.88427,3.42723399229
3.89323,3.42719024454
3.9022,3.42714653985
3.9112,3.42710314705
3.92021,3.42705995581
3.92925,3.42701697633
3.93831,3.42697417828
3.94739,3.42693162761
3.95649,3.42688932626
3.96561,3.42684699928
3.97475,3.42680497493
3.98391,3.42676310617
3.9931,3.42672155897
4.0023,3.42668010654
4.01153,3.42663884566
4.02078,3.4265975747
4.03004,3.42655694645
4.03934,3.4265162238
4.04865,3.42647584436
4.05798,3.42643558358
4.06733,3.42639548747
4.07671,3.42635541022
4.08611,3.4263157713
4.09553,3.4262760557
4.10497,3.42623669135
4.11443,3.42619757771
4.12392,3.42615865479
4.13342,3.4261197945
4.14295,3.42608105968
4.1525,3.42604260928
4.16207,3.42600414212
4.17167,3.4259661194
4.18129,3.42592832834
4.19092,3.4258906056
4.20059,3.42585286999
4.21027,3.42581559075
4.21998,3.4257780623
4.2297,3.42574114915
4.23945,3.42570410977
4.24923,3.42566753855
4.25902,3.42563088311
4.26884,3.42559460662
4.27868,3.42555839086
4.28854,3.42552209365
4.29843,3.4254863408
4.30834,3.42545070059
4.31827,3.42541508394
4.32823,3.42537967421
4.3382,3.42534433021
4.3482,3.42530929166
4.35823,3.42527430739
4.36827,3.42523971488
4.37834,3.42520501017
4.38844,3.42517037904
4.39855,3.42513646586
4.40869,3.42510227322
4.41886,3.42506825727
4.42904,3.42503462543
4.43925,3.42500082993
4.44949,3.42496730002
4.45974,3.42493382802
4.47002,3.42490073569
4.48033,3.42486775718
4.49066,3.42483495053
4.50101,3.42480207126
4.51138,3.42476949298
4.52178,3.42473706365
4.53221,3.42470478145
4.54266,3.42467264655
4.55313,3.42464059461
4.56362,3.42460892495
4.57414,3.42457733148
4.58469,3.42454567347
4.59526,3.42451431948
4.60585,3.42448313559
4.61647,3.42445197251
4.62711,3.42442085856
4.63778,3.42438995697
4.64847,3.42435933501
4.65918,3.42432889445
4.66992,3.42429847134
4.68069,3.42426827937
4.69148,3.4242381033
4.7023,3.42420807421
4.71313,3.42417804785
4.724,3.42414829281
4.73489,3.42411900908
4.7458,3.42408938945
4.75675,3.42406004704
4.76771,3.42403095968
4.7787,3.42400191947
4.78972,3.4239729696
4.80076,3.42394439987
4.81183,3.42391567519
4.82292,3.4238868837
4.83404,3.42385872407
4.84518,3.42383057196
4.85635,3.42380244348
4.86754,3.42377426873
4.87876,3.42374635757
4.89001,3.42371872187
4.90128,3.42369110194
4.91258,3.42366368186
4.92391,3.4236361413
4.93526,3.42360890103
4.94664,3.42358178363
4.95804,3.42355492853
4.96947,3.42352801672
4.98092,3.42350120836
4.99241,3.42347472446
5.00391,3.42344817545
5.01545,3.42342164191
5.02701,3.42339553402
5.0386,3.42336944802
5.05022,3.42334331244
5.06186,3.4233174285
5.07353,3.42329158515
5.08522,3.42326578335
5.09694,3.4232402774
5.10869,3.42321505235
5.12047,3.42318967004
5.13227,3.4231645459
5.14411,3.42313928284
5.15596,3.42311450612
5.16785,3.4230895107
5.17976,3.42306478011
5.1917,3.42304017199
5.20367,3.42301555303
5.21567,3.42299141299
5.22769,3.42296707839
5.23974,3.42294297367
5.25182,3.42291892773
5.26393,3.42289488986
5.27606,3.42287097653
5.28822,3.42284730962
5.30042,3.42282351653
5.31263,3.42280009695
5.32488,3.42277661714
5.33716,3.42275329309
5.34946,3.42272994411
5.36179,3.42270698772
5.37415,3.42268386636
5.38654,3.4226608798
5.39896,3.42263824538
5.4114,3.42261550913
5.42388,3.42259306342
5.43638,3.42257032266
5.44891,3.42254798861
5.46147,3.4225257257
5.47406,3.42250347979
5.48668,3.42248149388
5.49933,3.42245963249
5.51201,3.42243763214
5.52471,3.42241574133
5.53745,3.42239403807
5.55022,3.42237256805
5.56301,3.42235086219
5.57583,3.42232953401
5.58869,3.422308204
5.60157,3.42228711132
5.61448,3.42226610088
5.62743,3.42224495747
5.6404,3.42222397405
5.6534,3.42220318875
5.66643,3.42218250634
5.6795,3.42216191269
5.69259,3.42214145296
5.70571,3.42212078479
5.71887,3.42210054516
5.73205,3.422080344
5.74526,3.42206007665
5.75851,3.4220397714
5.77178,3.42202003492
5.78509,3.42199994066
5.79842,3.42198026346
5.81179,3.42196048826
5.82519,3.42194085301
5.83862,3.42192111129
5.85207,3.42190175794
5.86557,3.42188215245
5.87909,3.42186322223
5.89264,3.42184352327
5.90622,3.42182470121
5.91984,3.42180546834
5.93349,3.42178646961
5.94716,3.4217676255
5.96087,3.42174878475
5.97461,3.42173013826
5.98839,3.42171139287
6.00219,3.42169290879
6.01603,3.42167432167
6.0299,3.42165574177
6.0438,3.42163771945
6.05773,3.42161934892
6.07169,3.42160104599
6.08569,3.42158311972
6.09972,3.42156489901
6.11378,3.42154696949
6.12787,3.42152922197
6.142,3.42151139588
6.15616,3.42149387502
6.17035,3.42147608142
6.18458,3.42145852573
6.19883,3.42144110642
6.21312,3.42142379633
6.22744,3.42140625899
6.2418,3.42138913763
6.25619,3.42137193276
6.27061,3.42135480318
6.28507,3.42133797256
6.29956,3.42132080653
6.31408,3.42130400891
6.32863,3.42128697042
6.34322,3.42127035188
6.35784,3.42125363935
6.3725,3.42123701029
6.38719,3.42122026454
6.40191,3.42120367838
6.41667,3.42118721279
6.43146,3.42117089093
6.44629,3.42115428411
6.46115,3.42113810624
6.47605,3.42112189141
6.49097,3.42110562307
6.50594,3.42108919517
6.52094,3.42107338482
6.53597,3.42105703167
6.55103,3.42104099403
6.56614,3.4210247985
6.58127,3.42100873812
6.59644,3.42099287149
6.61165,3.42097680833
6.62689,3.42096088393
6.64217,3.42094479496
6.65748,3.42092877158
6.67283,3.42091299734
6.68821,3.42089723093
6.70363,3.42088128949
6.71908,3.4208655042
6.73457,3.42085010575
6.75009,3.42083492002
6.76566,3.42081958685
6.78125,3.42080472022
6.79688,3.42079039426
6.81255,3.42077593432
6.82826,3.42076217447
6.844,3.42074881367
6.85978,3.42073603605
6.87559,3.42072398647
6.89144,3.4207120053
6.90732,3.42070038112
6.92325,3.42068893987
6.93921,3.42067712578
6.9552,3.42066463626
6.97124,3.42065251643
6.98731,3.42063952143
7.00342,3.42062644301
7.01956,3.42061295784
7.03574,3.42059950078
7.05196,3.42058579568
7.06822,3.42057212974
7.08451,3.42055821344
7.10084,3.42054450817
7.11721,3.42053114085
7.13362,3.42051750726
7.15006,3.4205043403
7.16655,3.42049122037
7.18307,3.42047806114
7.19963,3.42046493761
7.21622,3.42045216651
7.23286,3.4204393722
7.24953,3.42042676113
7.26624,3.42041428099
7.28299,3.42040165319
7.29978,3.42038934643
7.31661,3.42037690864
7.33348,3.42036457543
7.35038,3.42035189072
7.36733,3.42033943346
7.38431,3.42032673706
7.40133,3.42031391003
7.41839,3.42030114995
7.43549,3.42028835522
7.45264,3.42027543383
7.46982,3.42026277079
7.48704,3.42024998477
7.50429,3.42023749877
7.52159,3.42022521889
7.53893,3.42021290827
7.55631,3.42020116823
7.57373,3.42018953811
7.59119,3.42017837365
7.60869,3.42016694855
7.62623,3.42015605472
7.64381,3.42014532233
7.66143,3.4201349333
7.67909,3.42012436183
7.69679,3.42011396246
7.71454,3.42010378553
7.73232,3.42009337697
7.75015,3.4200830353
7.76801,3.42007255354
7.78592,3.42006180634
7.80387,3.42005139009
7.82186,3.42004064917
7.83989,3.42002956411
7.85796,3.42001866323
7.87608,3.42000753944
7.89423,3.41999641688
7.91243,3.41998546166
7.93067,3.41997397342
7.94895,3.41996295673
7.96728,3.4199513783
7.98564,3.41994032108
8.00405,3.4199288245
8.0225,3.41991741137
8.041,3.41990603778
8.05953,3.41989461392
8.07811,3.41988330026
8.09673,3.41987178367
8.1154,3.41986055888
8.13411,3.41984892981
8.15286,3.41983736412
8.17165,3.41982599153
8.19049,3.41981433046
8.20937,3.41980290797
8.2283,3.41979149427
8.24726,3.41978004791
8.26628,3.41976872699
8.28533,3.41975760723
8.30443,3.41974654071
8.32357,3.41973583351
8.34276,3.4197250401
8.36199,3.419714653
8.38127,3.41970424431
8.40059,3.41969429434
8.41996,3.41968438956
8.43937,3.41967452892
8.45882,3.41966521156
8.47832,3.41965560053
8.49787,3.41964630465
8.51746,3.41963668184
8.53709,3.41962746185
8.55677,3.41961814631
8.5765,3.41960909977
8.59627,3.4195997917
8.61608,3.41959064324
8.63595,3.41958143234
8.65585,3.41957224187
8.67581,3.41956313137
8.69581,3.41955379936
8.71585,3.41954519537
8.73594,3.41953661094
8.75608,3.41952869981
8.77627,3.41952102438
8.7965,3.41951388523
8.81678,3.41950707379
8.8371,3.41950023948
8.85747,3.41949385809
8.87789,3.41948732808
8.89836,3.41948073537
8.91887,3.41947415548
8.93943,3.41946773592
8.96004,3.41946156351
8.98069,3.41945482938
9.0014,3.41944843496
9.02215,3.41944191519
9.04294,3.4194351407
9.06379,3.4194286506
9.08469,3.41942183214
9.10563,3.41941510573
9.12662,3.41940775225
9.14766,3.41940057265
9.16874,3.41939308872
9.18988,3.41938548721
9.21107,3.41937776299
9.2323,3.41936976153
9.25358,3.41936177999
9.27491,3.41935335837
9.29629,3.41934507529
9.31772,3.41933603681
9.3392,3.419327128
9.36073,3.41931816238
9.38231,3.41930868861
9.40394,3.41929924786
9.42562,3.41928990093
9.44735,3.41928037954
9.46913,3.41927088273
9.49095,3.41926127575
9.51283,3.41925146837
9.53476,3.41924174223
9.55674,3.41923195955
9.57877,3.41922181849
9.60085,3.41921200963
9.62299,3.41920183134
9.64517,3.4191916371
9.6674,3.4191814431
9.68969,3.4191713128
9.71203,3.41916120855
9.73442,3.41915143298
9.75686,3.41914154865
9.77935,3.41913191002
9.80189,3.41912232344
9.82449,3.4191125948
9.84713,3.41910346445
9.86983,3.41909408052
9.89259,3.4190849059
9.91539,3.41907604029
9.93825,3.41906740897
9.96116,3.41905887184
9.98412,3.41905029521
10.0071,3.41904205671
10.0302,3.41903341784
10.0533,3.41902534889
10.0765,3.41901760365
10.0997,3.41901014162
10.123,3.41900296997
10.1464,3.41899651342
10.1697,3.41899048319
10.1932,3.41898487684
10.2167,3.41897953756
10.2402,3.41897491334
10.2638,3.4189704429
10.2875,3.41896592387
10.3112,3.41896183112
10.335,3.41895778408
10.3588,3.41895370534
10.3827,3.41894964917
10.4066,3.41894533278
10.4306,3.41894107289
10.4547,3.41893632494
10.4788,3.41893138
10.5029,3.41892584648
10.5271,3.41891983794
10.5514,3.41891343195
10.5757,3.41890619801
10.6001,3.41889883954
10.6245,3.41889082108
10.649,3.41888302362
10.6736,3.41887484688
10.6982,3.41886698952
10.7228,3.41885977685
10.7476,3.41885248905
10.7723,3.41884586679
10.7972,3.41883903422
10.8221,3.41883199903
10.847,3.41882540528
10.872,3.41881876377
10.8971,3.41881298658
10.9222,3.41880808624
10.9474,3.41880421714
10.9726,3.4188009757
10.9979,3.41879847263
11.0233,3.41879689644
11.0487,3.41879555457
11.0741,3.41879477573
11.0997,3.41879409062
11.1253,3.41879319698
11.1509,3.41879272773
11.1766,3.41879226141
11.2024,3.41879163709
11.2282,3.4187911968
11.2541,3.41879086272
11.28,3.41879026053
11.306,3.41878982888
11.3321,3.4187889951
11.3582,3.41878831432
11.3844,3.41878720929
11.4106,3.41878570962
11.4369,3.41878470242
11.4633,3.41878361157
11.4897,3.41878243789
11.5162,3.41878168298
11.5428,3.41878086377
11.5694,3.41877920585
11.596,3.41877686067
11.6228,3.41877360238
11.6496,3.41876870069
11.6764,3.41876313324
11.7033,3.41875643209
11.7303,3.41874963337
11.7574,3.4187424344
11.7845,3.41873503385
11.8116,3.41872712374
11.8389,3.41871912324
11.8662,3.41871000066
11.8935,3.41870005182
11.9209,3.41868871545
11.9484,3.41867637305
11.9759,3.41866410633
12.0036,3.41865255873
12.0312,3.41864241502
12.059,3.41863512643
12.0868,3.4186302243
12.1146,3.4186276807
12.1425,3.41862696976
12.1705,3.41862775753
12.1986,3.41862958063
12.2267,3.41863170484
12.2549,3.4186340138
12.2832,3.41863557106
12.3115,3.41863592579
12.3398,3.41863484879
12.3683,3.41863198434
12.3968,3.41862708106
12.4254,3.41862037977
12.454,3.41861113487
12.4827,3.41859871448
12.5115,3.41858491013
12.5404,3.41857356253
12.5693,3.41856702667
12.5982,3.41856391264
12.6273,3.41856172752
12.6564,3.418559349
12.6856,3.41855695731
12.7148,3.41855408085
12.7441,3.41855117207
12.7735,3.41854787822
12.8029,3.41854417995
12.8325,3.41854051107
12.862,3.41853655362
12.8917,3.41853291754
12.9214,3.41852880553
12.9512,3.41852511687
12.9811,3.41852131553
13.011,3.41851751339
13.041,3.41851382615
13.071,3.41851011195
13.1012,3.41850675182
13.1314,3.41850285153
13.1616,3.41849921927
13.192,3.41849576793
13.2224,3.41849233483
13.2529,3.41848896789
13.2834,3.41848593704
13.314,3.41848318699
13.3447,3.41848102845
13.3755,3.41847969839
13.4063,3.4184792812
13.4372,3.41848112013
13.4682,3.41848585643
13.4993,3.41849490783
13.5304,3.4185093599
13.5616,3.41852603528
13.5928,3.41854034864
13.6242,3.41854992773
13.6556,3.4185575202
13.6871,3.4185633832
13.7186,3.41856870729
13.7502,3.41857337524
13.7819,3.41857715385
13.8137,3.41857983837
13.8455,3.41858222681
13.8775,3.41858347094
13.9094,3.418584141
13.9415,3.41858321861
13.9737,3.41858051075
14.0059,3.41857466133
14.0382,3.41856455271
14.0705,3.41855038963
14.1029,3.41853401687
14.1355,3.41851725842
14.168,3.41850045935
14.2007,3.4184840246
14.2334,3.41846788025
14.2663,3.41845261744
14.2991,3.41843818125
14.3321,3.4184245007
14.3651,3.41841203743
14.3983,3.41840102333
14.4314,3.41839168229
14.4647,3.41838403094
14.4981,3.41837740232
14.5315,3.41837082967
14.565,3.41836352613
14.5986,3.41835510575
14.6322,3.41834604691
14.6659,3.41833688629
14.6997,3.41832773132
14.7336,3.41831877274
14.7676,3.41830970334
14.8016,3.41830052897
14.8358,3.4182914142
14.87,3.41828221078
14.9042,3.4182729022
14.9386,3.41826343719
14.973,3.41825362445
15.0076,3.41824395753
15.0421,3.41823407759
15.0768,3.41822369846
15.1116,3.41821343777
15.1464,3.41820279264
15.1813,3.4181919158
15.2163,3.4181811853
15.2514,3.41816932789
15.2866,3.41815718168
15.3218,3.41814406409
15.3571,3.41813026501
15.3925,3.41811508515
15.428,3.41809951594
15.4636,3.4180826871
15.4992,3.41806466174
15.535,3.4180452625
15.5708,3.41802394632
15.6067,3.41800078076
15.6426,3.4179749316
15.6787,3.41794591152
15.7148,3.41791260629
15.7511,3.41787317632
15.7874,3.41782434531
15.8238,3.41776250012
15.8602,3.41768461974
15.8968,3.4175960461
15.9335,3.41751585866
15.9702,3.4174744091
16.007,3.41749440222
16.0439,3.41757400522
16.0809,3.41768531017
16.118,3.41779610319
16.1551,3.41788846699
16.1923,3.41796262759
16.2297,3.41802776594
16.2671,3.41809430434
16.3046,3.41816785901
16.3422,3.41824874873
16.3798,3.41833390661
16.4176,3.4184181969
16.4555,3.41849745954
16.4934,3.41856969914
16.5314,3.41863381495
16.5695,3.41868974118
16.6077,3.41873497291
16.646,3.4187662567
16.6844,3.41878252214
16.7228,3.41878430828
16.7614,3.4187755554
16.8,3.41875996783
16.8388,3.41874100499
16.8776,3.41872030092
16.9165,3.4186994752
16.9555,3.4186786269
16.9946,3.4186581159
17.0337,3.41863813614
17.073,3.41861854228
17.1124,3.41859968737
17.1518,3.41858110272
17.1913,3.41856342535
17.231,3.41854635026
17.2707,3.4185298231
17.3105,3.41851415691
17.3504,3.4184994482
17.3904,3.41848598604
17.4305,3.41847406438
17.4707,3.41846483673
17.511,3.41845936681
17.5513,3.41845756797
17.5918,3.41845993287
17.6323,3.41846518085
17.673,3.41847209352
17.7137,3.41847893491
17.7546,3.41848380441
17.7955,3.41848624722
17.8365,3.41848708786
17.8776,3.41848688331
17.9188,3.41848695346
17.9601,3.41848657647
18.0015,3.41848654258
18.043,3.41848635722
18.0846,3.41848608454
18.1263,3.41848540139
18.1681,3.41848465674
18.21,3.41848410055
18.252,3.41848369896
18.2941,3.41848272194
18.3362,3.41848193309
18.3785,3.41848045889
18.4209,3.4184787897
18.4633,3.41847680764
18.5059,3.41847446824
18.5485,3.41847199744
18.5913,3.41846948208
18.6342,3.41846685
18.6771,3.41846436842
18.7202,3.41846175557
18.7633,3.41845935461
18.8066,3.41845735829
18.8499,3.41845530911
18.8934,3.41845330323
18.9369,3.41845171656
18.9806,3.41845060402
19.0244,3.41844942731
19.0682,3.41844876108
19.1122,3.41844840252
19.1562,3.4184478315
19.2004,3.41844691879
19.2446,3.41844612734
19.289,3.41844514487
19.3335,3.41844429554
19.378,3.41844365758
19.4227,3.41844316886
19.4675,3.41844287925
19.5124,3.41844299188
19.5573,3.41844300908
19.6024,3.41844299559
19.6476,3.41844290731
19.6929,3.41844263771
19.7383,3.41844178252
19.7838,3.41844101322
19.8294,3.41844013689
19.8751,3.41843890885
19.9209,3.41843756013
19.9669,3.41843654123
20.0129,3.41843559807
20.059,3.41843483364
20.1053,3.41843413102
20.1516,3.41843354064
20.1981,3.41843359119
20.2446,3.41843343463
20.2913,3.41843379718
20.3381,3.41843395957
20.385,3.41843410537
20.432,3.41843490275
20.4791,3.41843539672
20.5263,3.41843620631
20.5736,3.4184363788
20.621,3.41843703178
20.6685,3.41843715314
20.7162,3.41843691039
20.7639,3.41843658525
20.8118,3.41843589029
20.8598,3.4184351692
20.9079,3.41843395376
20.9561,3.41843258465
21.0044,3.41843067446
21.0528,3.41842866772
21.1013,3.41842646155
21.15,3.41842384909
21.1987,3.41842161249
21.2476,3.4184188108
21.2966,3.41841604573
21.3457,3.41841355115
21.3949,3.41841069891
21.4442,3.41840800912
21.4936,3.41840535381
21.5432,3.41840261415
21.5928,3.4183998123
21.6426,3.41839738255
21.6925,3.41839474981
21.7425,3.41839197036
21.7926,3.41838955911
21.8429,3.41838680157
21.8932,3.41838415298
21.9437,3.41838141075
21.9943,3.41837895506
22.045,3.41837623585
22.0958,3.4183736772
22.1467,3.41837103481
22.1978,3.41836867109
22.249,3.41836621204
22.3003,3.41836347234
22.3517,3.41836114557
22.4032,3.41835877648
22.4548,3.41835646554
22.5066,3.41835390133
22.5585,3.41835142718
22.6105,3.41834904061
22.6626,3.41834657332
22.7149,3.41834422632
22.7672,3.41834158972
22.8197,3.41833922493
22.8723,3.41833684242
22.925,3.41833422819
22.9779,3.41833164592
23.0308,3.4183290675
23.0839,3.41832655819
23.1372,3.41832400687
23.1905,3.41832133124
23.2439,3.4183187104
23.2975,3.41831606924
23.3512,3.41831341161
23.4051,3.41831074581
23.459,3.41830820122
23.5131,3.41830552138
23.5673,3.41830279173
23.6216,3.41830012073
23.6761,3.41829748931
23.7307,3.41829490005
23.7854,3.41829207155
23.8402,3.41828964176
23.8952,3.41828687625
23.9502,3.41828419975
24.0055,3.41828151967
24.0608,3.41827907069
24.1163,3.4182762665
24.1718,3.41827372295
24.2276,3.41827121086
24.2834,3.4182684372
24.3394,3.41826601418
24.3955,3.41826345639
24.4517,3.41826091815
24.5081,3.41825830999
24.5646,3.41825561365
24.6212,3.41825329719
24.678,3.41825072835
24.7349,3.418248319
24.7919,3.41824578205
24.8491,3.41824316687
24.9063,3.41824078308
24.9638,3.41823804942
25.0213,3.41823556583
25.079,3.41823320688
25.1368,3.41823061034
25.1947,3.41822814861
25.2528,3.41822567854
25.311,3.41822314585
25.3694,3.41822051132
25.4279,3.41821802299
25.4865,3.41821526074
25.5452,3.41821288608
25.6041,3.41821015156
25.6631,3.41820754392
25.7223,3.4182048805
25.7816,3.4182021607
25.841,3.41819960301
25.9006,3.41819714439
25.9603,3.41819488573
26.0202,3.41819305402
26.0801,3.41819132871
26.1403,3.41819030781
26.2005,3.41818960714
26.2609,3.41818929517
26.3215,3.41818933973
26.3821,3.41818931979
26.4429,3.41818934061
26.5039,3.41818958728
26.565,3.41818923804
26.6262,3.41818910636
26.6876,3.41818849892
26.7491,3.4181878948
26.8108,3.41818692992
26.8726,3.41818620473
26.9346,3.4181851984
26.9967,3.41818406439
27.0589,3.41818286773
27.1213,3.41818189669
27.1838,3.41818067143
27.2464,3.4181794578
27.3093,3.41817816518
27.3722,3.41817707256
27.4353,3.41817578352
27.4986,3.41817459147
27.5619,3.41817333799
27.6255,3.4181721248
27.6892,3.41817080254
27.753,3.41816975655
27.817,3.41816835418
27.8811,3.41816718767
27.9454,3.41816581712
28.0098,3.41816461654
28.0744,3.41816351031
28.1391,3.41816211692
28.2039,3.41816099622
28.269,3.41815978902
28.3341,3.41815850916
28.3994,3.41815741527
28.4649,3.41815613041
28.5305,3.4181549273
28.5963,3.41815376689
28.6622,3.41815268465
28.7283,3.41815136187
28.7945,3.41815035138
28.8609,3.41814882632
28.9274,3.41814789879
28.9941,3.41814662534
29.061,3.41814537713
29.1279,3.41814417682
29.1951,3.41814292861
29.2624,3.41814195809
29.3299,3.41814089983
29.3975,3.41813964331
29.4652,3.41813854425
29.5332,3.4181372077
29.6012,3.41813623214
29.6695,3.41813500353
29.7379,3.41813395892
29.8064,3.41813270599
29.8751,3.41813185206
29.944,3.41813061578
30.013,3.41812959945
30.0822,3.41812883605
30.1516,3.41812777795
30.2211,3.41812683078
30.2907,3.41812591276
30.3606,3.4181249173
30.4306,3.41812376072
30.5007,3.41812292027
30.571,3.41812173237
30.6415,3.41812070401
30.7121,3.41811953734
30.7829,3.4181182014
30.8539,3.41811697231
30.925,3.4181157845
30.9963,3.41811440391
31.0678,3.41811349579
31.1394,3.41811217539
31.2112,3.41811118712
31.2831,3.41810987921
31.3552,3.41810895669
31.4275,3.41810813315
31.5,3.41810740786
31.5726,3.41810704791
31.6453,3.41810716239
31.7183,3.41810710817
31.7914,3.4181076245
31.8647,3.41810846278
31.9382,3.41810943554
32.0118,3.41811030808
32.0856,3.4181109856
32.1595,3.4181117117
32.2337,3.41811202724
32.308,3.41811198575
32.3825,3.41811172814
32.4571,3.41811127547
32.5319,3.41811093684
32.6069,3.41811032232
32.6821,3.41810957302
32.7574,3.41810867517
32.8329,3.41810788666
32.9086,3.41810696025
32.9845,3.41810634417
33.0605,3.41810567764
33.1367,3.41810477023
33.2131,3.41810400006
33.2897,3.41810333513
33.3664,3.41810277464
33.4434,3.41810179152
33.5205,3.41810110541
33.5977,3.41810053097
33.6752,3.41809980063
33.7528,3.41809914351
33.8306,3.41809835576
33.9086,3.41809786802
33.9868,3.41809721056
34.0651,3.41809626789
34.1436,3.41809593229
34.2224,3.41809511925
34.3012,3.41809439309
34.3803,3.41809373418
34.4596,3.41809333719
34.539,3.41809284916
34.6186,3.41809215589
34.6984,3.41809136728
34.7784,3.41809077396
34.8586,3.41809013978
34.939,3.41808963519
35.0195,3.41808915025
35.1002,3.41808829111
35.1811,3.4180879489
35.2622,3.41808736945
35.3435,3.41808657711
35.425,3.41808588645
35.5067,3.41808552532
35.5885,3.41808491005
35.6706,3.41808443585
35.7528,3.41808382442
35.8352,3.41808335881
35.9178,3.4180827384
36.0006,3.41808212377
36.0836,3.418081781
36.1668,3.41808103692
36.2502,3.41808066228
36.3337,3.41807999766
36.4175,3.41807957453
36.5014,3.41807890453
36.5856,3.41807839072
36.6699,3.41807801398
36.7544,3.41807725773
36.8392,3.41807655533
36.9241,3.41807611483
37.0092,3.41807541789
37.0945,3.41807498273
37.18,3.41807443681
37.2658,3.41807396938
37.3517,3.41807342536
37.4378,3.4180729127
37.5241,3.41807212611
37.6106,3.41807166524
37.6973,3.41807110662
37.7842,3.41807056994
37.8713,3.41807009547
37.9586,3.4180692906
38.0461,3.41806928735
38.1338,3.41806859974
38.2217,3.41806806701
38.3098,3.41806764265
38.3981,3.41806728028
38.4866,3.41806691871
38.5754,3.41806626663
38.6643,3.41806563448
38.7534,3.41806530214
38.8427,3.41806508005
38.9323,3.41806448589
39.022,3.41806418397
39.112,3.41806362574
39.2021,3.41806304293
39.2925,3.41806272426
39.3831,3.41806202195
39.4739,3.41806161546
39.5649,3.41806107192
39.6561,3.41806038557
39.7475,3.4180598559
39.8391,3.41805950132
39.931,3.41805893426
40.023,3.41805811557
40.1153,3.4180578203
40.2078,3.41805732647
40.3004,3.41805661558
40.3934,3.41805641933
40.4865,3.41805617532
40.5798,3.41805551633
40.6733,3.41805535793
40.7671,3.41805482837
40.8611,3.41805458379
40.9553,3.41805409848
41.0497,3.41805364276
41.1443,3.41805325045
41.2392,3.41805282662
41.3342,3.41805221718
41.4295,3.41805190579
41.525,3.41805125802
41.6207,3.41805056928
41.7167,3.41804992358
41.8129,3.41804949788
41.9092,3.41804891441
42.0059,3.41804831657
42.1027,3.41804767494
42.1998,3.41804693693
42.297,3.41804634361
42.3945,3.41804592601
42.4923,3.41804531725
42.5902,3.41804491333
42.6884,3.41804435126
42.7868,3.418043835
42.8854,3.41804329459
42.9843,3.41804289196
43.0834,3.41804230559
43.1827,3.41804186938
43.2823,3.41804135872
43.382,3.41804125814
43.482,3.41804075051
43.5823,3.41804055229
43.6827,3.41804020464
43.7834,3.41803977821
43.8844,3.41803924379
43.9855,3.41803885233
44.0869,3.41803893523
44.1886,3.41803821697
44.2904,3.4180381065
44.3925,3.41803795471
44.4949,3.41803745378
44.5974,3.41803714508
44.7002,3.41803686235
44.8033,3.4180364949
44.9066,3.41803626434
45.0101,3.41803597528
45.1138,3.41803584731
45.2178,3.41803554661
45.3221,3.4180353045
45.4266,3.41803485509
45.5313,3.41803485773
45.6362,3.41803475586
45.7414,3.41803463145
45.8469,3.4180343808
45.9526,3.41803393994
46.0585,3.41803382065
46.1647,3.41803367008
46.2711,3.41803329583
46.3778,3.41803310216
46.4847,3.41803290472
46.5918,3.41803289557
46.6992,3.41803270853
46.8069,3.41803258325
46.9148,3.41803215957
47.023,3.41803214751
47.1313,3.41803196684
47.24,3.41803182155
47.3489,3.41803162556
47.458,3.41803162852
47.5675,3.41803127835
47.6771,3.41803111752
47.787,3.41803104342
47.8972,3.41803058807
48.0076,3.41803073643
48.1183,3.41803051989
48.2292,3.41803034869
48.3404,3.41803025488
48.4518,3.4180299534
48.5635,3.41802988546
48.6754,3.41802987426
48.7876,3.41802986078
48.9001,3.41802975129
49.0128,3.41802958074
49.1258,3.41802952393
49.2391,3.41802936198
49.3526,3.41802931317
49.4664,3.41802930615
49.5804,3.41802940145
49.6947,3.41802915953
49.8092,3.41802915477
49.9241,3.41802902444
50.0391,3.41802907354
50.1545,3.41802896986
50.2701,3.41802917075
50.386,3.41802880944
50.5022,3.41802925344
50.6186,3.41802925592
50.7353,3.4180293431
50.8522,3.41802931191
50.9694,3.41802940901
51.0869,3.41802938688
51.2047,3.41802969055
51.3227,3.41802976248
51.4411,3.418029758
51.5596,3.41803001314
51.6785,3.41803000753
51.7976,3.41802990619
51.917,3.41803003221
52.0367,3.41803045863
52.1567,3.41803031773
52.2769,3.41803061898
52.3974,3.41803094062
52.5182,3.41803111354
52.6393,3.41803124528
52.7606,3.4180315079
52.8822,3.41803164327
53.0042,3.41803204471
53.1263,3.41803210518
53.2488,3.41803242623
53.3716,3.41803235402
53.4946,3.41803280592
53.6179,3.41803303867
53.7415,3.41803343569
53.8654,3.41803363455
53.9896,3.41803375711
54.114,3.41803392056
54.2388,3.41803425528
54.3638,3.41803421617
54.4891,3.41803485203
54.6147,3.41803549283
54.7406,3.41803545569
54.8668,3.4180361839
54.9933,3.41803601455
55.1201,3.4180364029
55.2471,3.41803685392
55.3745,3.41803763155
55.5022,3.41803783495
55.6301,3.41803817505
55.7583,3.41803857309
55.8869,3.41803898107
56.0157,3.41803920547
56.1448,3.41803968596
56.2743,3.41804045238
56.404,3.41804070779
56.534,3.41804110518
56.6643,3.41804136241
56.795,3.41804197928
56.9259,3.41804253779
57.0571,3.41804283519
57.1887,3.41804356573
57.3205,3.41804385499
57.4526,3.41804405795
57.5851,3.41804507446
57.7178,3.41804550155
57.8509,3.41804607857
57.9842,3.41804655054
58.1179,3.41804717096
58.2519,3.41804765457
58.3862,3.41804841141
58.5207,3.41804908789
58.6557,3.41804936719
58.7909,3.41804985036
58.9264,3.41805057107
59.0622,3.41805116039
59.1984,3.41805192607
59.3349,3.41805271969
59.4716,3.41805306763
59.6087,3.4180538806
59.7461,3.41805429907
59.8839,3.41805486865
60.0219,3.41805600245
60.1603,3.41805655974
60.299,3.41805730311
60.438,3.41805805655
60.5773,3.41805870279
60.7169,3.41805966532
60.8569,3.41806006414
60.9972,3.41806084786
61.1378,3.41806164284
61.2787,3.4180622967
61.42,3.41806315154
61.5616,3.4180640292
61.7035,3.41806487292
61.8458,3.41806562136
61.9883,3.41806614495
62.1312,3.41806740409
62.2744,3.4180681869
62.418,3.41806930635
62.5619,3.41807036217
62.7061,3.41807142933
62.8507,3.41807281494
62.9956,3.41807419693
63.1408,3.41807574738
63.2863,3.41807698785
63.4322,3.41807847222
63.5784,3.41808071789
63.725,3.41808254734
63.8719,3.4180841984
64.0191,3.41808619093
64.1667,3.41808843975
64.3146,3.41809051994
64.4629,3.4180927461
64.6115,3.41809457175
64.7605,3.4180971364
64.9097,3.41809941768
65.0594,3.41810147772
65.2094,3.41810387902
65.3597,3.4181062222
65.5103,3.41810835053
65.6614,3.41811006987
65.8127,3.41811225663
65.9644,3.41811426628
66.1165,3.4181155499
66.2689,3.41811698519
66.4217,3.4181185442
66.5748,3.41811958466
66.7283,3.41812088018
66.8821,3.41812160791
67.0363,3.41812276406
67.1908,3.4181229934
67.3457,3.41812368831
67.5009,3.41812437192
67.6566,3.41812428828
67.8125,3.41812446745
67.9688,3.41812450965
68.1255,3.41812397618
68.2826,3.41812396515
68.44,3.41812304553
68.5978,3.41812326275
68.7559,3.41812275263
68.9144,3.41812208556
69.0732,3.41812169614
69.2325,3.41812142214
69.3921,3.41812046753
69.552,3.41812029781
69.7124,3.41811952825
69.8731,3.41811938711
70.0342,3.41811898807
70.1956,3.41811872786
70.3574,3.41811812841
70.5196,3.41811779579
70.6822,3.4181171147
70.8451,3.41811739392
71.0084,3.41811696121
71.1721,3.41811647747
71.3362,3.41811610409
71.5006,3.41811589065
71.6655,3.41811555155
71.8307,3.41811491381
71.9963,3.41811450924
72.1622,3.41811358643
72.3286,3.41811350887
72.4953,3.41811285384
72.6624,3.418112188
72.8299,3.41811229357
72.9978,3.41811101295
73.1661,3.41811055634
73.3348,3.41810995704
73.5038,3.41810892406
73.6733,3.41810864417
73.8431,3.41810801292
74.0133,3.41810722736
74.1839,3.41810688114
74.3549,3.41810590669
74.5264,3.41810583146
74.6982,3.41810515044
74.8704,3.41810465184
75.0429,3.41810425
75.2159,3.41810345605
75.3893,3.41810341319
75.5631,3.41810272965
75.7373,3.4181020519
75.9119,3.41810261285
76.0869,3.41810179107
76.2623,3.4181016704
76.4381,3.418101116
76.6143,3.41809997804
76.7909,3.41810054209
76.9679,3.41810041427
77.1454,3.41809981456
77.3232,3.41809899266
77.5015,3.41809986258
77.6801,3.41809924248
77.8592,3.41809887109
78.0387,3.41809840852
78.2186,3.41809825737
78.3989,3.41809828395
78.5796,3.41809836807
78.7608,3.418098774
78.9423,3.4180980629
79.1243,3.41809910617
79.3067,3.41809834493
79.4895,3.41809891558
79.6728,3.41809955004
79.8564,3.41809993414
80.0405,3.41810090677
80.225,3.41810256282
80.41,3.41810286014
80.5953,3.41810339763
80.7811,3.41810491421
80.9673,3.4181053788
81.154,3.41810637933
81.3411,3.41810837243
81.5286,3.41811002059
81.7165,3.418110671
81.9049,3.41811317891
82.0937,3.41811493371
82.283,3.41811606031
82.4726,3.41811705901
82.6628,3.41811838115
82.8533,3.41812106008
83.0443,3.41812208656
83.2357,3.41812343861
83.4276,3.4181249544
83.6199,3.41812712725
83.8127,3.41812885628
84.0059,3.41813093161
84.1996,3.4181320387
84.3937,3.41813318408
84.5882,3.41813494986
84.7832,3.41813518192
84.9787,3.41813743806
85.1746,3.41813734414
85.3709,3.41813952568
85.5677,3.41813997766
85.765,3.41814078616
85.9627,3.41814242904
86.1608,3.41814174374
86.3595,3.41814244631
86.5585,3.41814427798
86.7581,3.41814364658
86.9581,3.41814402324
87.1585,3.41814457263
87.3594,3.41814441299
87.5608,3.41814574066
87.7627,3.41814441083
87.965,3.41814486099
88.1678,3.41814450112
88.371,3.41814529503
88.5747,3.41814533556
88.7789,3.41814523295
88.9836,3.41814476261
89.1887,3.41814489311
89.3943,3.41814413528
89.6004,3.41814370685
89.8069,3.4181442483
90.014,3.41814347302
90.2215,3.41814271061
90.4294,3.41814339796
90.6379,3.41814254642
90.8469,3.4181417353
91.0563,3.41814209552
91.2662,3.41814101167
91.4766,3.41814180521
91.6874,3.4181400426
91.8988,3.41813932146
92.1107,3.41814020457
92.323,3.41814039701
92.5358,3.41813951506
92.7491,3.41813941471
92.9629,3.41813943132
93.1772,3.41813747018
93.392,3.41813782914
93.6073,3.4181374838
93.8231,3.4181364798
94.0394,3.41813772314
94.2562,3.4181363406
94.4735,3.41813473157
94.6913,3.41813524952
94.9095,3.41813415683
95.1283,3.41813453929
95.3476,3.41813533382
95.5674,3.41813528437
95.7877,3.41813359711
96.0085,3.41813337755
96.2299,3.41813311142
96.4517,3.41813227514
96.674,3.41813182994
96.8969,3.41813227871
97.1203,3.41813232798
97.3442,3.41813130241
97.5686,3.41813141456
97.7935,3.41813065285
98.0189,3.41813132403
98.2449,3.41812973631
98.4713,3.41813134112
98.6983,3.41813053174
98.9259,3.41812946282
99.1539,3.41812935177
99.3825,3.41812776507
99.6116,3.41812920442
99.8412,3.41812826765
100.071,3.4181271229
100.302,3.41812855878
100.533,3.41812856526
100.765,3.41812884494
100.997,3.41812728103
101.23,3.41812802263
101.464,3.41812820065
101.697,3.41812613582
101.932,3.4181264189
102.167,3.41812639808
102.402,3.41812568983
102.638,3.41812530056
102.875,3.41812460926
103.112,3.41812712055
103.35,3.41812520886
103.588,3.41812332977
103.827,3.41812518608
104.066,3.41812472753
104.306,3.41812327646
104.547,3.4181238194
104.788,3.41812226099
105.029,3.41812547138
105.271,3.41812368943
105.514,3.41812474338
105.757,3.4181235549
106.001,3.41812154767
106.245,3.41812101222
106.49,3.41812280485
106.736,3.41812437415
106.982,3.41812044466
107.228,3.41812038375
107.476,3.41812266867
107.723,3.41812182472
107.972,3.41812191532
108.221,3.41812143833
108.47,3.41812229152
108.72,3.41811992601
108.971,3.41812013563
109.222,3.41811946306
109.474,3.4181195611
109.726,3.4181200434
109.979,3.418119723
110.233,3.41811949752
110.487,3.41811935778
110.741,3.41812116282
110.997,3.41812002708
111.253,3.41812015207
111.509,3.41811949727
111.766,3.41811937517
112.024,3.41811737076
112.282,3.41811988345
112.541,3.41811816616
112.8,3.41812027115
113.06,3.41811666077
113.321,3.41812044162
113.582,3.41811704994
113.844,3.41811811568
114.106,3.41811822267
114.369,3.4181177185
114.633,3.4181168679
114.897,3.41811762378
115.162,3.41811682237
115.428,3.41811638388
115.694,3.41811796313
115.96,3.41811648935
116.228,3.41811557058
116.496,3.4181148803
116.764,3.4181179835
117.033,3.41811441966
117.303,3.41811516315
117.574,3.41811429043
117.845,3.41811699045
118.116,3.41811510205
118.389,3.41811743574
118.662,3.41811734556
118.935,3.41811574956
119.209,3.41811424038
119.484,3.41811589504
119.759,3.41811654747
120.036,3.4181147835
120.312,3.41811493821
120.59,3.41811372199
120.868,3.41811319945
121.146,3.41811484102
121.425,3.41811460713
121.705,3.4181133294
121.986,3.41811590538
122.267,3.41811349532
122.549,3.41811306531
122.832,3.41811616076
123.115,3.41811408823
123.398,3.41811673761
123.683,3.41811340337
123.968,3.41811248543
124.254,3.418115431
124.54,3.41811218053
124.827,3.41811171529
125.115,3.41811176332
125.404,3.41811601808
125.693,3.41811365311
125.982,3.41811587455
126.273,3.418114376
126.564,3.41811264581
126.856,3.41811437092
127.148,3.41811298107
127.441,3.41811689452
127.735,3.41811456101
128.029,3.41811199587
128.325,3.41811463239
128.62,3.41811300198
128.917,3.41811320986
129.214,3.41811298486
129.512,3.41811327996
129.811,3.41811253844
130.11,3.41811076801
130.41,3.41811136636
130.71,3.41811305269
131.012,3.41811246391
131.314,3.41811356256
131.616,3.4181121789
131.92,3.41810986809
132.224,3.41811197311
132.529,3.41811155287
132.834,3.41811214728
133.14,3.41811015592
133.447,3.41811506891
133.755,3.41811231762
134.063,3.41811485789
134.372,3.4181085487
134.682,3.41810825379
134.993,3.41811122575
135.304,3.41811547997
135.616,3.41811201125
135.928,3.41811240672
136.242,3.41811113609
136.556,3.4181116326
136.871,3.41811139051
137.186,3.41810856997
137.502,3.41811030705
137.819,3.41811257342
138.137,3.41811132861
138.455,3.4181099792
138.775,3.41811047561
139.094,3.41811052433
139.415,3.41811176821
139.737,3.41810864234
140.059,3.41810961001
140.382,3.41811076125
140.705,3.41810870027
141.029,3.4181139956
141.355,3.41811288034
141.68,3.41810858145
142.007,3.41811340987
142.334,3.41811180526
142.663,3.41810846365
142.991,3.41810930788
143.321,3.41811083004
143.651,3.4181086191
143.983,3.41810602367
144.314,3.41811235204
144.647,3.41811039528
144.981,3.41810388815
145.315,3.4181073307
145.65,3.41810826622
145.986,3.41811065322
146.322,3.41811200511
146.659,3.4181092517
146.997,3.41810733707
147.336,3.4181131947
147.676,3.41811119587
148.016,3.41810689723
148.358,3.41810899159
148.7,3.41810869275
149.042,3.41810849844
149.386,3.41810724128
149.73,3.41810938729
150.076,3.41810405526
150.421,3.41811077402
150.768,3.41810793367
151.116,3.41810576936
151.464,3.4181126812
151.813,3.41810852025
152.163,3.41810468184
152.514,3.41810956309
152.866,3.41810665672
153.218,3.4181124024
153.571,3.41811115149
153.925,3.41811339177
154.28,3.41810772118
154.636,3.41810463548
154.992,3.41810955327
155.35,3.41810646172
155.708,3.41810603919
156.067,3.41810790373
156.426,3.41810552236
156.787,3.41810982878
157.148,3.41810523062
157.511,3.41810708894
157.874,3.41810250388
158.238,3.41810161193
158.602,3.41810479032
158.968,3.41810913794
159.335,3.41810759888
159.702,3.41810782364
160.07,3.41810253004
160.439,3.41810687574
160.809,3.418108499
161.18,3.4181047585
161.551,3.41810339512
161.923,3.41811448727
162.297,3.41810611083
162.671,3.418106293
163.046,3.41810216785
163.422,3.41809941555
163.798,3.41810653694
164.176,3.41811304591
164.555,3.41810811625
164.934,3.41810786815
165.314,3.41810365321
165.695,3.41810157753
166.077,3.41810957711
166.46,3.41810628791
166.844,3.41810849377
167.228,3.41810175257
167.614,3.41810212916
168,3.41810811424
168.388,3.41810410015
168.776,3.418105624
169.165,3.41810507542
169.555,3.41810497016
169.946,3.41810615749
170.337,3.41810475041
170.73,3.41810377254
171.124,3.41810948447
171.518,3.41810146799
171.913,3.41811412487
172.31,3.41810662836
172.707,3.41810369079
173.105,3.41809797671
173.504,3.41810691222
173.904,3.4181090539
174.305,3.41809927404
174.707,3.41810724628
175.11,3.41810982908
175.513,3.41810639246
175.918,3.41809678728
176.323,3.41810810663
176.73,3.41810157248
177.137,3.41809696179
177.546,3.4181085162
177.955,3.41810293766
178.365,3.41810168587
178.776,3.41810095764
179.188,3.41810521231
179.601,3.4180968115
180.015,3.41810703208
180.43,3.41810875217
180.846,3.41810906747
181.263,3.41810788666
181.681,3.41809914959
182.1,3.41810389428
182.52,3.41810738277
182.941,3.41810644749
183.362,3.41811349876
183.785,3.41810407992
184.209,3.4180982884
184.633,3.41810500907
185.059,3.41810521008
185.485,3.41810168942
185.913,3.41810106082
186.342,3.41810755035
186.771,3.41810784041
187.202,3.41810250418
187.633,3.41810541065
188.066,3.41810083387
188.499,3.41810729395
188.934,3.41811293093
189.369,3.41811210215
189.806,3.418106344
190.244,3.41811446577
190.682,3.41810343742
191.122,3.41809897818
191.562,3.41810236573
192.004,3.41810158693
192.446,3.41810967741
192.89,3.41810526799
193.335,3.41810940308
193.78,3.41810415618
194.227,3.41811608859
194.675,3.41810745036
195.124,3.41810732093
195.573,3.41810114092
196.024,3.41809906969
196.476,3.41810392459
196.929,3.41810301661
197.383,3.41810253299
197.838,3.41811445544
198.294,3.41810331836
198.751,3.41810680836
199.209,3.41810724109
199.669,3.41809645179
200.129,3.41810587567
200.59,3.41810152034
201.053,3.41809934722
201.516,3.41810617537
201.981,3.41810514584
202.446,3.41810816988
202.913,3.4181066402
203.381,3.41809490514
203.85,3.41809747331
204.32,3.41811124649
204.791,3.41810314128
205.263,3.41809904382
205.736,3.41810997081
206.21,3.41810605555
206.685,3.4180953068
207.162,3.41810017085
207.639,3.4181017166
208.118,3.41809431164
208.598,3.41809909075
209.079,3.41810733237
209.561,3.4181110153
210.044,3.41810526591
210.528,3.41810627904
211.013,3.41810181371
211.5,3.4180960789
211.987,3.41811311027
212.476,3.41810421117
212.966,3.41811080629
213.457,3.41810698412
213.949,3.41809846667
214.442,3.41809892567
214.936,3.41811710931
215.432,3.41810217631
215.928,3.41809467376
216.426,3.41810530803
216.925,3.41810502208
217.425,3.41810693969
217.926,3.41809422095
218.429,3.41811121123
218.932,3.41811690627
219.437,3.41812006855
219.943,3.41809657805
220.45,3.41810979931
220.958,3.41809735709
221.467,3.41810429855
221.978,3.41810719198
222.49,3.41809873672
223.003,3.41810697228
223.517,3.41810413435
224.032,3.41811424263
224.548,3.41810583117
225.066,3.41810506079
225.585,3.41810754781
226.105,3.41808922057
226.626,3.41810952012
227.149,3.41811433545
227.672,3.41809970756
228.197,3.41810791878
228.723,3.41811862559
229.25,3.41808888646
229.779,3.41810782292
230.308,3.41810028265
230.839,3.41809766036
231.372,3.41811181616
231.905,3.41809535417
232.439,3.41810558764
232.975,3.41812228138
233.512,3.41811992056
234.051,3.41808674337
234.59,3.41809730764
235.131,3.41810609403
235.673,3.41810122074
236.216,3.4181021312
236.761,3.41808566251
237.307,3.41810614128
237.854,3.41810296807
238.402,3.41811174295
238.952,3.41811659253
239.502,3.41811918005
240.055,3.41812835834
240.608,3.41811190666
241.163,3.4181046926
241.718,3.41812426654
242.276,3.41809823505
242.834,3.41810978941
243.394,3.41809212105
243.955,3.4181116743
244.517,3.41811140961
245.081,3.41810637906
245.646,3.41809008897
246.212,3.41809861835
246.78,3.41811468254
247.349,3.41809600872
247.919,3.41809549368
248.491,3.41808998952
249.063,3.41808596474
249.638,3.41812604938
250.213,3.41810643901
250.79,3.41809014383
251.368,3.4180802479
251.947,3.41811808746
252.528,3.41810680114
253.11,3.41810261035
253.694,3.41812507639
254.279,3.41808031528
254.865,3.41810589503
255.452,3.41811538918
256.041,3.41808085653
256.631,3.41809970399
257.223,3.41811697308
257.816,3.41808911426
258.41,3.41809096436
259.006,3.41812816592
259.603,3.41810821003
260.202,3.41809743411
260.801,3.41809108798
261.403,3.41810858374
262.005,3.41810941766
262.609,3.41810643899
263.215,3.41809444159
263.821,3.418125828
264.429,3.41810210251
265.039,3.41812229098
265.65,3.41812028454
266.262,3.41811748669
266.876,3.41811936268
267.491,3.41812609599
268.108,3.41813229325
268.726,3.41811308005
269.346,3.41809718894
269.967,3.41810219743
270.589,3.41812069752
271.213,3.41812066293
271.838,3.41812299493
272.464,3.41810433874
273.093,3.4181311285
273.722,3.41811149261
274.353,3.41810287416
274.986,3.4181188269
275.619,3.41813597213
276.255,3.41811587468
276.892,3.41809123569
277.53,3.41808679453
278.17,3.41811995987
278.811,3.41811174511
279.454,3.41810223674
280.098,3.41812557267
280.744,3.41810993733
281.391,3.41814042227
282.039,3.41809106624
282.69,3.41810337641
283.341,3.41810305754
283.994,3.41811519804
284.649,3.41810084092
285.305,3.41810163967
285.963,3.41811745563
286.622,3.41810690493
287.283,3.41808869022
287.945,3.41813942579
288.609,3.4181227833
289.274,3.41810589699
289.941,3.41809762659
290.61,3.41809968054
291.279,3.4181049655
291.951,3.41809925801
292.624,3.41813935703
293.299,3.41810164646
293.975,3.41809941366
294.652,3.41811422664
295.332,3.41811346367
296.012,3.41812339187
296.695,3.41808949666
297.379,3.41810750983
298.064,3.41812298317
298.751,3.41810191156
299.44,3.41811789934
300.13,3.41812588985
300.822,3.41806533893
301.516,3.41809477581
302.211,3.41809727929
302.907,3.41808839931
303.606,3.41806901475
304.306,3.41809508665
305.007,3.41809137267
305.71,3.41807402779
306.415,3.41812513137
307.121,3.41813812289
307.829,3.41806910822
308.539,3.41810885007
309.25,3.41816122297
309.963,3.41806993147

wl,k
0.0309963,0.0104678782398
0.0310678,0.0105462398019
0.0311394,0.0106252000374
0.0312112,0.0107047635488
0.0312831,0.010784935055
0.0313552,0.0108657192861
0.0314275,0.0109471210075
0.0315,0.0110291450162
0.0315726,0.0111117961847
0.0316453,0.0111950793678
0.0317183,0.0112789995256
0.0317914,0.011363561571
0.0318647,0.0114487705258
0.0319382,0.0115346314263
0.0320118,0.0116211493205
0.0320856,0.0117083293737
0.0321595,0.0117962295023
0.0322337,0.0118847214017
0.032308,0.0119739413966
0.0323825,0.0120638208345
0.0324571,0.0121544006716
0.0325319,0.012245649662
0.0326069,0.0123376258816
0.0326821,0.0124302776544
0.0327574,0.0125236545257
0.0328329,0.0126177843864
0.0329086,0.0127125688552
0.0329845,0.0128081067746
0.0330605,0.0129043825587
0.0331367,0.0130013732776
0.0332131,0.013099101094
0.0332897,0.0131976567825
0.0333664,0.0132969544818
0.0334434,0.0133969314909
0.0335205,0.0134977004689
0.0335977,0.0135992990576
0.0336752,0.0137016148249
0.0337528,0.0138047288443
0.0338306,0.0139086732847
0.0339086,0.0140134038328
0.0339868,0.014118893649
0.0340651,0.0142252155988
0.0341436,0.0143324148552
0.0342224,0.0144403933018
0.0343012,0.0145491867865
0.0343803,0.014658715582
0.0344596,0.0147691411169
0.034539,0.0148806499062
0.0346186,0.0149925972989
0.0346984,0.0151059479021
0.0347784,0.0152200133162
0.0348586,0.0153343559672
0.034939,0.0154501751045
0.0350195,0.015567001686
0.0351002,0.01568411984
0.0351811,0.0158027028231
0.0352622,0.015921791485
0.0353435,0.0160419165553
0.035425,0.0161632761029
0.0355067,0.0162854297854
0.0355885,0.0164082256559
0.0356706,0.0165321581406
0.0357528,0.0166570873634
0.0358352,0.01678270353
0.0359178,0.0169100657902
0.0360006,0.0170374737844
0.0360836,0.017166299896
0.0361668,0.017295874117
0.0362502,0.0174270234278
0.0363337,0.0175583993677
0.0364175,0.0176913381274
0.0365014,0.017824956153
0.0365856,0.0179603840633
0.0366699,0.018095641066
0.0367544,0.0182332669955
0.0368392,0.0183706598952
0.0369241,0.0185097749185
0.0370092,0.0186499777419
0.0370945,0.018791054606
0.03718,0.0189333308116
0.0372658,0.0190764139185
0.0373517,0.0192211156986
0.0374378,0.0193666673447
0.0375241,0.0195137231072
0.0376106,0.019661139157
0.0376973,0.0198104883315
0.0377842,0.0199601924411
0.0378713,0.020111975588
0.0379586,0.0202644880446
0.0380461,0.020418075438
0.0381338,0.0205726761856
0.0382217,0.0207289435732
0.0383098,0.0208861887038
0.0383981,0.0210442996404
0.0384866,0.0212044430706
0.0385754,0.0213648725231
0.0386643,0.0215272303231
0.0387534,0.0216903303967
0.0388427,0.0218548779379
0.0389323,0.0220212395537
0.039022,0.0221880147516
0.039112,0.0223569657593
0.0392021,0.02252631635
0.0392925,0.0226979060389
0.0393831,0.0228699725645
0.0394739,0.0230437371715
0.0395649,0.023219247349
0.0396561,0.0233960446978
0.0397475,0.0235733854373
0.0398391,0.0237526830036
0.039931,0.0239332130593
0.040023,0.0241152408541
0.0401153,0.024298515501
0.0402078,0.0244829561503
0.0403004,0.024669351861
0.0403934,0.0248575796553
0.0404865,0.0250461608539
0.0405798,0.0252371339674
0.0406733,0.0254288726727
0.0407671,0.0256223789416
0.0408611,0.0258177285184
0.0409553,0.0260142297087
0.0410497,0.0262122797788
0.0411443,0.0264114463111
0.0412392,0.0266125487873
0.0413342,0.0268156687197
0.0414295,0.0270203390857
0.041525,0.0272260955054
0.0416207,0.0274331377295
0.0417167,0.0276425983916
0.0418129,0.0278531322901
0.0419092,0.0280649749292
0.0420059,0.0282791787814
0.0421027,0.0284949528169
0.0421998,0.0287125037978
0.042297,0.0289310751718
0.0423945,0.0291519331386
0.0424923,0.0293743015178
0.0425902,0.029598301627
0.0426884,0.0298239729801
0.0427868,0.0300514318777
0.0428854,0.0302810341489
0.0429843,0.0305125608354
0.0430834,0.0307451601535
0.0431827,0.0309799780427
0.0432823,0.0312164212608
0.043382,0.0314551375758
0.043482,0.0316951388905
0.0435823,0.0319375294393
0.0436827,0.0321814544586
0.0437834,0.0324270304811
0.0438844,0.032675500877
0.0439855,0.0329245267941
0.0440869,0.0331767584805
0.0441886,0.033429876894
0.0442904,0.0336858904359
0.0443925,0.0339434343948
0.0444949,0.0342026859418
0.0445974,0.0344646145123
0.0447002,0.0347279563776
0.0448033,0.0349938173575
0.0449066,0.0352616789155
0.0450101,0.0355266320597
0.0451138,0.0358030045584
0.0452178,0.0360555528561
0.0453221,0.0363497267096
0.0454266,0.0366256485789
0.0455313,0.0368948641785
0.0456362,0.0371759189108
0.0457414,0.0374753840718
0.0458469,0.0377541219702
0.0459526,0.0380576235793
0.0460585,0.0383460843188
0.0461647,0.0386176559505
0.0462711,0.0389296596095
0.0463778,0.039224999309
0.0464847,0.0395365702116
0.0465918,0.0398221497151
0.0466992,0.0401505669942
0.0468069,0.0404595946015
0.0469148,0.0407386671328
0.047023,0.0410783006687
0.0471313,0.0413827301299
0.04724,0.041718328175
0.0473489,0.0420257540874
0.047458,0.042357848236
0.0475675,0.0426982971279
0.0476771,0.0430285117439
0.047787,0.0433328701307
0.0478972,0.0436697572537
0.0480076,0.044012422397
0.0481183,0.0443496526588
0.0482292,0.0446867001851
0.0483404,0.0450310224761
0.0484518,0.0453650442573
0.0485635,0.0457379866849
0.0486754,0.0460727283217
0.0487876,0.0464360235117
0.0489001,0.0467728774542
0.0490128,0.0471551459265
0.0491258,0.0475164849449
0.0492391,0.0478839471717
0.0493526,0.0482539228232
0.0494664,0.0486103512067
0.0495804,0.0489787903445
0.0496947,0.0493500424055
0.0498092,0.0497592265585
0.0499241,0.0501410389267
0.0500391,0.050538667051
0.0501545,0.0508880973902
0.0502701,0.0513056378419
0.050386,0.0516921839676
0.0505022,0.0520680903534
0.0506186,0.0525063318276
0.0507353,0.0529054504683
0.0508522,0.0533112642467
0.0509694,0.053744494132
0.0510869,0.0541396869283
0.0512047,0.0545726135339
0.0513227,0.0549899260495
0.0514411,0.0554000079567
0.0515596,0.0558653529824
0.0516785,0.0562898949953
0.0517976,0.0567111237912
0.051917,0.0571533728266
0.0520367,0.0576051186633
0.0521567,0.0580395989531
0.0522769,0.0584901176947
0.0523974,0.0589542921886
0.0525182,0.0594255544561
0.0526393,0.0598962673792
0.0527606,0.0603388036522
0.0528822,0.0608305785714
0.0530042,0.0613153743844
0.0531263,0.06177368393
0.0532488,0.0622468173631
0.0533716,0.0627294467636
0.0534946,0.0632508113109
0.0536179,0.0637435837315
0.0537415,0.0642441821612
0.0538654,0.0647388434823
0.0539896,0.0652386695492
0.054114,0.0657782311822
0.0542388,0.0662750756374
0.0543638,0.0668009515521
0.0544891,0.0673189472149
0.0546147,0.0678343682933
0.0547406,0.0683693441724
0.0548668,0.0689227897409
0.0549933,0.0694655668524
0.0551201,0.070034413887
0.0552471,0.0705762449641
0.0553745,0.0711131315982
0.0555022,0.0716837460112
0.0556301,0.072277166878
0.0557583,0.0728664959526
0.0558869,0.0734132211256
0.0560157,0.0739965995066
0.0561448,0.0746133378681
0.0562743,0.0751921730679
0.056404,0.0757914304922
0.056534,0.0764349287483
0.0566643,0.0770068367167
0.056795,0.0776287358343
0.0569259,0.0782702731444
0.0570571,0.0788877958891
0.0571887,0.0795119476568
0.0573205,0.0801522804188
0.0574526,0.0807876394371
0.0575851,0.081488368805
0.0577178,0.0821614149603
0.0578509,0.0828603525863
0.0579842,0.0835154937049
0.0581179,0.0842068693057
0.0582519,0.0848787191905
0.0583862,0.0856074799778
0.0585207,0.086260259398
0.0586557,0.0869953252049
0.0587909,0.0877185067193
0.0589264,0.0884402970206
0.0590622,0.0891904826853
0.0591984,0.0899584712953
0.0593349,0.0907131247427
0.0594716,0.0914328381875
0.0596087,0.0922493818335
0.0597461,0.09302138899
0.0598839,0.0937756550799
0.0600219,0.0946199049311
0.0601603,0.095382785022
0.060299,0.0962118918366
0.060438,0.0970561207265
0.0605773,0.0978775398442
0.0607169,0.0987531147489
0.0608569,0.099619588762
0.0609972,0.10050808167
0.0611378,0.101384725884
0.0612787,0.102272806963
0.06142,0.10319500482
0.0615616,0.104086348772
0.0617035,0.105046470686
0.0618458,0.106000841822
0.0619883,0.106971608489
0.0621312,0.107940585013
0.0622744,0.109043131962
0.062418,0.110018299242
0.0625619,0.111118906187
0.0627061,0.112205143235
0.0628507,0.113375837549
0.0629956,0.114464058141
0.0631408,0.115718143485
0.0632863,0.116893192045
0.0634322,0.118093651647
0.0635784,0.119477038299
0.063725,0.120852186558
0.0638719,0.12226092635
0.0640191,0.123735678453
0.0641667,0.125258936867
0.0643146,0.126869875828
0.0644629,0.128514346005
0.0646115,0.130268310517
0.0647605,0.132131140859
0.0649097,0.134085140123
0.0650594,0.136094226869
0.0652094,0.138300070589
0.0653597,0.140440559108
0.0655103,0.142746023005
0.0656614,0.145114748671
0.0658127,0.147604424206
0.0659644,0.15019907316
0.0661165,0.152888502655
0.0662689,0.155594830431
0.0664217,0.158379412716
0.0665748,0.161379402631
0.0667283,0.164315601735
0.0668821,0.167225152452
0.0670363,0.170322524426
0.0671908,0.173330244992
0.0673457,0.176472253824
0.0675009,0.179531523848
0.0676566,0.182685058418
0.0678125,0.185847139318
0.0679688,0.188900913797
0.0681255,0.191944710289
0.0682826,0.194825416557
0.06844,0.19790610658
0.0685978,0.200796477523
0.0687559,0.203663942638
0.0689144,0.206695232202
0.0690732,0.209401135259
0.0692325,0.212212510208
0.0693921,0.214826555862
0.069552,0.217416088452
0.0697124,0.220228834671
0.0698731,0.222697522418
0.0700342,0.225351165071
0.0701956,0.227871461075
0.0703574,0.230404237257
0.0705196,0.232924357454
0.0706822,0.235273264584
0.0708451,0.237822159652
0.0710084,0.24031649562
0.0711721,0.242760512043
0.0713362,0.245380821488
0.0715006,0.247896759909
0.0716655,0.250394352344
0.0718307,0.253005862264
0.0719963,0.255636346092
0.0721622,0.258351915546
0.0723286,0.260928383277
0.0724953,0.263802219332
0.0726624,0.266494260784
0.0728299,0.269409352585
0.0729978,0.272407021803
0.0731661,0.275225948245
0.0733348,0.278285585223
0.0735038,0.281316487597
0.0736733,0.284430579445
0.0738431,0.287723690955
0.0740133,0.290959276927
0.0741839,0.294295467384
0.0743549,0.297787141787
0.0745264,0.301092241883
0.0746982,0.304875151492
0.0748704,0.308400772504
0.0750429,0.312007896147
0.0752159,0.315780932705
0.0753893,0.319736642776
0.0755631,0.323506092099
0.0757373,0.327531222299
0.0759119,0.331563571438
0.0760869,0.335583343319
0.0762623,0.339897094192
0.0764381,0.343973681366
0.0766143,0.34827873583
0.0767909,0.352746256858
0.0769679,0.357105011251
0.0771454,0.361525108111
0.0773232,0.366172791835
0.0775015,0.370747156893
0.0776801,0.375509291314
0.0778592,0.380243111456
0.0780387,0.385015652355
0.0782186,0.39000248153
0.0783989,0.395015683316
0.0785796,0.399854418595
0.0787608,0.405144836148
0.0789423,0.410108189829
0.0791243,0.415163657158
0.0793067,0.420467901309
0.0794895,0.425792569643
0.0796728,0.430973185653
0.0798564,0.436498749006
0.0800405,0.441750579597
0.080225,0.447214000766
0.08041,0.452829185699
0.0805953,0.458148053259
0.0807811,0.463656125846
0.0809673,0.469225936988
0.081154,0.474687915128
0.0813411,0.480394389159
0.0815286,0.485873949378
0.0817165,0.491292034697
0.0819049,0.497004592811
0.0820937,0.502585565543
0.082283,0.508176205889
0.0824726,0.513796558349
0.0826628,0.519268994643
0.0828533,0.524901968931
0.0830443,0.53034255304
0.0832357,0.535718308694
0.0834276,0.541248457286
0.0836199,0.546802952769
0.0838127,0.552187516153
0.0840059,0.55760688441
0.0841996,0.563057059262
0.0843937,0.568556484518
0.0845882,0.573742074191
0.0847832,0.579075935363
0.0849787,0.584444292869
0.0851746,0.589692572629
0.0853709,0.5948933574
0.0855677,0.600060709411
0.085765,0.605224461555
0.0859627,0.610363546927
0.0861608,0.615455164608
0.0863595,0.620520539432
0.0865585,0.625423339638
0.0867581,0.630452095259
0.0869581,0.635422482237
0.0871585,0.640334959275
0.0873594,0.645216711259
0.0875608,0.650172723681
0.0877627,0.655057600735
0.087965,0.659902208604
0.0881678,0.66469558667
0.088371,0.669686065203
0.0885747,0.674479309292
0.0887789,0.679565175057
0.0889836,0.68444802687
0.0891887,0.689441809509
0.0893943,0.694522459593
0.0896004,0.699630602356
0.0898069,0.704693041955
0.090014,0.709856518117
0.0902215,0.715091369725
0.0904294,0.720484391925
0.0906379,0.725750937285
0.0908469,0.731113125253
0.0910563,0.736616457764
0.0912662,0.742093856495
0.0914766,0.74761516058
0.0916874,0.75322695516
0.0918988,0.758810104826
0.0921107,0.764560084913
0.092323,0.770271900038
0.0925358,0.775953543611
0.0927491,0.781769397162
0.0929629,0.787483366287
0.0931772,0.793305080919
0.093392,0.799078079085
0.0936073,0.804923388
0.0938231,0.810806102338
0.0940394,0.816571517581
0.0942562,0.822422618613
0.0944735,0.828267024095
0.0946913,0.834152836994
0.0949095,0.839907451766
0.0951283,0.845747248243
0.0953476,0.85151019713
0.0955674,0.857348619953
0.0957877,0.863083347245
0.0960085,0.868770484596
0.0962299,0.874519375404
0.0964517,0.880267221962
0.096674,0.885959824433
0.0968969,0.891622957729
0.0971203,0.897177170707
0.0973442,0.902898893368
0.0975686,0.908460085887
0.0977935,0.914027336716
0.0980189,0.919670750768
0.0982449,0.925246736913
0.0984713,0.930786350229
0.0986983,0.936368711335
0.0989259,0.941839008945
0.0991539,0.947440038349
0.0993825,0.952899467713
0.0996116,0.958437011061
0.0998412,0.963891342153
0.100071,0.969363773607
0.100302,0.974885703344
0.100533,0.980349644645
0.100765,0.98581493317
0.100997,0.991293176836
0.10123,0.996754547471
0.101464,1.00222516345
0.101697,1.0077103697
0.101932,1.01312575898
0.102167,1.0186268609
0.102402,1.02404109461
0.102638,1.02954954476
0.102875,1.03499639941
0.103112,1.04049951271
0.10335,1.04598252115
0.103588,1.05147165172
0.103827,1.05696395732
0.104066,1.06244302436
0.104306,1.06802637856
0.104547,1.07349917365
0.104788,1.07904809261
0.105029,1.08456084241
0.105271,1.09009825257
0.105514,1.09566090559
0.105757,1.10121160752
0.106001,1.1068051709
0.106245,1.11239390111
0.10649,1.11802877545
0.106736,1.12362251469
0.106982,1.12926417852
0.107228,1.13488622044
0.107476,1.14057451719
0.107723,1.14621430896
0.107972,1.15192947896
0.108221,1.15761387041
0.10847,1.1633315229
0.10872,1.16906155767
0.108971,1.17482179226
0.109222,1.18059311856
0.109474,1.1863972283
0.109726,1.19218311564
0.109979,1.19802470709
0.110233,1.20390278989
0.110487,1.20978298816
0.110741,1.21563903894
0.110997,1.2215617888
0.111253,1.22749844507
0.111509,1.23344107908
0.111766,1.23941264801
0.112024,1.24541115744
0.112282,1.25143507607
0.112541,1.25743137373
0.1128,1.2634771986
0.11306,1.26951166742
0.113321,1.27552957724
0.113582,1.28156830213
0.113844,1.28760594318
0.114106,1.29355884143
0.114369,1.29956439038
0.114633,1.30552569504
0.114897,1.31145932316
0.115162,1.31731311652
0.115428,1.3230962552
0.115694,1.32881864607
0.11596,1.33441572641
0.116228,1.33997550093
0.116496,1.34537294971
0.116764,1.35064370376
0.117033,1.35580171895
0.117303,1.36078744251
0.117574,1.36562146059
0.117845,1.37026827082
0.118116,1.37474085291
0.118389,1.37900831675
0.118662,1.38307502531
0.118935,1.38698551308
0.119209,1.3906741213
0.119484,1.39417148061
0.119759,1.39749067632
0.120036,1.40066941711
0.120312,1.40367323757
0.12059,1.4065630526
0.120868,1.40934962613
0.121146,1.41204198722
0.121425,1.4147053546
0.121705,1.41730842954
0.121986,1.41991989492
0.122267,1.42252988906
0.122549,1.42520063762
0.122832,1.42792189784
0.123115,1.43069836105
0.123398,1.43356818023
0.123683,1.43651103806
0.123968,1.43955278042
0.124254,1.44270905047
0.12454,1.44596539168
0.124827,1.44934378298
0.125115,1.45280609165
0.125404,1.45640295812
0.125693,1.46012444815
0.125982,1.46393839873
0.126273,1.46789610143
0.126564,1.47194397796
0.126856,1.47612109303
0.127148,1.48039179749
0.127441,1.48477261365
0.127735,1.48923890442
0.128029,1.49377956233
0.128325,1.49841612062
0.12862,1.50311205041
0.128917,1.50786867736
0.129214,1.51265650792
0.129512,1.51750818527
0.129811,1.522377251
0.13011,1.52730524059
0.13041,1.53221026177
0.13071,1.53715979724
0.131012,1.54211347137
0.131314,1.5470575556
0.131616,1.55203072306
0.13192,1.55697283155
0.132224,1.56193724549
0.132529,1.56687080809
0.132834,1.57182209363
0.13314,1.57676119596
0.133447,1.58168188466
0.133755,1.58661599088
0.134063,1.59154574692
0.134372,1.5964501017
0.134682,1.60133792663
0.134993,1.60624656373
0.135304,1.6111309693
0.135616,1.61601018067
0.135928,1.62088000855
0.136242,1.62573767741
0.136556,1.63058868772
0.136871,1.63544031011
0.137186,1.640262918
0.137502,1.64507181196
0.137819,1.64986757478
0.138137,1.65465022101
0.138455,1.65941463765
0.138775,1.66414241776
0.139094,1.66885367312
0.139415,1.67354560903
0.139737,1.67820973148
0.140059,1.68285467873
0.140382,1.68745609758
0.140705,1.69205263556
0.141029,1.69662602483
0.141355,1.70117191987
0.14168,1.70571899182
0.142007,1.71025777149
0.142334,1.71477706971
0.142663,1.71933056269
0.142991,1.72388180669
0.143321,1.72847053014
0.143651,1.73308089132
0.143983,1.73773988158
0.144314,1.74245123759
0.144647,1.74723054556
0.144981,1.75209297632
0.145315,1.75702711411
0.14565,1.76205166094
0.145986,1.76715693793
0.146322,1.77234915573
0.146659,1.77764660704
0.146997,1.78304408249
0.147336,1.78853427422
0.147676,1.79408363672
0.148016,1.7997392696
0.148358,1.80544251257
0.1487,1.8112203843
0.149042,1.81704943212
0.149386,1.82289108671
0.14973,1.82878783325
0.150076,1.83468011961
0.150421,1.84057221991
0.150768,1.84646557212
0.151116,1.85231091219
0.151464,1.85812960082
0.151813,1.86391385498
0.152163,1.86962172587
0.152514,1.87526412517
0.152866,1.88084012705
0.153218,1.8863248506
0.153571,1.89171990064
0.153925,1.89702145099
0.15428,1.90222770452
0.154636,1.90733112813
0.154992,1.91234278897
0.15535,1.91726625501
0.155708,1.92209508794
0.156067,1.92684270649
0.156426,1.93151874724
0.156787,1.93613110232
0.157148,1.94069053316
0.157511,1.94521978941
0.157874,1.94972713916
0.158238,1.95423020187
0.158602,1.95874066749
0.158968,1.9632975482
0.159335,1.9679014631
0.159702,1.97258327952
0.16007,1.97735847351
0.160439,1.98224853036
0.160809,1.98726648505
0.16118,1.99241115796
0.161551,1.99772946095
0.161923,2.00322024085
0.162297,2.00888571329
0.162671,2.01475033755
0.163046,2.02079692557
0.163422,2.02704602328
0.163798,2.03348809741
0.164176,2.0401287397
0.164555,2.04696857991
0.164934,2.05398469494
0.165314,2.06119069632
0.165695,2.06857627103
0.166077,2.076140294
0.16646,2.0838665104
0.166844,2.09174416965
0.167228,2.09978635557
0.167614,2.10796724986
0.168,2.11629585878
0.168388,2.12475972602
0.168776,2.13335145558
0.169165,2.14206673201
0.169555,2.15089714644
0.169946,2.15983010653
0.170337,2.16886196082
0.17073,2.17798069082
0.171124,2.18717107791
0.171518,2.19641615728
0.171913,2.20571703744
0.17231,2.21503089873
0.172707,2.22436081045
0.173105,2.23366906466
0.173504,2.24296056541
0.173904,2.25220126722
0.174305,2.26138173409
0.174707,2.27048196636
0.17511,2.27950035272
0.175513,2.28841058756
0.175918,2.29722536818
0.176323,2.30593347
0.17673,2.31455189144
0.177137,2.32306658508
0.177546,2.33149599264
0.177955,2.33987564326
0.178365,2.34820003861
0.178776,2.35651520074
0.179188,2.3648446664
0.179601,2.37323000145
0.180015,2.38170872667
0.18043,2.39032428797
0.180846,2.39909480426
0.181263,2.40802861829
0.181681,2.41710819374
0.1821,2.42628374514
0.18252,2.43547071134
0.182941,2.44458744837
0.183362,2.45354094468
0.183785,2.46227970462
0.184209,2.47077695238
0.184633,2.47903926773
0.185059,2.48710570394
0.185485,2.49502675253
0.185913,2.50286530945
0.186342,2.51065938957
0.186771,2.51844516766
0.187202,2.52624194412
0.187633,2.53406037504
0.188066,2.54189387099
0.188499,2.5497613982
0.188934,2.5576491752
0.189369,2.56554724358
0.189806,2.5734756805
0.190244,2.58142068258
0.190682,2.58938172379
0.191122,2.59736098686
0.191562,2.60535738773
0.192004,2.61337534782
0.192446,2.6214115362
0.19289,2.62947394916
0.193335,2.63755407663
0.19378,2.64565004644
0.194227,2.65377519227
0.194675,2.66192595384
0.195124,2.67009436181
0.195573,2.67828992036
0.196024,2.68650973184
0.196476,2.6947608427
0.196929,2.70303434958
0.197383,2.71133761222
0.197838,2.71966887774
0.198294,2.72802444956
0.198751,2.73641597786
0.199209,2.74483183025
0.199669,2.75327718647
0.200129,2.76175293265
0.20059,2.77026297676
0.201053,2.77880592293
0.201516,2.78737965442
0.201981,2.7959852255
0.202446,2.80462642634
0.202913,2.81330133443
0.203381,2.82201009049
0.20385,2.83075537461
0.20432,2.83953745603
0.204791,2.84835490119
0.205263,2.85721017108
0.205736,2.86610049453
0.20621,2.87503373228
0.206685,2.8840045792
0.207162,2.89301726287
0.207639,2.90207494123
0.208118,2.91117219777
0.208598,2.92031558889
0.209079,2.92950304729
0.209561,2.93873948136
0.210044,2.94802299086
0.210528,2.95735751061
0.211013,2.96674672437
0.2115,2.97618988706
0.211987,2.98569514744
0.212476,2.99526343412
0.212966,3.00489378711
0.213457,3.0145994745
0.213949,3.02437956815
0.214442,3.03424206871
0.214936,3.04419020502
0.215432,3.05423685023
0.215928,3.06437922881
0.216426,3.07463780548
0.216925,3.08500799952
0.217425,3.09550273543
0.217926,3.10612726839
0.218429,3.1168806019
0.218932,3.12777143667
0.219437,3.13879376841
0.219943,3.14993856084
0.22045,3.16120359513
0.220958,3.17256269423
0.221467,3.18399456962
0.221978,3.19546377646
0.22249,3.2069313018
0.223003,3.21834416608
0.223517,3.22964686788
0.224032,3.24076592288
0.224548,3.25162546316
0.225066,3.26214686405
0.225585,3.27224326795
0.226105,3.28182223667
0.226626,3.29080504898
0.227149,3.29910454264
0.227672,3.30665019426
0.228197,3.31337256025
0.228723,3.31922600719
0.22925,3.32418158377
0.229779,3.32822123261
0.230308,3.33136394992
0.230839,3.33363283773
0.231372,3.33509164227
0.231905,3.33581966553
0.232439,3.33591227503
0.232975,3.33549938389
0.233512,3.33471251108
0.234051,3.33371052727
0.23459,3.33264550635
0.235131,3.33169204412
0.235673,3.33101512939
0.236216,3.33077304963
0.236761,3.33112138109
0.237307,3.33219846005
0.237854,3.33412906031
0.238402,3.33701228094
0.238952,3.34093002796
0.239502,3.345940652
0.240055,3.35207996123
0.240608,3.35935909157
0.241163,3.36777107808
0.241718,3.37729016797
0.242276,3.38787194738
0.242834,3.3994668365
0.243394,3.41200394695
0.243955,3.42542084859
0.244517,3.43964504481
0.245081,3.45460278457
0.245646,3.47022569613
0.246212,3.48644753452
0.24678,3.50321225511
0.247349,3.52046648647
0.247919,3.53817277329
0.248491,3.55629151071
0.249063,3.5748008855
0.249638,3.59368633694
0.250213,3.61293526546
0.25079,3.63255084863
0.251368,3.65254393979
0.251947,3.6729284439
0.252528,3.69373073983
0.25311,3.714977128
0.253694,3.73670441707
0.254279,3.75895649326
0.254865,3.78177755372
0.255452,3.80522252606
0.256041,3.8293442462
0.256631,3.85420237726
0.257223,3.87985930074
0.257816,3.90638020925
0.25841,3.93382455824
0.259006,3.96226111074
0.259603,3.99174534897
0.260202,4.0223367867
0.260801,4.05408570112
0.261403,4.08703153916
0.262005,4.12120671753
0.262609,4.15662829378
0.263215,4.19329638772
0.263821,4.23119683619
0.264429,4.27028524786
0.265039,4.31050900939
0.26565,4.35178280323
0.266262,4.3939972933
0.266876,4.43702498002
0.267491,4.48070851001
0.268108,4.52487403918
0.268726,4.56932490527
0.269346,4.61384405178
0.269967,4.65820829384
0.270589,4.70217778004
0.271213,4.7455103721
0.271838,4.78796205032
0.272464,4.82929637745
0.273093,4.86929078738
0.273722,4.90774227529
0.274353,4.94447545335
0.274986,4.97935813295
0.275619,5.01230593294
0.276255,5.04329251012
0.276892,5.0723667689
0.27753,5.09964203878
0.27817,5.12531657086
0.278811,5.14964397266
0.279454,5.17292784376
0.280098,5.19547437939
0.280744,5.2175468379
0.281391,5.23929898791
0.282039,5.26071097933
0.28269,5.28152637063
0.283341,5.30120240443
0.283994,5.31890128454
0.284649,5.33351276998
0.285305,5.34372735729
0.285963,5.34813824501
0.286622,5.34537428818
0.287283,5.33423986255
0.287945,5.313833203
0.288609,5.28364891079
0.289274,5.24362804576
0.289941,5.19416735871
0.29061,5.13608359112
0.291279,5.07053758734
0.291951,4.9989385331
0.292624,4.92282749736
0.293299,4.84377130103
0.293975,4.76325898604
0.294652,4.68262901358
0.295332,4.60301316529
0.296012,4.52531289953
0.296695,4.45019686217
0.297379,4.37812119667
0.298064,4.30935519889
0.298751,4.24402047267
0.29944,4.18212495035
0.30013,4.12360103907
0.300822,4.06832587904
0.301516,4.01615094594
0.302211,3.96691061104
0.302907,3.92043679378
0.303606,3.87656035035
0.304306,3.83511772652
0.305007,3.79595236146
0.30571,3.75891360953
0.306415,3.72385596929
0.307121,3.69064125683
0.307829,3.65913833999
0.308539,3.62921974567
0.30925,3.60076581776
0.309963,3.57366257896
0.310678,3.54780219213
0.311394,3.52308109862
0.312112,3.49940514413
0.312831,3.47668458445
0.313552,3.45483587581
0.314275,3.4337835481
0.315,3.41345607167
0.315726,3.39378998612
0.316453,3.37472785636
0.317183,3.35621679871
0.317914,3.33821145844
0.318647,3.32067106775
0.319382,3.3035608409
0.320118,3.28684915581
0.320856,3.27051176651
0.321595,3.2545266627
0.322337,3.23887600405
0.32308,3.22354762651
0.323825,3.20853017144
0.324571,3.19381734607
0.325319,3.17940541154
0.326069,3.16529178436
0.326821,3.15147821694
0.327574,3.13796698513
0.328329,3.12476380948
0.329086,3.11187540955
0.329845,3.09931017271
0.330605,3.08707947545
0.331367,3.07519447754
0.332131,3.06366874349
0.332897,3.05251754209
0.333664,3.04175617252
0.334434,3.03140271282
0.335205,3.02147464945
0.335977,3.01199068121
0.336752,3.00297071448
0.337528,2.9944330231
0.338306,2.9863972415
0.339086,2.97888178041
0.339868,2.97190464447
0.340651,2.96548345085
0.341436,2.95963454814
0.342224,2.95437572833
0.343012,2.949724193
0.343803,2.9457001367
0.344596,2.9423267938
0.34539,2.93963187857
0.346186,2.93764955029
0.346984,2.93642017765
0.347784,2.93599017188
0.348586,2.9364077345
0.34939,2.93771847466
0.350195,2.93995340595
0.351002,2.94311550886
0.351811,2.94716038045
0.352622,2.95197482073
0.353435,2.95735235232
0.35425,2.96296886192
0.355067,2.96836292902
0.355885,2.97292309872
0.356706,2.9758867849
0.357528,2.97634965778
0.358352,2.97328945649
0.359178,2.96560146592
0.360006,2.95214644994
0.360836,2.93180161323
0.361668,2.90351785727
0.362502,2.86637436373
0.363337,2.81963237483
0.364175,2.76278141565
0.365014,2.69558074258
0.365856,2.61809121231
0.366699,2.53069540785
0.367544,2.43410758712
0.368392,2.32936557805
0.369241,2.21780557418
0.370092,2.10101969662
0.370945,1.98079448829
0.3718,1.8590331726
0.372658,1.73766898841
0.373517,1.61857119598
0.374378,1.5034546955
0.375241,1.39379938065
0.376106,1.29078750257
0.376973,1.19526216383
0.377842,1.10771332017
0.378713,1.0282900394
0.379586,0.956835594827
0.380461,0.892941975643
0.381338,0.836015457326
0.382217,0.785346426242
0.383098,0.740174451135
0.383981,0.699744805797
0.384866,0.663351523373
0.385754,0.630365318097
0.386643,0.600248191744
0.387534,0.57255649556
0.388427,0.54693541754
0.389323,0.523107785767
0.39022,0.500860848358
0.39112,0.480032135067
0.392021,0.460497004059
0.392925,0.442157443857
0.393831,0.424933339483
0.394739,0.408756489038
0.395649,0.393565532692
0.396561,0.37930290453
0.397475,0.365913421173
0.398391,0.353342953286
0.39931,0.341538405701
0.40023,0.33044742471
0.401153,0.320018791774
0.402078,0.310202755309
0.403004,0.300951336439
0.403934,0.29221866631
0.404865,0.283961333342
0.405798,0.276138540237
0.406733,0.268712232838
0.407671,0.261647187591
0.408611,0.25491119006
0.409553,0.24847460782
0.410497,0.242310918109
0.411443,0.236395949034
0.412392,0.230708322186
0.413342,0.225228793151
0.414295,0.219940469326
0.41525,0.214828385965
0.416207,0.209879453165
0.417167,0.205082245207
0.418129,0.200426826145
0.419092,0.19590452858
0.420059,0.191507859434
0.421027,0.18723041126
0.421998,0.1830665484
0.42297,0.179011470127
0.423945,0.175061002592
0.424923,0.171211501044
0.425902,0.167459791548
0.426884,0.163803077585
0.427868,0.160238902778
0.428854,0.156765072587
0.429843,0.153379546207
0.430834,0.150080535611
0.431827,0.146866260412
0.432823,0.14373519634
0.43382,0.140685737553
0.43482,0.137716436784
0.435823,0.13482586748
0.436827,0.132012572696
0.437834,0.129275190681
0.438844,0.126612330051
0.439855,0.124022574483
0.440869,0.121504551067
0.441886,0.119056829295
0.442904,0.1166780106
0.443925,0.114366680437
0.444949,0.112121380252
0.445974,0.10994069142
0.447002,0.107823152616
0.448033,0.105767290907
0.449066,0.103771658755
0.450101,0.101834778537
0.451138,0.09995515761
0.452178,0.0981313348295
0.453221,0.0963618167241
0.454266,0.0946451485104
0.455313,0.0929798497211
0.456362,0.0913644403036
0.457414,0.0897974977039
0.458469,0.0882775375711
0.459526,0.086803133971
0.460585,0.0853728620463
0.461647,0.0839853255734
0.462711,0.0826391102171
0.463778,0.0813328618837
0.464847,0.0800652058836
0.465918,0.0788347942328
0.466992,0.0776403372624
0.468069,0.0764805175386
0.469148,0.0753540832097
0.47023,0.0742597636574
0.471313,0.0731963614902
0.4724,0.0721626717049
0.473489,0.0711575252951
0.47458,0.0701797896956
0.475675,0.0692283311221
0.476771,0.0683020889827
0.47787,0.0673999893051
0.478972,0.0665210115032
0.480076,0.0656641631214
0.481183,0.0648284704288
0.482292,0.0640130156271
0.483404,0.0632168631676
0.484518,0.0624391523601
0.485635,0.0616790343174
0.486754,0.0609357089757
0.487876,0.0602083660436
0.489001,0.0594962553676
0.490128,0.0587986609516
0.491258,0.0581148725042
0.492391,0.0574442436617
0.493526,0.0567861088815
0.494664,0.0561398660019
0.495804,0.0555049295229
0.496947,0.054880754447
0.498092,0.0542667975895
0.499241,0.0536625614051
0.500391,0.0530675774223
0.501545,0.0524813800529
0.502701,0.0519035520409
0.50386,0.0513336846904
0.505022,0.0507713855348
0.506186,0.0502163132845
0.507353,0.0496681243262
0.508522,0.0491264952755
0.509694,0.048591158595
0.510869,0.048061798242
0.512047,0.0475381869389
0.513227,0.0470200768182
0.514411,0.0465072407814
0.515596,0.04599947849
0.516785,0.0454966010245
0.517976,0.0449984451455
0.51917,0.0445048289996
0.520367,0.0440156250898
0.521567,0.0435306949876
0.522769,0.0430499080217
0.523974,0.042573176373
0.525182,0.0421003809524
0.526393,0.0416314489755
0.527606,0.0411663022902
0.528822,0.0407048601064
0.530042,0.0402470696707
0.531263,0.039792874065
0.532488,0.0393422419043
0.533716,0.0388951234391
0.534946,0.0384514784967
0.536179,0.0380112925702
0.537415,0.0375745425434
0.538654,0.0371412081005
0.539896,0.0367112793545
0.54114,0.0362847485449
0.542388,0.0358616075018
0.543638,0.0354418609078
0.544891,0.0350255046388
0.546147,0.0346125416056
0.547406,0.0342029801079
0.548668,0.0337968257746
0.549933,0.0333940907108
0.551201,0.0329947785887
0.552471,0.0325989062308
0.553745,0.0322064828498
0.555022,0.0318175246469
0.556301,0.0314320349091
0.557583,0.0310500321227
0.558869,0.0306715318383
0.560157,0.0302965390159
0.561448,0.0299250776924
0.562743,0.0295571531171
0.56404,0.0291927737302
0.56534,0.028831948693
0.566643,0.0284746985344
0.56795,0.0281210205687
0.569259,0.0277709287257
0.570571,0.0274244348321
0.571887,0.0270815346216
0.573205,0.0267422392256
0.574526,0.0264065566656
0.575851,0.0260744814615
0.577178,0.0257460185064
0.578509,0.0254211728656
0.579842,0.0250999339036
0.581179,0.0247823079905
0.582519,0.0244682917684
0.583862,0.0241578762016
0.585207,0.0238510666549
0.586557,0.0235478428075
0.587909,0.0232482072686
0.589264,0.0229521470782
0.590622,0.0226596547134
0.591984,0.0223707148591
0.593349,0.0220853193809
0.594716,0.0218034567161
0.596087,0.0215251089211
0.597461,0.0212502663457
0.598839,0.0209789084668
0.600219,0.0207110170304
0.601603,0.0204465855307
0.60299,0.0201855817253
0.60438,0.0199279967465
0.605773,0.0196738053081
0.607169,0.019422988082
0.608569,0.0191755244894
0.609972,0.0189313931429
0.611378,0.0186905730282
0.612787,0.0184530388806
0.6142,0.0182187659705
0.615616,0.0179877326651
0.617035,0.0177599138063
0.618458,0.0175352862492
0.619883,0.0173138202815
0.621312,0.0170954948949
0.622744,0.0168802812759
0.62418,0.0166681518641
0.625619,0.0164590851216
0.627061,0.0162530483741
0.628507,0.0160500213179
0.629956,0.0158499715449
0.631408,0.0156528720626
0.632863,0.0154586947497
0.634322,0.0152674173767
0.635784,0.0150790068411
0.63725,0.0148934357507
0.638719,0.0147106768582
0.640191,0.0145307028149
0.641667,0.014353487478
0.643146,0.0141789988412
0.644629,0.0140072120988
0.646115,0.013838096869
0.647605,0.0136716293821
0.649097,0.0135077766579
0.650594,0.0133465126125
0.652094,0.0131878126119
0.653597,0.0130316458805
0.655103,0.0128779874927
0.656614,0.012726808049
0.658127,0.0125780791959
0.659644,0.0124317762577
0.661165,0.0122878732023
0.662689,0.012146340303
0.664217,0.0120071528453
0.665748,0.0118702822765
0.667283,0.0117357069444
0.668821,0.0116033964017
0.670363,0.0114733256141
0.671908,0.0113454667792
0.673457,0.0112197992188
0.675009,0.0110962926115
0.676566,0.0109749244557
0.678125,0.0108556669511
0.679688,0.0107384981339
0.681255,0.0106233893842
0.682826,0.010510318185
0.6844,0.0103992594735
0.685978,0.0102901870043
0.687559,0.0101830788149
0.689144,0.0100779080344
0.690732,0.00997465151707
0.692325,0.00987328608878
0.693921,0.00977378557094
0.69552,0.00967612518355
0.697124,0.00958028341906
0.698731,0.00948623370621
0.700342,0.00939395366837
0.701956,0.0093034177917
0.703574,0.0092146030636
0.705196,0.00912748236581
0.706822,0.00904203520075
0.708451,0.00895823408819
0.710084,0.00887605485348
0.711721,0.00879547388941
0.713362,0.00871646523283
0.715006,0.00863900441323
0.716655,0.00856306417788
0.718307,0.00848861978702
0.719963,0.00841564631041
0.721622,0.00834411447852
0.723286,0.00827400084209
0.724953,0.00820527529513
0.726624,0.0081379121181
0.728299,0.00807188120267
0.729978,0.00800715633794
0.731661,0.00794370525133
0.733348,0.0078814993648
0.735038,0.00782050974382
0.736733,0.00776070173046
0.738431,0.00770204625663
0.740133,0.0076445098424
0.741839,0.00758805805877
0.743549,0.00753265745731
0.745264,0.00747827065586
0.746982,0.00742486356111
0.748704,0.00737239867985
0.750429,0.00732083559847
0.752159,0.00727013877223
0.753893,0.00722026368106
0.755631,0.00717117147615
0.757373,0.00712281851855
0.759119,0.00707516066678
0.760869,0.00702815340881
0.762623,0.00698174997079
0.764381,0.00693590313974
0.766143,0.00689056518414
0.767909,0.00684568525882
0.769679,0.0068012132777
0.771454,0.00675709600104
0.773232,0.00671328095096
0.775015,0.00666971512864
0.776801,0.00662634023043
0.778592,0.00658310186965
0.780387,0.00653994327293
0.782186,0.00649680540658
0.783989,0.00645363176278
0.785796,0.00641036158055
0.787608,0.00636693708834
0.789423,0.00632329762904
0.791243,0.0062793838546
0.793067,0.00623513625895
0.794895,0.00619049646048
0.796728,0.00614540515908
0.798564,0.00609980468257
0.800405,0.00605363810225
0.80225,0.00600685094403
0.8041,0.00595939029833
0.805953,0.00591120127559
0.807811,0.00586223623756
0.809673,0.00581244723037
0.81154,0.00576178900295
0.813411,0.00571022060235
0.815286,0.00565770357973
0.817165,0.0056042018687
0.819049,0.00554968541795
0.820937,0.0054941270257
0.82283,0.00543750437063
0.824726,0.00537979915539
0.826628,0.00532099627769
0.828533,0.00526109012385
0.830443,0.00520007525863
0.832357,0.00513795457293
0.834276,0.00507473369945
0.836199,0.00501042490826
0.838127,0.00494504666962
0.840059,0.00487862051892
0.841996,0.00481117502777
0.843937,0.00474274189184
0.845882,0.00467335901301
0.847832,0.0046030689851
0.849787,0.00453191756728
0.851746,0.00445995564295
0.853709,0.00438723830358
0.855677,0.00431382238142
0.85765,0.00423976992301
0.859627,0.00416514444396
0.861608,0.00409001220312
0.863595,0.00401444066958
0.865585,0.00393850163337
0.867581,0.00386226492005
0.869581,0.00378580272303
0.871585,0.00370918742843
0.873594,0.00363249134662
0.875608,0.00355578735917
0.877627,0.00347914542848
0.87965,0.00340263739878
0.881678,0.00332633215502
0.88371,0.0032502968418
0.885747,0.00317459786712
0.887789,0.00309929837715
0.889836,0.00302446083743
0.891887,0.00295014371925
0.893943,0.00287640413591
0.896004,0.00280329549437
0.898069,0.00273086993901
0.90014,0.00265917491895
0.902215,0.00258825640826
0.904294,0.00251815741147
0.906379,0.00244891751116
0.908469,0.00238057315146
0.910563,0.00231315929087
0.912662,0.0022467064623
0.914766,0.00218124326272
0.916874,0.00211679640772
0.918988,0.00205338789694
0.921107,0.00199103937472
0.92323,0.00192976845792
0.925358,0.00186959170232
0.927491,0.00181052223818
0.929629,0.00175257157569
0.931772,0.00169574972775
0.93392,0.00164006344965
0.936073,0.00158551881854
0.938231,0.0015321194051
0.940394,0.0014798673048
0.942562,0.00142876317852
0.944735,0.00137880637219
0.946913,0.0013299939294
0.949095,0.0012823226152
0.951283,0.00123578728509
0.953476,0.00119038206027
0.955674,0.00114609964868
0.957877,0.00110293206014
0.960085,0.00106087023033
0.962299,0.00101990418564
0.964517,0.000980023212178
0.96674,0.000941216023959
0.968969,0.000903470391965
0.971203,0.000866773812727
0.973442,0.000831112894966
0.975686,0.00079647422494
0.977935,0.00076284349511
0.980189,0.000730206209119
0.982449,0.000698547605545
0.984713,0.000667852593098
0.986983,0.000638105828228
0.989259,0.00060929181083
0.991539,0.000581394764092
0.993825,0.000554398963966
0.996116,0.000528288426647
0.998412,0.000503047259488
1.00071,0.000478659432659
1.00302,0.000455109027492
1.00533,0.000432380106959
1.00765,0.00041045679381
1.00997,0.000389323235279
1.0123,0.000368963841502
1.01464,0.000349363017466
1.01697,0.000330505352653
1.01932,0.000312375538081
1.02167,0.000294958559055
1.02402,0.00027823946683
1.02638,0.000262203596479
1.02875,0.000246836399272
1.03112,0.000232123669128
1.0335,0.000218051355223
1.03588,0.000204605626505
1.03827,0.000191772966615
1.04066,0.000179540039294
1.04306,0.000167893785566
1.04547,0.000156821408694
1.04788,0.000146310333185
1.05029,0.000136348285703
1.05271,0.000126923244384
1.05514,0.00011802343157
1.05757,0.000109637348083
1.06001,0.000101753740356
1.06245,9.4361615041e-05
1.0649,8.74502523891e-05
1.06736,8.10091785143e-05
1.06982,7.50281524686e-05
1.07228,6.94972232054e-05
1.07476,6.44066499221e-05
1.07723,5.97469622104e-05
1.07972,5.55089094363e-05
1.08221,5.16834846743e-05
1.0847,4.82408050377e-05
1.0872,4.51316112301e-05
1.08971,4.23477757058e-05
1.09222,3.98560869648e-05
1.09474,3.7490215612e-05
1.09726,3.52203201986e-05
1.09979,3.3044304071e-05
1.10233,3.09600881223e-05
1.10487,2.89656515485e-05
1.10741,2.70590125791e-05
1.10997,2.52382338355e-05
1.11253,2.35014209141e-05
1.11509,2.18467283192e-05
1.11766,2.02723418245e-05
1.12024,1.87764981198e-05
1.12282,1.73549322032e-05
1.12541,1.6000881245e-05
1.128,1.47127071111e-05
1.1306,1.34889616976e-05
1.13321,1.23282327515e-05
1.13582,1.12291439026e-05
1.13844,1.01903517151e-05
1.14106,9.21055712592e-06
1.14369,8.28912991388e-06
1.14633,7.42518735262e-06
1.14897,6.61747339744e-06
1.15162,5.8647638158e-06
1.15428,5.16587010279e-06
1.15694,4.51963474391e-06
1.1596,3.92493527403e-06
1.16228,3.3804973174e-06
1.16496,2.88270286864e-06
1.16764,2.42974057495e-06
1.17033,2.02067360113e-06
1.17303,1.65459170103e-06
1.17574,1.33060939522e-06
1.17845,1.04786722098e-06
1.18116,8.05529031595e-07
1.18389,6.02782650249e-07
1.18662,4.38838834495e-07
1.18935,3.1293043279e-07
1.19209,2.24312074108e-07
1.19484,1.72259229207e-07
1.19759,1.45396842794e-07
1.20036,1.25484517698e-07
1.20312,1.1209888782e-07
1.2059,1.04994502358e-07
1.20868,1.00115426675e-07
1.21146,9.54775902178e-08
1.21425,9.106842236e-08
1.21705,8.68760434768e-08
1.21986,8.28892092203e-08
1.22267,7.90972955904e-08
1.22549,7.54902403065e-08
1.22832,7.20585502105e-08
1.23115,6.87932117248e-08
1.23398,6.56857169561e-08
1.23683,6.27280117259e-08
1.23968,5.99124705057e-08
1.24254,5.7231863389e-08
1.2454,5.46793716965e-08
1.24827,5.22485078573e-08
1.25115,4.993314884e-08
1.25404,4.77274910673e-08
1.25693,4.56260395665e-08
1.25982,4.36235760463e-08
1.26273,4.17151742642e-08
1.26564,3.98961447981e-08
1.26856,3.81620649294e-08
1.27148,3.65087314022e-08
1.27441,3.49321515887e-08
1.27735,3.3428557984e-08
1.28029,3.19943683182e-08
1.28325,3.06261743253e-08
1.2862,2.93207666596e-08
1.28917,2.80750838604e-08
1.29214,2.68862249897e-08
1.29512,2.57514401979e-08
1.29811,2.46681163268e-08
1.3011,2.36337729572e-08
1.3041,2.26460591714e-08
1.3071,2.17027409957e-08
1.31012,2.08016955981e-08
1.31314,1.99409131345e-08
1.31616,1.91184733652e-08
1.3192,1.8332562773e-08
1.32224,1.75814551709e-08
1.32529,1.68635079292e-08
1.32834,1.61771629405e-08
1.3314,1.55209390158e-08
1.33447,1.48934281045e-08
1.33755,1.4293289957e-08
1.34063,1.37192537015e-08
1.34372,1.31701080392e-08
1.34682,1.26447008844e-08
1.34993,1.21419386904e-08
1.35304,1.16607797271e-08
1.35616,1.12002329954e-08
1.35928,1.075935442e-08
1.36242,1.03372488827e-08
1.36556,9.93306254845e-09
1.36871,9.54598111594e-09
1.37186,9.17523069148e-09
1.37502,8.82007614896e-09
1.37819,8.47981457649e-09
1.38137,8.15377866247e-09
1.38455,7.84133190809e-09
1.38775,7.54186823225e-09
1.39094,7.25480928671e-09
1.39415,6.97960609e-09
1.39737,6.71573252422e-09
1.40059,6.4626903263e-09
1.40382,6.22000123407e-09
1.40705,5.98721365156e-09
1.41029,5.76389237198e-09
1.41355,5.54962528561e-09
1.4168,5.34401810104e-09
1.42007,5.14669621589e-09
1.42334,4.95730009796e-09
1.42663,4.77548856815e-09
1.42991,4.60093547435e-09
1.43321,4.43332955682e-09
1.43651,4.27237344122e-09
1.43983,4.1177833052e-09
1.44314,3.96928926053e-09
1.44647,3.82663192756e-09
1.44981,3.68956547875e-09
1.45315,3.55785370476e-09
1.4565,3.43127121142e-09
1.45986,3.30960298687e-09
1.46322,3.19264446948e-09
1.46659,3.08019841085e-09
1.46997,2.97207757906e-09
1.47336,2.86810300408e-09
1.47676,2.76810290919e-09
1.48016,2.67191399835e-09
1.48358,2.5793788467e-09
1.487,2.49034888748e-09
1.49042,2.40467972866e-09
1.49386,2.32223564803e-09
1.4973,2.24288488194e-09
1.50076,2.16650196595e-09
1.50421,2.09296764e-09
1.50768,2.02216701138e-09
1.51116,1.95399013078e-09
1.51464,1.88833213637e-09
1.51813,1.82509206851e-09
1.52163,1.76417420084e-09
1.52514,1.70548609839e-09
1.52866,1.64893943515e-09
1.53218,1.59444995756e-09
1.53571,1.54193633806e-09
1.53925,1.49132130711e-09
1.5428,1.44253054087e-09
1.54636,1.39549263619e-09
1.54992,1.35013993304e-09
1.5535,1.3064064862e-09
1.55708,1.26423005851e-09
1.56067,1.22355027724e-09
1.56426,1.1843098456e-09
1.56787,1.14645358962e-09
1.57148,1.10992836092e-09
1.57511,1.07468362398e-09
1.57874,1.04067056542e-09
1.58238,1.00784252934e-09
1.58602,9.76154819004e-10
1.58968,9.45564350763e-10
1.59335,9.16029941346e-10
1.59702,8.8751201688e-10
1.6007,8.59972569481e-10
1.60439,8.33375268859e-10
1.60809,8.07684965659e-10
1.6118,7.82868081342e-10
1.61551,7.58892458254e-10
1.61923,7.3572700175e-10
1.62297,7.13341954163e-10
1.62671,6.91708917725e-10
1.63046,6.70800241093e-10
1.63422,6.50589717575e-10
1.63798,6.31051827377e-10
1.64176,6.12162283315e-10
1.64555,5.93897776358e-10
1.64934,5.76235774804e-10
1.65314,5.59154594306e-10
1.65695,5.42633477348e-10
1.66077,5.26652426771e-10
1.6646,5.11192288959e-10
1.66844,4.96234508027e-10
1.67228,4.8176133694e-10
1.67614,4.67755739048e-10
1.68,4.54201215297e-10
1.68388,4.41081862454e-10
1.68776,4.28382675331e-10
1.69165,4.16088782204e-10
1.69555,4.04186218884e-10
1.69946,3.92661339785e-10
1.70337,3.81501139126e-10
1.7073,3.70693032632e-10
1.71124,3.60224911764e-10
1.71518,3.50085104201e-10
1.71913,3.40262399786e-10
1.7231,3.30745987348e-10
1.72707,3.21525444867e-10
1.73105,3.12590756195e-10
1.73504,3.03932276772e-10
1.73904,2.95540640082e-10
1.74305,2.87406928696e-10
1.74707,2.79522486275e-10
1.7511,2.71878958002e-10
1.75513,2.6446837112e-10
1.75918,2.57282907746e-10
1.76323,2.50315178974e-10
1.7673,2.43557931223e-10
1.77137,2.37004254629e-10
1.77546,2.30647465956e-10
1.77955,2.24481091071e-10
1.78365,2.18498954675e-10
1.78776,2.12694985849e-10
1.79188,2.07063453153e-10
1.79601,2.01598729772e-10
1.80015,1.96295455072e-10
1.8043,1.91148403256e-10
1.80846,1.86152552914e-10
1.81263,1.81303081324e-10
1.81681,1.76595296153e-10
1.821,1.72024683704e-10
1.8252,1.67586887018e-10
1.82941,1.63277686666e-10
1.83362,1.59093035808e-10
1.83785,1.55029000406e-10
1.84209,1.51081782553e-10
1.84633,1.47247740977e-10
1.85059,1.43523322887e-10
1.85485,1.39905111525e-10
1.85913,1.36389808808e-10
1.86342,1.32974229883e-10
1.86771,1.29655278877e-10
1.87202,1.26429996444e-10
1.87633,1.23295483141e-10
1.88066,1.20248977759e-10
1.88499,1.17287768296e-10
1.88934,1.14409264433e-10
1.89369,1.11610954911e-10
1.89806,1.08890407751e-10
1.90244,1.06245261626e-10
1.90682,1.03673258329e-10
1.91122,1.01172175647e-10
1.91562,9.87399085642e-11
1.92004,9.6374399612e-11
1.92446,9.40736371174e-11
1.9289,9.18357191192e-11
1.93335,8.96587642962e-11
1.9378,8.75409692567e-11
1.94227,8.54806034318e-11
1.94675,8.3475965081e-11
1.95124,8.15254267467e-11
1.95573,7.96273958199e-11
1.96024,7.77803569675e-11
1.96476,7.59828102765e-11
1.96929,7.42333258358e-11
1.97383,7.25305132711e-11
1.97838,7.08730137987e-11
1.98294,6.92595481111e-11
1.98751,6.76888402623e-11
1.99209,6.61596601484e-11
1.99669,6.46708278904e-11
2.00129,6.32211910797e-11
2.0059,6.18096418109e-11
2.01053,6.04351061859e-11
2.01516,5.90965308085e-11
2.01981,5.77929089625e-11
2.02446,5.6523250167e-11
2.02913,5.52866173241e-11
2.03381,5.40820814572e-11
2.0385,5.290874482e-11
2.0432,5.17657455222e-11
2.04791,5.06522479566e-11
2.05263,4.95674297435e-11
2.05736,4.85105056651e-11
2.0621,4.74807091788e-11
2.06685,4.64772969951e-11
2.07162,4.54995486336e-11
2.07639,4.45467670046e-11
2.08118,4.36182784751e-11
2.08598,4.27134129528e-11
2.09079,4.18315438567e-11
2.09561,4.09720485244e-11
2.10044,4.01343226676e-11
2.10528,3.93177947104e-11
2.11013,3.85218865327e-11
2.115,3.77460542364e-11
2.11987,3.69897679341e-11
2.12476,3.62525056981e-11
2.12966,3.55337701962e-11
2.13457,3.48330744799e-11
2.13949,3.41499387491e-11
2.14442,3.34839087653e-11
2.14936,3.28345402054e-11
2.15432,3.22013949816e-11
2.15928,3.15840578313e-11
2.16426,3.09821183166e-11
2.16925,3.03951790534e-11
2.17425,2.98228512843e-11
2.17926,2.92647706081e-11
2.18429,2.872056419e-11
2.18932,2.81898824444e-11
2.19437,2.76723821747e-11
2.19943,2.71677301471e-11
2.2045,2.6675601863e-11
2.20958,2.61956864204e-11
2.21467,2.57276708967e-11
2.21978,2.52712618166e-11
2.2249,2.48261712528e-11
2.23003,2.43921160555e-11
2.23517,2.39688258062e-11
2.24032,2.35560333933e-11
2.24548,2.3153481765e-11
2.25066,2.27609204116e-11
2.25585,2.2378103588e-11
2.26105,2.2004795451e-11
2.26626,2.16407674912e-11
2.27149,2.12857936669e-11
2.27672,2.09396554862e-11
2.28197,2.06156063874e-11
2.28723,2.04201946498e-11
2.2925,2.02301327637e-11
2.29779,2.00453105676e-11
2.30308,1.98656252942e-11
2.30839,1.96909711529e-11
2.31372,1.95212448247e-11
2.31905,1.9356353848e-11
2.32439,1.91961968505e-11
2.32975,1.90406808196e-11
2.33512,1.88897160677e-11
2.34051,1.87432103024e-11
2.3459,1.8601080459e-11
2.35131,1.84632379629e-11
2.35673,1.83296037517e-11
2.36216,1.82000932313e-11
2.36761,1.80746283575e-11
2.37307,1.79531331697e-11
2.37854,1.78355322114e-11
2.38402,1.7721752164e-11
2.38952,1.76117206417e-11
2.39502,1.75053698383e-11
2.40055,1.74026299739e-11
2.40608,1.73034352682e-11
2.41163,1.72077222412e-11
2.41718,1.71154235486e-11
2.42276,1.70264829247e-11
2.42834,1.69408359503e-11
2.43394,1.68584266062e-11
2.43955,1.67791965763e-11
2.44517,1.67030891966e-11
2.45081,1.6630051642e-11
2.45646,1.65600296355e-11
2.46212,1.64929724964e-11
2.4678,1.64288281287e-11
2.47349,1.63675476955e-11
2.47919,1.63090819629e-11
2.48491,1.62533870917e-11
2.49063,1.62004128781e-11
2.49638,1.61501186195e-11
2.50213,1.61024589485e-11
2.5079,1.60573912184e-11
2.51368,1.60148741362e-11
2.51947,1.59748669408e-11
2.52528,1.59373294608e-11
2.5311,1.59022244347e-11
2.53694,1.58695146568e-11
2.54279,1.58391617439e-11
2.54865,1.58111324103e-11
2.55452,1.57853898741e-11
2.56041,1.57619009087e-11
2.56631,1.57406311263e-11
2.57223,1.57215509737e-11
2.57816,1.57046265454e-11
2.5841,1.56898287179e-11
2.59006,1.5677123899e-11
2.59603,1.56664886276e-11
2.60202,1.56578909695e-11
2.60801,1.56513032371e-11
2.61403,1.56466991506e-11
2.62005,1.56440530772e-11
2.62609,1.56433364975e-11
2.63215,1.56445290556e-11
2.63821,1.56476017336e-11
2.64429,1.56525327707e-11
2.65039,1.56593009187e-11
2.6565,1.56678805777e-11
2.66262,1.56782517398e-11
2.66876,1.56903926209e-11
2.67491,1.5704281902e-11
2.68108,1.57198987932e-11
2.68726,1.5737225035e-11
2.69346,1.57562425034e-11
2.69967,1.57769288076e-11
2.70589,1.57992691516e-11
2.71213,1.58232448177e-11
2.71838,1.58488389993e-11
2.72464,1.58760327461e-11
2.73093,1.59048124236e-11
2.73722,1.59351625082e-11
2.74353,1.5967064842e-11
2.74986,1.60005074391e-11
2.75619,1.60354737641e-11
2.76255,1.60719511467e-11
2.76892,1.61099245312e-11
2.7753,1.61493812248e-11
2.7817,1.61903099818e-11
2.78811,1.62326957681e-11
2.79454,1.62765270491e-11
2.80098,1.63217955388e-11
2.80744,1.63684842932e-11
2.81391,1.64165856545e-11
2.82039,1.64660870498e-11
2.8269,1.65169810084e-11
2.83341,1.65692539672e-11
2.83994,1.66228989035e-11
2.84649,1.66779052699e-11
2.85305,1.67342641077e-11
2.85963,1.67919675571e-11
2.86622,1.68510049739e-11
2.87283,1.69113701589e-11
2.87945,1.69730539556e-11
2.88609,1.70360501243e-11
2.89274,1.7100350512e-11
2.89941,1.71659485532e-11
2.9061,1.7232834618e-11
2.91279,1.73010070984e-11
2.91951,1.73704565802e-11
2.92624,1.74411771706e-11
2.93299,1.75131636816e-11
2.93975,1.7586411916e-11
2.94652,1.76609141613e-11
2.95332,1.77366654336e-11
2.96012,1.78136625963e-11
2.96695,1.78918993396e-11
2.97379,1.79713733847e-11
2.98064,1.80520801677e-11
2.98751,1.81340133406e-11
2.9944,1.8217170567e-11
3.0013,1.83015488801e-11
3.00822,1.83871459714e-11
3.01516,1.8473956578e-11
3.02211,1.85619784927e-11
3.02907,1.86512081133e-11
3.03606,1.87416442215e-11
3.04306,1.8833285045e-11
3.05007,1.8926126306e-11
3.0571,1.90201682463e-11
3.06415,1.91154065664e-11
3.07121,1.92118417876e-11
3.07829,1.93094705114e-11
3.08539,1.94082941705e-11
3.0925,1.95083097082e-11
3.09963,1.96095148568e-11
3.10678,1.97119121337e-11
3.11394,1.98154979737e-11
3.12112,1.9920273781e-11
3.12831,2.00262373354e-11
3.13552,2.01333902124e-11
3.14275,2.02417321941e-11
3.15,2.03512625022e-11
3.15726,2.04619829253e-11
3.16453,2.05738915457e-11
3.17183,2.06869898632e-11
3.17914,2.08012787751e-11
3.18647,2.09167611065e-11
3.19382,2.10334352129e-11
3.20118,2.11513011275e-11
3.20856,2.12703639352e-11
3.21595,2.13906218581e-11
3.22337,2.15120783576e-11
3.2308,2.16347307707e-11
3.23825,2.17585873333e-11
3.24571,2.18836460969e-11
3.25319,2.20099093063e-11
3.26069,2.21373810168e-11
3.26821,2.22660603048e-11
3.27574,2.23959502203e-11
3.28329,2.25270558051e-11
3.29086,2.26593777168e-11
3.29845,2.27929186204e-11
3.30605,2.29276814338e-11
3.31367,2.30636696658e-11
3.32131,2.32008874212e-11
3.32897,2.33393337905e-11
3.33664,2.34790163633e-11
3.34434,2.36199351758e-11
3.35205,2.37620965502e-11
3.35977,2.39055017184e-11
3.36752,2.40501569714e-11
3.37528,2.41960629487e-11
3.38306,2.43432269283e-11
3.39086,2.4491649266e-11
3.39868,2.46413381159e-11
3.40651,2.4792294172e-11
3.41436,2.4944523433e-11
3.42224,2.50980296189e-11
3.43012,2.52528177314e-11
3.43803,2.54088929577e-11
3.44596,2.55662576336e-11
3.4539,2.57249200706e-11
3.46186,2.58848798661e-11
3.46984,2.60461486848e-11
3.47784,2.62087273152e-11
3.48586,2.63726211274e-11
3.4939,2.6537836975e-11
3.50195,2.67043809686e-11
3.51002,2.68722526142e-11
3.51811,2.70414634239e-11
3.52622,2.72120199793e-11
3.53435,2.73839231164e-11
3.5425,2.75571815349e-11
3.55067,2.77317991079e-11
3.55885,2.79077837026e-11
3.56706,2.80851422145e-11
3.57528,2.82638774248e-11
3.58352,2.84439976073e-11
3.59178,2.86255114401e-11
3.60006,2.88084218934e-11
3.60836,2.89927354935e-11
3.61668,2.91784615991e-11
3.62502,2.9365603396e-11
3.63337,2.95541699028e-11
3.64175,2.9744167602e-11
3.65014,2.99356061655e-11
3.65856,3.0128485838e-11
3.66699,3.03228201624e-11
3.67544,3.05186110565e-11
3.68392,3.07158710318e-11
3.69241,3.09146028513e-11
3.70092,3.11148176742e-11
3.70945,3.13165220024e-11
3.718,3.1519720714e-11
3.72658,3.17244270131e-11
3.73517,3.19306424207e-11
3.74378,3.21383788963e-11
3.75241,3.23476390377e-11
3.76106,3.2558437917e-11
3.76973,3.27707838245e-11
3.77842,3.29846780861e-11
3.78713,3.32001341634e-11
3.79586,3.34171573842e-11
3.80461,3.36357596819e-11
3.81338,3.3855945004e-11
3.82217,3.40777277954e-11
3.83098,3.43011102811e-11
3.83981,3.45261080587e-11
3.84866,3.47527224623e-11
3.85754,3.49809676072e-11
3.86643,3.52108494476e-11
3.87534,3.54423812454e-11
3.88427,3.56755693668e-11
3.89323,3.59104219623e-11
3.9022,3.61469513934e-11
3.9112,3.63851642271e-11
3.92021,3.66250711068e-11
3.92925,3.68666814834e-11
3.93831,3.71100053177e-11
3.94739,3.73550516306e-11
3.95649,3.76018301928e-11
3.96561,3.78503539177e-11
3.97475,3.81006291825e-11
3.98391,3.83526676567e-11
3.9931,3.86064776248e-11
4.0023,3.88620718409e-11
4.01153,3.91194595287e-11
4.02078,3.93786533953e-11
4.03004,3.96396563954e-11
4.03934,3.99024875674e-11
4.04865,4.01671524776e-11
4.05798,4.04336644565e-11
4.06733,4.07020337809e-11
4.07671,4.0972273084e-11
4.08611,4.12443883218e-11
4.09553,4.15183967329e-11
4.10497,4.17943042949e-11
4.11443,4.20721234276e-11
4.12392,4.23518661597e-11
4.13342,4.263354548e-11
4.14295,4.29171721038e-11
4.1525,4.32027556024e-11
4.16207,4.34903114265e-11
4.17167,4.37798454609e-11
4.18129,4.40713721951e-11
4.19092,4.43649056409e-11
4.20059,4.46604588704e-11
4.21027,4.49580378602e-11
4.21998,4.52576640206e-11
4.2297,4.55593382214e-11
4.23945,4.58630826129e-11
4.24923,4.61689016913e-11
4.25902,4.64768153933e-11
4.26884,4.67868300616e-11
4.27868,4.70989627091e-11
4.28854,4.74132281159e-11
4.29843,4.77296305059e-11
4.30834,4.80481887885e-11
4.31827,4.83689172867e-11
4.32823,4.86918265748e-11
4.3382,4.90169318955e-11
4.3482,4.9344243144e-11
4.35823,4.96737773334e-11
4.36827,5.00055430718e-11
4.37834,5.03395612964e-11
4.38844,5.0675843029e-11
4.39855,5.10143924702e-11
4.40869,5.13552382906e-11
4.41886,5.16983876936e-11
4.42904,5.20438515809e-11
4.43925,5.23916524218e-11
4.44949,5.27417979433e-11
4.45974,5.30943056744e-11
4.47002,5.34491850598e-11
4.48033,5.38064547336e-11
4.49066,5.41661284208e-11
4.50101,5.45282247217e-11
4.51138,5.48927525434e-11
4.52178,5.52597292019e-11
4.53221,5.56291697412e-11
4.54266,5.60010892638e-11
4.55313,5.63755040402e-11
4.56362,5.67524244317e-11
4.57414,5.71318708797e-11
4.58469,5.75138613125e-11
4.59526,5.78984054331e-11
4.60585,5.8285522653e-11
4.61647,5.86752389135e-11
4.62711,5.90676052509e-11
4.63778,5.94627870318e-11
4.64847,5.98613937207e-11
4.65918,6.02655658861e-11
4.66992,6.06822479963e-11
4.68069,6.11320999577e-11
4.69148,6.16713906163e-11
4.7023,6.24401119178e-11
4.71313,6.37563240958e-11
4.724,6.62792484076e-11
4.73489,7.1253770337e-11
4.7458,8.08176171173e-11
4.75675,9.82989144706e-11
4.76771,1.28373720082e-10
4.7787,1.76926599778e-10
4.78972,2.50503892207e-10
4.80076,3.55380926134e-10
4.81183,4.96440178515e-10
4.82292,6.76188624956e-10
4.83404,8.94245059402e-10
4.84518,1.1474781572e-09
4.85635,1.43073715985e-09
4.86754,1.73791467595e-09
4.87876,2.0630049094e-09
4.89001,2.40090338084e-09
4.90128,2.74788366663e-09
4.91258,3.1019309628e-09
4.92391,3.46340692873e-09
4.93526,3.83692333336e-09
4.94664,4.23590938211e-09
4.95804,4.69206278875e-09
4.96947,5.2722482737e-09
4.98092,6.10442452049e-09
4.99241,7.41061010539e-09
5.00391,9.53813048872e-09
5.01545,1.29720309943e-08
5.02701,1.83063612801e-08
5.0386,2.61566986611e-08
5.05022,3.70151022471e-08
5.06186,5.10782363344e-08
5.07353,6.81062008571e-08
5.08522,8.73756901269e-08
5.09694,1.07765872309e-07
5.10869,1.27965403624e-07
5.12047,1.46737882146e-07
5.13227,1.63158088723e-07
5.14411,1.76746295582e-07
5.15596,1.87472655332e-07
5.16785,1.95655015745e-07
5.17976,2.01804505191e-07
5.1917,2.06476921021e-07
5.20367,2.10167361053e-07
5.21567,2.13259096786e-07
5.22769,2.16017085795e-07
5.23974,2.1860725674e-07
5.25182,2.21124971134e-07
5.26393,2.23621451052e-07
5.27606,2.2612407762e-07
5.28822,2.28650688375e-07
5.30042,2.31220079564e-07
5.31263,2.33861051831e-07
5.32488,2.36622082423e-07
5.33716,2.39581592967e-07
5.34946,2.42857974256e-07
5.36179,2.46616191735e-07
5.37415,2.51067481002e-07
5.38654,2.56458307834e-07
5.39896,2.63047820438e-07
5.4114,2.71075989517e-07
5.42388,2.80728521548e-07
5.43638,2.92107497364e-07
5.44891,3.05215126374e-07
5.46147,3.19955757604e-07
5.47406,3.36154630474e-07
5.48668,3.53588016563e-07
5.49933,3.72016272717e-07
5.51201,3.91211412725e-07
5.52471,4.10973498749e-07
5.53745,4.31133705236e-07
5.55022,4.51544428102e-07
5.56301,4.7205917242e-07
5.57583,4.92505730039e-07
5.58869,5.12658655935e-07
5.60157,5.32217054771e-07
5.61448,5.50797158262e-07
5.62743,5.67947679764e-07
5.6404,5.83193170455e-07
5.6534,5.96103264374e-07
5.66643,6.06375165609e-07
5.6795,6.13908660515e-07
5.69259,6.1885026583e-07
5.70571,6.21589221902e-07
5.71887,6.22701416559e-07
5.73205,6.22855165126e-07
5.74526,6.22702969753e-07
5.75851,6.22788545406e-07
5.77178,6.23490163126e-07
5.78509,6.25008948643e-07
5.79842,6.27395047569e-07
5.81179,6.30599184046e-07
5.82519,6.34530866812e-07
5.83862,6.39111489156e-07
5.85207,6.44313784201e-07
5.86557,6.50186290389e-07
5.87909,6.56861860186e-07
5.89264,6.64553555022e-07
5.90622,6.73535999698e-07
5.91984,6.8411770384e-07
5.93349,6.96602991992e-07
5.94716,7.11252239844e-07
5.96087,7.28245224809e-07
5.97461,7.47655441796e-07
5.98839,7.6944091919e-07
6.00219,7.93452528886e-07
6.01603,8.19458216632e-07
6.0299,8.47176064931e-07
6.0438,8.76309569169e-07
6.05773,9.06578588027e-07
6.07169,9.37739849559e-07
6.08569,9.69597720354e-07
6.09972,1.00200511234e-06
6.11378,1.03485617094e-06
6.12787,1.0680755091e-06
6.142,1.10160415787e-06
6.15616,1.13538380004e-06
6.17035,1.16934024599e-06
6.18458,1.20336387175e-06
6.19883,1.23728950218e-06
6.21312,1.27087491947e-06
6.22744,1.30378201833e-06
6.2418,1.33556415328e-06
6.25619,1.36566710327e-06
6.27061,1.39344588794e-06
6.28507,1.41820251863e-06
6.29956,1.43924305753e-06
6.31408,1.45594923923e-06
6.32863,1.46786912188e-06
6.34322,1.47484129201e-06
6.35784,1.47719790458e-06
6.3725,1.47606192491e-06
6.38719,1.47363084242e-06
6.40191,1.47314921108e-06
6.41667,1.47830124648e-06
6.43146,1.49217913968e-06
6.44629,1.5164736629e-06
6.46115,1.55144690914e-06
6.47605,1.59658958608e-06
6.49097,1.65139592546e-06
6.50594,1.71591322652e-06
6.52094,1.79119160664e-06
6.53597,1.87986996586e-06
6.55103,1.98682079843e-06
6.56614,2.11947352799e-06
6.58127,2.28745219249e-06
6.59644,2.50163727459e-06
6.61165,2.7734095919e-06
6.62689,3.11505772259e-06
6.64217,3.54145182335e-06
6.65748,4.0714363108e-06
6.67283,4.72683691701e-06
6.68821,5.52881184921e-06
6.70363,6.49380459856e-06
6.71908,7.63152871867e-06
6.73457,8.94527911459e-06
6.75009,1.04333905331e-05
6.76566,1.20910334301e-05
6.78125,1.39117653446e-05
6.79688,1.58868320699e-05
6.81255,1.79983607407e-05
6.82826,2.02034311491e-05
6.844,2.24124028951e-05
6.85978,2.44756681523e-05
6.87559,2.61991872579e-05
6.89144,2.73970534603e-05
6.90732,2.79598565559e-05
6.92325,2.7896651294e-05
6.93921,2.73224284675e-05
6.9552,2.64033242704e-05
6.97124,2.5298918979e-05
6.98731,2.413209668e-05
7.00342,2.29885818482e-05
7.01956,2.19300678598e-05
7.03574,2.10052007535e-05
7.05196,2.02522871733e-05
7.06822,1.96952027341e-05
7.08451,1.93375202969e-05
7.10084,1.91603375451e-05
7.11721,1.91271359824e-05
7.13362,1.91943777109e-05
7.15006,1.93225799363e-05
7.16655,1.94826917304e-05
7.18307,1.96562280659e-05
7.19963,1.98314198896e-05
7.21622,1.99986353762e-05
7.23286,2.01471518923e-05
7.24953,2.02637649368e-05
7.26624,2.03329539831e-05
7.28299,2.03383377235e-05
7.29978,2.02656443959e-05
7.31661,2.01074969463e-05
7.33348,1.98691269722e-05
7.35038,1.95724191067e-05
7.36733,1.92552011022e-05
7.38431,1.89650978089e-05
7.40133,1.87506999461e-05
7.41839,1.86543108309e-05
7.43549,1.8708548894e-05
7.45264,1.89358487651e-05
7.46982,1.93482870316e-05
7.48704,1.99460882305e-05
7.50429,2.07153201503e-05
7.52159,2.16269299515e-05
7.53893,2.26390510536e-05
7.55631,2.37027224991e-05
7.57373,2.4768991311e-05
7.59119,2.57943933437e-05
7.60869,2.67429601737e-05
7.62623,2.75849185775e-05
7.64381,2.82940142473e-05
7.66143,2.88455232537e-05
7.67909,2.92163652009e-05
7.69679,2.93875710864e-05
7.71454,2.9348548404e-05
7.73232,2.91016878238e-05
7.75015,2.86651880446e-05
7.76801,2.80720828021e-05
7.78592,2.73648568826e-05
7.80387,2.65874397728e-05
7.82186,2.57778705388e-05
7.83989,2.49642599538e-05
7.85796,2.4164665807e-05
7.87608,2.3389562878e-05
7.89423,2.26450532089e-05
7.91243,2.19356586765e-05
7.93067,2.12663156812e-05
7.94895,2.06435301304e-05
7.96728,2.00754956447e-05
7.98564,1.95705224184e-05
8.00405,1.91338061185e-05
8.0225,1.87640341657e-05
8.041,1.84530689265e-05
8.05953,1.81908471902e-05
8.07811,1.7973545438e-05
8.09673,1.78092118371e-05
8.1154,1.77162685141e-05
8.13411,1.77164693453e-05
8.15286,1.7828742124e-05
8.17165,1.80687185198e-05
8.19049,1.84521628159e-05
8.20937,1.89962031591e-05
8.2283,1.97147027698e-05
8.24726,2.06107682605e-05
8.26628,2.16734537383e-05
8.28533,2.2882657565e-05
8.30443,2.42177851488e-05
8.32357,2.56623721884e-05
8.34276,2.72001133718e-05
8.36199,2.88074313212e-05
8.38127,3.04510257161e-05
8.40059,3.20937486576e-05
8.41996,3.37043921979e-05
8.43937,3.52643067515e-05
8.45882,3.67676504485e-05
8.47832,3.82171331021e-05
8.49787,3.96189951708e-05
8.51746,4.09798220434e-05
8.53709,4.23055851724e-05
8.55677,4.36026167354e-05
8.5765,4.48800388502e-05
8.59627,4.61535551899e-05
8.61608,4.74498540868e-05
8.63595,4.88096565566e-05
8.65585,5.0285947714e-05
8.67581,5.19342533563e-05
8.69581,5.37948777038e-05
8.71585,5.5872276747e-05
8.73594,5.81210193913e-05
8.75608,6.04467309892e-05
8.77627,6.27242865723e-05
8.7965,6.48266824118e-05
8.81678,6.6653246686e-05
8.8371,6.81470320213e-05
8.85747,6.92973181843e-05
8.87789,7.01297973625e-05
8.89836,7.06903132688e-05
8.91887,7.10282102396e-05
8.93943,7.11830297999e-05
8.96004,7.11762448502e-05
8.98069,7.10086701668e-05
9.0014,7.0663822038e-05
9.02215,7.01171217885e-05
9.04294,6.93486092194e-05
9.06379,6.83548632794e-05
9.08469,6.71548133184e-05
9.10563,6.57860673302e-05
9.12662,6.42933064588e-05
9.14766,6.27143376039e-05
9.16874,6.10710362703e-05
9.18988,5.93693262672e-05
9.21107,5.76074576734e-05
9.2323,5.57875783749e-05
9.25358,5.39245102876e-05
9.27491,5.20479552991e-05
9.29629,5.01979977151e-05
9.31772,4.84170042841e-05
9.3392,4.67416469533e-05
9.36073,4.51980354053e-05
9.38231,4.38006121619e-05
9.40394,4.25540214668e-05
9.42562,4.1456385063e-05
9.44735,4.05024371366e-05
9.46913,3.96856189626e-05
9.49095,3.8999015705e-05
9.51283,3.84358279542e-05
9.53476,3.79909296877e-05
9.55674,3.76650477264e-05
9.57877,3.74710814453e-05
9.60085,3.74384382881e-05
9.62299,3.76095277345e-05
9.64517,3.8026677966e-05
9.6674,3.87162538865e-05
9.68969,3.96802570219e-05
9.71203,4.08997130221e-05
9.73442,4.23448026588e-05
9.75686,4.39841199239e-05
9.77935,4.5790218091e-05
9.80189,4.77435700906e-05
9.82449,4.98366605026e-05
9.84713,5.20763477539e-05
9.86983,5.44798736927e-05
9.89259,5.70612797282e-05
9.91539,5.98126682281e-05
9.93825,6.26948348733e-05
9.96116,6.56541694239e-05
9.98412,6.86652230558e-05
10.0071,7.17687485352e-05
10.0302,7.50655507984e-05
10.0533,7.86586061836e-05
10.0765,8.25841003847e-05
10.0997,8.67832057967e-05
10.123,9.11294845368e-05
10.1464,9.54824170608e-05
10.1697,9.97281371086e-05
10.1932,0.000103790554803
10.2167,0.000107620464956
10.2402,0.000111178326412
10.2638,0.000114422331529
10.2875,0.000117306246455
10.3112,0.000119786972805
10.335,0.000121838283093
10.3588,0.000123463277706
10.3827,0.000124695174662
10.4066,0.000125578647686
10.4306,0.000126139252347
10.4547,0.000126370200416
10.4788,0.000126265479665
10.5029,0.000125886428611
10.5271,0.000125397249642
10.5514,0.000125018437865
10.5757,0.000124934759924
10.6001,0.000125254290217
10.6245,0.000126053887288
10.649,0.000127429670979
10.6736,0.000129459245455
10.6982,0.000132101869038
10.7228,0.000135163017471
10.7476,0.000138395644292
10.7723,0.000141665912688
10.7972,0.000145042989166
10.8221,0.000148744000181
10.847,0.000152988401182
10.872,0.000157869545973
10.8971,0.000163311559711
10.9222,0.000169107958718
10.9474,0.000174995656779
10.9726,0.00018072139181
10.9979,0.000186081787649
11.0233,0.000190939155831
11.0487,0.000195221933791
11.0741,0.000198916326426
11.0997,0.000202052630728
11.1253,0.000204687455204
11.1509,0.000206884205567
11.1766,0.000208695190977
11.2024,0.00021014849106
11.2282,0.000211242935996
11.2541,0.000211953471374
11.28,0.000212247469009
11.306,0.00021210937463
11.3321,0.000211565801568
11.3582,0.00021069682425
11.3844,0.000209619571041
11.4106,0.000208439083184
11.4369,0.000207182111713
11.4633,0.000205748373346
11.4897,0.000203915542744
11.5162,0.000201411840394
11.5428,0.000198030998203
11.5694,0.000193735306584
11.596,0.000188695035719
11.6228,0.000183245761919
11.6496,0.000177786511455
11.6764,0.000172665908358
11.7033,0.000168099819772
11.7303,0.000164140353972
11.7574,0.000160694760338
11.7845,0.000157581487112
11.8116,0.000154612683169
11.8389,0.000151693509654
11.8662,0.000148920907557
11.8935,0.000146645651967
11.9209,0.000145449519153
11.9484,0.000146004463748
11.9759,0.000148836411099
12.0036,0.000154086256139
12.0312,0.000161392757735
12.059,0.000169973603555
12.0868,0.000178868599515
12.1146,0.000187209948751
12.1425,0.000194379547949
12.1705,0.000200005687364
12.1986,0.000203867281883
12.2267,0.000205818787336
12.2549,0.000205798384245
12.2832,0.000203892185384
12.3115,0.000200377085034
12.3398,0.000195688131681
12.3683,0.000190318244734
12.3968,0.000184705548568
12.4254,0.000179190296465
12.454,0.000174259292049
12.4827,0.000171397457707
12.5115,0.000173195600583
12.5404,0.000180095357762
12.5693,0.00018849540897
12.5982,0.000195077857571
12.6273,0.000199498624202
12.6564,0.000202586826861
12.6856,0.000204930368807
12.7148,0.000206821373793
12.7441,0.000208440429763
12.7735,0.000209932586903
12.8029,0.000211417029119
12.8325,0.000212979225656
12.862,0.000214670147134
12.8917,0.000216514171911
12.9214,0.000218516953639
12.9512,0.000220670300887
12.9811,0.000222957804423
13.011,0.000225362266591
13.041,0.000227874989013
13.071,0.000230503875697
13.1012,0.000233276798758
13.1314,0.000236240333387
13.1616,0.000239455888339
13.192,0.000242995559378
13.2224,0.000246938070856
13.2529,0.000251367284641
13.2834,0.000256375499955
13.314,0.00026206854163
13.3447,0.000268565060698
13.3755,0.000275990111923
13.4063,0.000284470314398
13.4372,0.000294114730351
13.4682,0.000304814023572
13.4993,0.000315387267021
13.5304,0.000322521902463
13.5616,0.000322690289354
13.5928,0.000316588354241
13.6242,0.000308193413068
13.6556,0.000299793251283
13.6871,0.000291354517171
13.7186,0.000282457514222
13.7502,0.00027294689371
13.7819,0.000262799306662
13.8137,0.000252009108806
13.8455,0.000240523197803
13.8775,0.000228186301165
13.9094,0.000214734001003
13.9415,0.000199862698681
13.9737,0.000183396924958
14.0059,0.000165657317459
14.0382,0.000148004178958
14.0705,0.000132669840725
14.1029,0.000121035049837
14.1355,0.000112583494273
14.168,0.000106408318165
14.2007,0.000102270251364
14.2334,0.000100016082061
14.2663,9.93255124028e-05
14.2991,9.99367033375e-05
14.3321,0.000101713420431
14.3651,0.000104551429309
14.3983,0.000108221852067
14.4314,0.000112201116906
14.4647,0.000115648678907
14.4981,0.000117749895658
14.5315,0.000118291025896
14.565,0.000117855160951
14.5986,0.000117323527739
14.6322,0.000117233515337
14.6659,0.000117636520109
14.6997,0.000118365114988
14.7336,0.000119272324054
14.7676,0.000120287564963
14.8016,0.000121385817635
14.8358,0.000122558470078
14.87,0.000123801971488
14.9042,0.000125115127902
14.9386,0.0001264984806
14.973,0.000127953751799
15.0076,0.000129483221318
15.0421,0.000131089234613
15.0768,0.00013277290898
15.1116,0.000134529671335
15.1464,0.000136338224474
15.1813,0.000138145541635
15.2163,0.000139869512423
15.2514,0.000141447366284
15.2866,0.00014291085573
15.3218,0.000144405504482
15.3571,0.000146106801283
15.3925,0.000148113033861
15.428,0.000150423004165
15.4636,0.000152996312636
15.4992,0.000155814898157
15.535,0.000158902946015
15.5708,0.000162319597178
15.6067,0.00016614860387
15.6426,0.000170493912844
15.6787,0.000175484177206
15.7148,0.000181313778107
15.7511,0.000188450935617
15.7874,0.000198395467507
15.8238,0.000215549146641
15.8602,0.00024982129316
15.8968,0.000316609216235
15.9335,0.000428966503369
15.9702,0.000583299928133
16.007,0.000752325099455
16.0439,0.000898025316248
16.0809,0.000995923336449
16.118,0.00104748030732
16.1551,0.00107158614595
16.1923,0.00108785171282
16.2297,0.00110656838243
16.2671,0.00112824324204
16.3046,0.00114779449345
16.3422,0.00115892488186
16.3798,0.00115706924415
16.4176,0.0011407485883
16.4555,0.00111131876485
16.4934,0.00107134854251
16.5314,0.00102268168916
16.5695,0.000965790866715
16.6077,0.000901109782549
16.646,0.000830974685323
16.6844,0.000759975116709
16.7228,0.000693223278243
16.7614,0.000634238123957
16.8,0.000584168752353
16.8388,0.000542422935252
16.8776,0.000507702630367
16.9165,0.000478698800823
16.9555,0.000454350397909
16.9946,0.00043386571512
17.0337,0.000416671988718
17.073,0.000402358479573
17.1124,0.000390628692399
17.1518,0.000381265941848
17.1913,0.000374112830007
17.231,0.00036906408366
17.2707,0.0003660688537
17.3105,0.000365138040387
17.3504,0.00036634535213
17.3904,0.000369798284288
17.4305,0.000375546014538
17.4707,0.000383406439396
17.511,0.000392756005845
17.5513,0.000402413096257
17.5918,0.0004107800047
17.6323,0.000416302648059
17.673,0.000418075702127
17.7137,0.000416243350677
17.7546,0.000411909033577
17.7955,0.000406576126813
17.8365,0.000401459795002
17.8776,0.000397077786146
17.9188,0.000393301761092
17.9601,0.000389729303558
18.0015,0.000386063360712
18.043,0.000382264797431
18.0846,0.000378460233828
18.1263,0.000374760417116
18.1681,0.000371153303862
18.21,0.00036752596079
18.252,0.000363758044684
18.2941,0.000359801046819
18.3362,0.000355698794054
18.3785,0.000351558980639
18.4209,0.000347507223215
18.4633,0.000343651241987
18.5059,0.000340063893558
18.5485,0.000336782466299
18.5913,0.000333816945002
18.6342,0.000331160608105
18.6771,0.000328798848991
18.7202,0.000326714589999
18.7633,0.000324889741908
18.8066,0.000323303788716
18.8499,0.000321930287856
18.8934,0.000320732069371
18.9369,0.000319656244493
18.9806,0.000318630327475
19.0244,0.000317562910146
19.0682,0.000316355078101
19.1122,0.000314928681282
19.1562,0.000313266040585
19.2004,0.000311438180202
19.2446,0.000309590538773
19.289,0.000307877227718
19.3335,0.000306377219633
19.378,0.000305048911348
19.4227,0.000303752689109
19.4675,0.000302320740836
19.5124,0.000300626124106
19.5573,0.000298617293535
19.6024,0.000296315549428
19.6476,0.000293792685107
19.6929,0.000291145380541
19.7383,0.000288474540843
19.7838,0.000285870742393
19.8294,0.000283405138032
19.8751,0.000281124255559
19.9209,0.00027904831144
19.9669,0.000277172542527
20.0129,0.000275470872965
20.059,0.000273900875369
20.1053,0.000272409448755
20.1516,0.000270938222604
20.1981,0.000269428198874
20.2446,0.000267823486197
20.2913,0.000266073532723
20.3381,0.000264134879994
20.385,0.000261971847988
20.432,0.000259557118669
20.4791,0.000256872383103
20.5263,0.000253908646166
20.5736,0.000250667047527
20.621,0.000247159058001
20.6685,0.000243406923206
20.7162,0.000239443007354
20.7639,0.000235308763006
20.8118,0.000231052920599
20.8598,0.000226728864917
20.9079,0.000222391682907
20.9561,0.000218094757773
21.0044,0.000213886645843
21.0528,0.000209808162449
21.1013,0.000205890372553
21.15,0.000202153406839
21.1987,0.000198606292968
21.2476,0.000195248028141
21.2966,0.000192069150949
21.3457,0.00018905419815
21.3949,0.000186184324208
21.4442,0.000183439699847
21.4936,0.000180801746195
21.5432,0.000178254648374
21.5928,0.000175786212234
21.6426,0.000173388034224
21.6925,0.00017105518185
21.7425,0.000168785314217
21.7926,0.000166577700182
21.8429,0.000164432307309
21.8932,0.000162348844718
21.9437,0.000160326261473
21.9943,0.000158362373557
22.045,0.000156453872526
22.0958,0.000154596364974
22.1467,0.000152784694619
22.1978,0.000151013182255
22.249,0.000149275989586
22.3003,0.000147567361586
22.3517,0.000145881853107
22.4032,0.000144214644015
22.4548,0.000142561664033
22.5066,0.000140919799006
22.5585,0.00013928696664
22.6105,0.00013766222011
22.6626,0.000136045732381
22.7149,0.000134438694139
22.7672,0.000132843205737
22.8197,0.000131262017696
22.8723,0.000129698376662
22.925,0.000128155758918
22.9779,0.000126637642318
23.0308,0.000125147354031
23.0839,0.000123687916146
23.1372,0.00012226196324
23.1905,0.000120871693891
23.2439,0.000119518875277
23.2975,0.000118204925262
23.3512,0.000116931003225
23.4051,0.000115698129012
23.459,0.000114507272465
23.5131,0.000113359404817
23.5673,0.000112255429817
23.6216,0.000111196081356
23.6761,0.000110181784996
23.7307,0.000109212532353
23.7854,0.000108287836204
23.8402,0.000107406719793
23.8952,0.000106567884374
23.9502,0.000105769757848
24.0055,0.000105010674645
24.0608,0.000104288952029
24.1163,0.00010360299749
24.1718,0.000102951295129
24.2276,0.000102332502156
24.2834,0.000101745450814
24.3394,0.000101189138506
24.3955,0.00010066279421
24.4517,0.000100165816949
24.5081,9.96977734501e-05
24.5646,9.92583442211e-05
24.6212,9.88472621437e-05
24.678,9.84643296335e-05
24.7349,9.81093925133e-05
24.7919,9.77825449732e-05
24.8491,9.7484398094e-05
24.9063,9.72164609867e-05
24.9638,9.69814427665e-05
25.0213,9.67830982407e-05
25.079,9.6625686659e-05
25.1368,9.6513038112e-05
25.1947,9.64477611601e-05
25.2528,9.64311582305e-05
25.311,9.64638780431e-05
25.3694,9.65471054798e-05
25.4279,9.66838885896e-05
25.4865,9.68805582429e-05
25.5452,9.71483526691e-05
25.6041,9.75055698824e-05
25.6631,9.79794771748e-05
25.7223,9.86068804551e-05
25.7816,9.94312306977e-05
25.841,0.000100494805315
25.9006,0.000101825958187
25.9603,0.000103423917487
26.0202,0.000105246156707
26.0801,0.000107204229777
26.1403,0.000109172066793
26.2005,0.000111006655453
26.2609,0.000112575584776
26.3215,0.000113783050034
26.3821,0.000114586053773
26.4429,0.000114996443818
26.5039,0.000115069924738
26.565,0.000114887347218
26.6262,0.000114534924447
26.6876,0.000114089115502
26.7491,0.000113608269716
26.8108,0.000113130999705
26.8726,0.000112678882714
26.9346,0.000112261253465
26.9967,0.000111879893313
27.0589,0.000111532780826
27.1213,0.000111216505427
27.1838,0.000110927605713
27.2464,0.000110663060836
27.3093,0.000110420436686
27.3722,0.000110197782176
27.4353,0.000109993531567
27.4986,0.000109806341943
27.5619,0.00010963504433
27.6255,0.000109478566887
27.6892,0.000109335921504
27.753,0.000109206165078
27.817,0.000109088445994
27.8811,0.000108981935826
27.9454,0.000108885908869
28.0098,0.00010879969285
28.0744,0.000108722719319
28.1391,0.000108654527837
28.2039,0.000108594732178
28.269,0.000108543081022
28.3341,0.000108499413476
28.3994,0.000108463655124
28.4649,0.000108435834437
28.5305,0.000108416028752
28.5963,0.000108404381754
28.6622,0.000108401080128
28.7283,0.000108406359302
28.7945,0.000108420460928
28.8609,0.000108443705655
28.9274,0.000108476395251
28.9941,0.000108518954015
29.061,0.000108571845257
29.1279,0.000108635656835
29.1951,0.000108711134388
29.2624,0.00010879920618
29.3299,0.000108901048611
29.3975,0.000109018052178
29.4652,0.000109151746215
29.5332,0.000109303671121
29.6012,0.000109475031787
29.6695,0.00010966635018
29.7379,0.000109876886897
29.8064,0.00011010420118
29.8751,0.000110343745105
29.944,0.000110588922407
30.013,0.00011083146312
30.0822,0.000111062496971
30.1516,0.000111274027779
30.2211,0.000111460570874
30.2907,0.000111620724379
30.3606,0.000111758114476
30.4306,0.000111881494155
30.5007,0.000112003886419
30.571,0.000112141039806
30.6415,0.000112309379652
30.7121,0.000112524205254
30.7829,0.000112798319578
30.8539,0.000113141491781
30.925,0.000113560803336
30.9963,0.000114061696158
31.0678,0.000114649422943
31.1394,0.000115330591316
31.2112,0.00011611386101
31.2831,0.00011700939332
31.3552,0.000118025855896
31.4275,0.000119164956975
31.5,0.000120413782265
31.5726,0.000121737072293
31.6453,0.00012307265068
31.7183,0.000124333484063
31.7914,0.000125418274281
31.8647,0.000126229737141
31.9382,0.000126695626969
32.0118,0.000126785883189
32.0856,0.000126519764601
32.1595,0.000125960423139
32.2337,0.000125199119739
32.308,0.000124334707589
32.3825,0.000123455154908
32.4571,0.000122625778279
32.5319,0.000121885610782
32.6069,0.000121250439374
32.6821,0.000120719328253
32.7574,0.000120281792037
32.8329,0.000119923570719
32.9086,0.000119630381076
32.9845,0.000119389716237
33.0605,0.000119191440295
33.1367,0.000119027598407
33.2131,0.000118891988255
33.2897,0.000118779765088
33.3664,0.000118687081582
33.4434,0.00011861086158
33.5205,0.000118548571287
33.5977,0.000118498177123
33.6752,0.000118458028314
33.7528,0.000118426762709
33.8306,0.000118403273967
33.9086,0.000118386617935
33.9868,0.00011837601887
34.0651,0.000118370789931
34.1436,0.000118370285473
34.2224,0.000118373989036
34.3012,0.000118381379899
34.3803,0.000118392007365
34.4596,0.000118405462362
34.539,0.000118421403325
34.6186,0.000118439527321
34.6984,0.000118459567201
34.7784,0.000118481288097
34.8586,0.000118504505824
34.939,0.000118529048027
35.0195,0.000118554771793
35.1002,0.000118581558433
35.1811,0.000118609254793
35.2622,0.000118637771797
35.3435,0.000118666998277
35.425,0.000118696816619
35.5067,0.000118727115194
35.5885,0.000118757813314
35.6706,0.000118788799162
35.7528,0.000118819987541
35.8352,0.000118851277571
35.9178,0.000118882593361
36.0006,0.000118913848934
36.0836,0.000118944962446
36.1668,0.00011897589545
36.2502,0.000119006574682
36.3337,0.000119036999837
36.4175,0.000119067164774
36.5014,0.000119097153607
36.5856,0.00011912710162
36.6699,0.000119157277413
36.7544,0.000119188128891
36.8392,0.000119220277368
36.9241,0.000119254594058
37.0092,0.000119292229945
37.0945,0.000119334527905
37.18,0.000119383012323
37.2658,0.000119439205327
37.3517,0.000119504478759
37.4378,0.0001195798302
37.5241,0.000119665715983
37.6106,0.000119761865973
37.6973,0.000119867296636
37.7842,0.000119980303408
37.8713,0.000120098626164
37.9586,0.000120219675385
38.0461,0.000120340706463
38.1338,0.000120459194528
38.2217,0.000120572840676
38.3098,0.000120679797755
38.3981,0.000120778685036
38.4866,0.000120868583398
38.5754,0.000120949010689
38.6643,0.000121019858037
38.7534,0.000121081394961
38.8427,0.000121134294329
38.9323,0.000121179661472
39.022,0.000121219034767
39.112,0.000121254521
39.2021,0.000121288756466
39.2925,0.000121324922892
39.3831,0.000121366710981
39.4739,0.000121418089166
39.5649,0.000121483149532
39.6561,0.000121565722415
39.7475,0.000121668974259
39.8391,0.000121794979213
39.931,0.000121944284661
40.023,0.000122115526369
40.1153,0.000122305214653
40.2078,0.00012250785528
40.3004,0.000122716194616
40.3934,0.000122921833399
40.4865,0.000123116157901
40.5798,0.000123291279445
40.6733,0.000123440973522
40.7671,0.00012356159142
40.8611,0.000123652423576
40.9553,0.000123715878981
41.0497,0.000123757088229
41.1443,0.000123783281687
41.2392,0.000123802925117
41.3342,0.000123824812271
41.4295,0.00012385723364
41.525,0.000123907432121
41.6207,0.00012398115964
41.7167,0.000124082574053
41.8129,0.000124214257462
41.9092,0.000124377378683
42.0059,0.000124571845945
42.1027,0.000124796539348
42.1998,0.000125049511722
42.297,0.000125328180165
42.3945,0.000125629546976
42.4923,0.000125950407947
42.5902,0.000126287502293
42.6884,0.000126637739899
42.7868,0.00012699828858
42.8854,0.000127366696203
42.9843,0.000127740914982
43.0834,0.000128119327594
43.1827,0.000128500670547
43.2823,0.000128884024725
43.382,0.00012926870448
43.482,0.000129654271649
43.5823,0.000130040374314
43.6827,0.000130426805868
43.7834,0.000130813407989
43.8844,0.0001312000717
43.9855,0.000131586707599
44.0869,0.000131973243699
44.1886,0.000132359684686
44.2904,0.00013274594242
44.3925,0.000133132016762
44.4949,0.000133517901408
44.5974,0.000133903562637
44.7002,0.000134288999084
44.8033,0.000134674211347
44.9066,0.000135059190431
45.0101,0.000135443946789
45.1138,0.000135828477143
45.2178,0.000136212802604
45.3221,0.000136596924131
45.4266,0.000136980864741
45.5313,0.000137364612644
45.6362,0.000137748207143
45.7414,0.00013813166459
45.8469,0.000138515011775
45.9526,0.000138898277386
46.0585,0.000139281470889
46.1647,0.000139664642123
46.2711,0.000140047841274
46.3778,0.000140431102913
46.4847,0.00014081449725
46.5918,0.000141198094191
46.6992,0.000141582006361
46.8069,0.000141966346535
46.9148,0.000142351283815
47.023,0.000142736981099
47.1313,0.000143123700284
47.24,0.000143511722285
47.3489,0.00014390139678
47.458,0.000144293118494
47.5675,0.000144687374275
47.6771,0.000145084657878
47.787,0.000145485533266
47.8972,0.000145890607798
48.0076,0.000146300434582
48.1183,0.000146715633879
48.2292,0.00014713672449
48.3404,0.000147564171904
48.4518,0.00014799836071
48.5635,0.000148439528171
48.6754,0.000148887806791
48.7876,0.00014934318429
48.9001,0.000149805509919
49.0128,0.000150274494992
49.1258,0.000150749727194
49.2391,0.000151230714751
49.3526,0.000151716874394
49.4664,0.000152207589781
49.5804,0.000152702218977
49.6947,0.000153200146708
49.8092,0.00015370073719
49.9241,0.00015420343756
50.0391,0.000154707717314
50.1545,0.000155213133768
50.2701,0.000155719270026
50.386,0.000156225829983
50.5022,0.000156732472483
50.6186,0.00015723902728
50.7353,0.000157745288077
50.8522,0.000158251120346
50.9694,0.00015875640058
51.0869,0.000159261053976
51.2047,0.000159764994103
51.3227,0.000160268197485
51.4411,0.000160770620067
51.5596,0.000161272218963
51.6785,0.000161772999199
51.7976,0.000162272939431
51.917,0.000162772015248
52.0367,0.000163270217513
52.1567,0.000163767584798
52.2769,0.000164264067921
52.3974,0.000164759687415
52.5182,0.000165254452534
52.6393,0.000165748359314
52.7606,0.000166241400081
52.8822,0.00016673358695
53.0042,0.000167224898616
53.1263,0.000167715360349
53.2488,0.000168204935454
53.3716,0.000168693645472
53.4946,0.0001691814307
53.6179,0.000169668309073
53.7415,0.000170154238244
53.8654,0.000170639208014
53.9896,0.000171123179099
54.114,0.000171606107273
54.2388,0.000172087942504
54.3638,0.000172568663836
54.4891,0.000173048165194
54.6147,0.000173526422743
54.7406,0.000174003409611
54.8668,0.000174478987127
54.9933,0.000174953171629
55.1201,0.000175425817643
55.2471,0.00017589687706
55.3745,0.000176366261183
55.5022,0.000176833940224
55.6301,0.000177299800541
55.7583,0.000177763768889
55.8869,0.000178225770601
56.0157,0.000178685739186
56.1448,0.000179143575995
56.2743,0.000179599204957
56.404,0.00018005259516
56.534,0.00018050364149
56.6643,0.000180952290241
56.795,0.000181398448904
56.9259,0.000181842076356
57.0571,0.000182283123292
57.1887,0.00018272149589
57.3205,0.000183157187591
57.4526,0.000183590130043
57.5851,0.000184020229404
57.7178,0.000184447519937
57.8509,0.000184871925358
57.9842,0.000185293427974
58.1179,0.000185711988278
58.2519,0.00018612760258
58.3862,0.000186540237313
58.5207,0.000186949910326
58.6557,0.000187356650159
58.7909,0.000187760451344
58.9264,0.000188161360633
59.0622,0.000188559474863
59.1984,0.000188954890021
59.3349,0.0001893477743
59.4716,0.00018973837418
59.6087,0.000190126935154
59.7461,0.000190513894868
59.8839,0.000190899727092
60.0219,0.000191285048871
60.1603,0.000191670722784
60.299,0.000192057685127
60.438,0.000192447123466
60.5773,0.000192840433983
60.7169,0.000193239198613
60.8569,0.000193645281377
60.9972,0.000194060627434
61.1378,0.000194487397396
61.2787,0.000194927812813
61.42,0.000195384046914
61.5616,0.000195858161196
61.7035,0.000196351920226
61.8458,0.00019686662504
61.9883,0.000197402922905
62.1312,0.000197960533827
62.2744,0.000198538230333
62.418,0.000199133396189
62.5619,0.000199742039642
62.7061,0.00020035856056
62.8507,0.000200975683179
62.9956,0.000201584492281
63.1408,0.000202174429521
63.2863,0.000202733505548
63.4322,0.000203248428229
63.5784,0.000203704971612
63.725,0.00020408844875
63.8719,0.000204383952094
64.0191,0.000204576877805
64.1667,0.000204653444817
64.3146,0.000204601129627
64.4629,0.000204409013378
64.6115,0.000204068229814
64.7605,0.000203572089221
64.9097,0.000202916497212
65.0594,0.000202099857743
65.2094,0.000201123115073
65.3597,0.000199989763605
65.5103,0.000198705628866
65.6614,0.000197278681427
65.8127,0.000195718733013
65.9644,0.000194037325558
66.1165,0.000192247371231
66.2689,0.000190362820661
66.4217,0.000188398553555
66.5748,0.000186370137625
66.7283,0.000184293512477
66.8821,0.000182184962287
67.0363,0.000180060743128
67.1908,0.000177937112514
67.3457,0.000175829851944
67.5009,0.000173754280224
67.6566,0.00017172491262
67.8125,0.000169755078274
67.9688,0.000167856787004
68.1255,0.000166040357234
68.2826,0.000164314053192
68.44,0.000162684029804
68.5978,0.00016115384857
68.7559,0.000159724714753
68.9144,0.000158395157485
69.0732,0.000157161246031
69.2325,0.000156016819669
69.3921,0.000154953810029
69.552,0.000153962531136
69.7124,0.000153032411014
69.8731,0.000152152293793
70.0342,0.000151311217941
70.1956,0.000150498810689
70.3574,0.000149705877721
70.5196,0.000148924727262
70.6822,0.000148149575008
70.8451,0.000147376589009
71.0084,0.000146604156467
71.1721,0.000145832583813
71.3362,0.000145064037908
71.5006,0.000144302254895
71.6655,0.000143552206948
71.8307,0.00014281969935
71.9963,0.000142110948078
72.1622,0.000141432276291
72.3286,0.000140789620045
72.4953,0.000140188428959
72.6624,0.000139633229139
72.8299,0.000139127526786
72.9978,0.00013867383678
73.1661,0.000138273353521
73.3348,0.000137926287646
73.5038,0.000137631791427
73.6733,0.000137388051346
73.8431,0.000137192595536
74.0133,0.000137042325295
74.1839,0.000136933738409
74.3549,0.000136863199822
74.5264,0.000136826953214
74.6982,0.000136821515967
74.8704,0.000136843617924
75.0429,0.000136890458662
75.2159,0.000136959794793
75.3893,0.000137049938201
75.5631,0.000137159975325
75.7373,0.000137289608229
75.9119,0.000137439209159
76.0869,0.000137609968662
76.2623,0.00013780349534
76.4381,0.000138022054537
76.6143,0.00013826829799
76.7909,0.000138545085073
76.9679,0.000138855636155
77.1454,0.000139203092116
77.3232,0.000139590466283
77.5015,0.000140020422745
77.6801,0.00014049540068
77.8592,0.000141017059334
78.0387,0.000141586430303
78.2186,0.000142203683446
78.3989,0.000142868080732
78.5796,0.000143577877387
78.7608,0.000144330255245
78.9423,0.000145121387104
79.1243,0.000145946186355
79.3067,0.0001467987958
79.4895,0.000147672089242
79.6728,0.000148558232439
79.8564,0.00014944856573
80.0405,0.000150333726657
80.225,0.000151203882863
80.41,0.000152048959413
80.5953,0.000152858556947
80.7811,0.000153622328777
80.9673,0.000154330247914
81.154,0.000154972495903
81.3411,0.000155539843117
81.5286,0.00015602383559
81.7165,0.000156416822532
81.9049,0.000156711947403
82.0937,0.00015690365888
82.283,0.000156987413256
82.4726,0.000156959835878
82.6628,0.000156818770363
82.8533,0.000156563255613
83.0443,0.000156193720351
83.2357,0.000155711530411
83.4276,0.000155119256944
83.6199,0.000154420472598
83.8127,0.000153619762465
84.0059,0.000152722463507
84.1996,0.000151734732309
84.3937,0.000150663228658
84.5882,0.000149515117687
84.7832,0.000148298047525
84.9787,0.000147019660815
85.1746,0.000145688071225
85.3709,0.000144311023668
85.5677,0.000142896547995
85.765,0.000141452239917
85.9627,0.000139985507403
86.1608,0.000138503579056
86.3595,0.000137013015346
86.5585,0.000135520106197
86.7581,0.000134030800744
86.9581,0.000132550271317
87.1585,0.000131083349329
87.3594,0.000129634348394
87.5608,0.000128206949515
87.7627,0.0001268045668
87.965,0.000125429803247
88.1678,0.000124085056359
88.371,0.000122772114297
88.5747,0.000121492493448
88.7789,0.000120247238177
88.9836,0.00011903707544
89.1887,0.000117862377319
89.3943,0.000116723321675
89.6004,0.000115619746792
89.8069,0.00011455129815
90.014,0.000113517536325
90.2215,0.000112517746318
90.4294,0.000111551084451
90.6379,0.000110616749938
90.8469,0.000109713712842
91.0563,0.000108840900224
91.2662,0.000107997317688
91.4766,0.000107181757025
91.6874,0.000106393243178
91.8988,0.000105630549237
92.1107,0.000104892554911
92.323,0.000104178245903
92.5358,0.000103486573256
92.7491,0.000102816450777
92.9629,0.000102166903518
93.1772,0.000101537035927
93.392,0.000100925801677
93.6073,0.000100332413146
93.8231,9.97560323078e-05
94.0394,9.91957794896e-05
94.2562,9.86510422765e-05
94.4735,9.81210364528e-05
94.6913,9.76050195696e-05
94.9095,9.71024612087e-05
95.1283,9.66126720072e-05
95.3476,9.61351155471e-05
95.5674,9.56692930135e-05
95.7877,9.52147231331e-05
96.0085,9.47708454893e-05
96.2299,9.4337256421e-05
96.4517,9.3913550242e-05
96.674,9.34993047328e-05
96.8969,9.3094133384e-05
97.1203,9.26977198815e-05
97.3442,9.23097504319e-05
97.5686,9.19298517295e-05
97.7935,9.15577817599e-05
98.0189,9.11931983803e-05
98.2449,9.08359346557e-05
98.4713,9.04855938428e-05
98.6983,9.01420858179e-05
98.9259,8.9805126158e-05
99.1539,8.94744668513e-05
99.3825,8.91499658066e-05
99.6116,8.88313092936e-05
99.8412,8.85184505734e-05
100.071,8.82111538088e-05
100.302,8.7909175677e-05
100.533,8.76124552606e-05
100.765,8.7320791022e-05
100.997,8.70340855432e-05
101.23,8.67520875774e-05
101.464,8.64747303418e-05
101.697,8.62019213439e-05
101.932,8.59334148797e-05
102.167,8.56691528855e-05
102.402,8.54090242393e-05
102.638,8.51528873084e-05
102.875,8.49006452181e-05
103.112,8.46521025902e-05
103.35,8.44073435938e-05
103.588,8.41661562874e-05
103.827,8.39283518848e-05
104.066,8.36939846998e-05
104.306,8.34629305254e-05
104.547,8.32350280456e-05
104.788,8.30102916664e-05
105.029,8.27884719775e-05
105.271,8.2569725846e-05
105.514,8.23537865253e-05
105.757,8.21407019796e-05
106.001,8.19303655532e-05
106.245,8.17226526321e-05
106.49,8.15174756901e-05
106.736,8.13148307159e-05
106.982,8.1114779908e-05
107.228,8.09170397035e-05
107.476,8.07215879035e-05
107.723,8.05284970003e-05
107.972,8.03376159481e-05
108.221,8.01489269114e-05
108.47,7.99623339138e-05
108.72,7.97778935093e-05
108.971,7.95954220175e-05
109.222,7.94149534462e-05
109.474,7.92364040621e-05
109.726,7.90597390236e-05
109.979,7.88849432035e-05
110.233,7.87119544837e-05
110.487,7.85407329602e-05
110.741,7.83711970256e-05
110.997,7.82034208247e-05
111.253,7.80372711066e-05
111.509,7.78727586129e-05
111.766,7.77098183794e-05
112.024,7.75484711251e-05
112.282,7.73885383713e-05
112.541,7.72301858272e-05
112.8,7.70731995156e-05
113.06,7.69177634479e-05
113.321,7.67635520126e-05
113.582,7.66108627461e-05
113.844,7.64594052371e-05
114.106,7.63092722281e-05
114.369,7.61604275907e-05
114.633,7.60128375786e-05
114.897,7.5866431469e-05
115.162,7.57212526402e-05
115.428,7.55772319165e-05
115.694,7.54343066709e-05
115.96,7.52925630414e-05
116.228,7.51518958331e-05
116.496,7.50122870919e-05
116.764,7.48736338452e-05
117.033,7.47361406169e-05
117.303,7.45995426825e-05
117.574,7.44639454168e-05
117.845,7.43292118124e-05
118.116,7.41954956535e-05
118.389,7.40625818906e-05
118.662,7.39305913158e-05
118.935,7.37994805336e-05
119.209,7.36691918948e-05
119.484,7.35396361874e-05
119.759,7.34108803441e-05
120.036,7.32829317848e-05
120.312,7.315567478e-05
120.59,7.30291572524e-05
120.868,7.29033125401e-05
121.146,7.2778087036e-05
121.425,7.26535445625e-05
121.705,7.25296450932e-05
121.986,7.24062627012e-05
122.267,7.22835627829e-05
122.549,7.21613759054e-05
122.832,7.20396480124e-05
123.115,7.19185408438e-05
123.398,7.1797824731e-05
123.683,7.16777034727e-05
123.968,7.15579796035e-05
124.254,7.14386023844e-05
124.54,7.13197616337e-05
124.827,7.12012494415e-05
125.115,7.10830935028e-05
125.404,7.09651977216e-05
125.693,7.08477678851e-05
125.982,7.07305528415e-05
126.273,7.06137065916e-05
126.564,7.04971393059e-05
126.856,7.03807581624e-05
127.148,7.02646823717e-05
127.441,7.01487233847e-05
127.735,7.00331037241e-05
128.029,6.99176859072e-05
128.325,6.98023460782e-05
128.62,6.96872659193e-05
128.917,6.95723099054e-05
129.214,6.94575146689e-05
129.512,6.93428523177e-05
129.811,6.92283471692e-05
130.11,6.91139930157e-05
130.41,6.89997165935e-05
130.71,6.88855408115e-05
131.012,6.87715317889e-05
131.314,6.86576095868e-05
131.616,6.8543859454e-05
131.92,6.84302530936e-05
132.224,6.83166883675e-05
132.529,6.82033106406e-05
132.834,6.80900572786e-05
133.14,6.79770098387e-05
133.447,6.78639912266e-05
133.755,6.7751304203e-05
134.063,6.76387066611e-05
134.372,6.75264952107e-05
134.682,6.74143942262e-05
134.993,6.7302478432e-05
135.304,6.71908087904e-05
135.616,6.7079585321e-05
135.928,6.69686049021e-05
136.242,6.68580021406e-05
136.556,6.67477372203e-05
136.871,6.66378877952e-05
137.186,6.65285193858e-05
137.502,6.64195239088e-05
137.819,6.63110117179e-05
138.137,6.62030937136e-05
138.455,6.60957369915e-05
138.775,6.59889377695e-05
139.094,6.58827747611e-05
139.415,6.57772509648e-05
139.737,6.56725082516e-05
140.059,6.55684187655e-05
140.382,6.54650925712e-05
140.705,6.5362629203e-05
141.029,6.52608608154e-05
141.355,6.5160084232e-05
141.68,6.50602705686e-05
142.007,6.49612179295e-05
142.334,6.48632538528e-05
142.663,6.47663192781e-05
142.991,6.46703313585e-05
143.321,6.45753848541e-05
143.651,6.4481589845e-05
143.983,6.43889083402e-05
144.314,6.42971891037e-05
144.647,6.42067784094e-05
144.981,6.41176261951e-05
145.315,6.40294794242e-05
145.65,6.39425890567e-05
145.986,6.38568963009e-05
146.322,6.37724611634e-05
146.659,6.36893524069e-05
146.997,6.36074874764e-05
147.336,6.35267454233e-05
147.676,6.34474228484e-05
148.016,6.33694202615e-05
148.358,6.32925787508e-05
148.7,6.32170616073e-05
149.042,6.31428210895e-05
149.386,6.30698755365e-05
149.73,6.29981376429e-05
150.076,6.29278013535e-05
150.421,6.28584988822e-05
150.768,6.27906181893e-05
151.116,6.27239596783e-05
151.464,6.26583567972e-05
151.813,6.25941651067e-05
152.163,6.25311603457e-05
152.514,6.24691727353e-05
152.866,6.24084867249e-05
153.218,6.23487836251e-05
153.571,6.22903297464e-05
153.925,6.22329136496e-05
154.28,6.21767220491e-05
154.636,6.21215422908e-05
154.992,6.20672540287e-05
155.35,6.20141255926e-05
155.708,6.1961940074e-05
156.067,6.19106812252e-05
156.426,6.1860443846e-05
156.787,6.18110063255e-05
157.148,6.17626268829e-05
157.511,6.17150039509e-05
157.874,6.16683467188e-05
158.238,6.16224484596e-05
158.602,6.15772789514e-05
158.968,6.1532867205e-05
159.335,6.14893170707e-05
159.702,6.14464679669e-05
160.07,6.14044282937e-05
160.439,6.1362903626e-05
160.809,6.13220943905e-05
161.18,6.12820265923e-05
161.551,6.12425405709e-05
161.923,6.12034356646e-05
162.297,6.1165263791e-05
162.671,6.11275038455e-05
163.046,6.10903673759e-05
163.422,6.10537346634e-05
163.798,6.10174364499e-05
164.176,6.0981643152e-05
164.555,6.09465313868e-05
164.934,6.09117977216e-05
165.314,6.08775810949e-05
165.695,6.08437580408e-05
166.077,6.08101733525e-05
166.46,6.07771936788e-05
166.844,6.0744507462e-05
167.228,6.07123589699e-05
167.614,6.06804508876e-05
168,6.06487988515e-05
168.388,6.06176689781e-05
168.776,6.05867752695e-05
169.165,6.05562428648e-05
169.555,6.0526017796e-05
169.946,6.0496076137e-05
170.337,6.04664782183e-05
170.73,6.04371624739e-05
171.124,6.04080106463e-05
171.518,6.03793763527e-05
171.913,6.03506449929e-05
172.31,6.03225311016e-05
172.707,6.02945921232e-05
173.105,6.02669516996e-05
173.504,6.02392971635e-05
173.904,6.02120014192e-05
174.305,6.01851496906e-05
174.707,6.01582148175e-05
175.11,6.01315999567e-05
175.513,6.01053119373e-05
175.918,6.0079349353e-05
176.323,6.00532323893e-05
176.73,6.00276390652e-05
177.137,6.00022185434e-05
177.546,5.99767178888e-05
177.955,5.99517185802e-05
178.365,5.99268412596e-05
178.776,5.99021500797e-05
179.188,5.98775644855e-05
179.601,5.98533911297e-05
180.015,5.98290800967e-05
180.43,5.9805104251e-05
180.846,5.9781337353e-05
181.263,5.97577791138e-05
181.681,5.97345336497e-05
182.1,5.97112316213e-05
182.52,5.96881290765e-05
182.941,5.96652797731e-05
183.362,5.96424656398e-05
183.785,5.9620112049e-05
184.209,5.95978669562e-05
184.633,5.95755743278e-05
185.059,5.95535648058e-05
185.485,5.95317883908e-05
185.913,5.951012877e-05
186.342,5.9488511396e-05
186.771,5.94671670868e-05
187.202,5.9446084783e-05
187.633,5.9425022324e-05
188.066,5.94042522593e-05
188.499,5.93834518211e-05
188.934,5.93628263334e-05
189.369,5.93424729195e-05
189.806,5.93223639989e-05
190.244,5.9302172376e-05
190.682,5.92824703964e-05
191.122,5.92628110731e-05
191.562,5.92431716535e-05
192.004,5.92237597139e-05
192.446,5.92043487064e-05
192.89,5.91853081175e-05
193.335,5.91662728057e-05
193.78,5.91475524673e-05
194.227,5.9128686836e-05
194.675,5.91103283859e-05
195.124,5.90919734474e-05
195.573,5.90738731761e-05
196.024,5.90558513539e-05
196.476,5.9037858797e-05
196.929,5.90201141354e-05
197.383,5.90025099059e-05
197.838,5.8984838788e-05
198.294,5.89677122501e-05
198.751,5.89504794313e-05
199.209,5.89334449139e-05
199.669,5.89167488488e-05
200.129,5.88998488561e-05
200.59,5.88833302902e-05
201.053,5.88669175427e-05
201.516,5.88504927249e-05
201.981,5.88343456416e-05
202.446,5.88182707104e-05
202.913,5.88024155609e-05
203.381,5.87868768369e-05
203.85,5.87712325044e-05
204.32,5.87555355311e-05
204.791,5.87403541253e-05
205.263,5.87252427767e-05
205.736,5.87100118399e-05
206.21,5.8695173909e-05
206.685,5.86805908338e-05
207.162,5.86658768124e-05
207.639,5.86513564256e-05
208.118,5.86371257989e-05
208.598,5.86228218916e-05
209.079,5.86085939522e-05
209.561,5.85945790799e-05
210.044,5.85808603014e-05
210.528,5.85671595752e-05
211.013,5.85536862388e-05
211.5,5.8540367709e-05
211.987,5.8526791986e-05
212.476,5.8513792532e-05
212.966,5.85006596417e-05
213.457,5.84878364437e-05
213.949,5.84752245113e-05
214.442,5.84625895356e-05
214.936,5.84497816053e-05
215.432,5.84376697044e-05
215.928,5.84255599975e-05
216.426,5.84132691876e-05
216.925,5.84012935247e-05
217.425,5.83894083016e-05
217.926,5.8377900745e-05
218.429,5.8366013079e-05
218.932,5.83544452389e-05
219.437,5.83430471439e-05
219.943,5.83322299928e-05
220.45,5.83209119815e-05
220.958,5.8310157141e-05
221.467,5.8299196507e-05
221.978,5.82884294498e-05
222.49,5.82779800145e-05
223.003,5.82673697256e-05
223.517,5.82570715537e-05
224.032,5.82466756996e-05
224.548,5.82367179996e-05
225.066,5.82267522625e-05
225.585,5.82168528335e-05
226.105,5.82074292771e-05
226.626,5.81974689735e-05
227.149,5.81878930274e-05
227.672,5.81787683126e-05
228.197,5.81693747307e-05
228.723,5.81600582414e-05
229.25,5.81515490376e-05
229.779,5.81423304572e-05
230.308,5.81336806626e-05
230.839,5.81250652079e-05
231.372,5.81162821047e-05
231.905,5.81081368377e-05
232.439,5.80996546201e-05
232.975,5.80911791788e-05
233.512,5.80831437541e-05
234.051,5.80757476843e-05
234.59,5.80677237792e-05
235.131,5.80598451647e-05
235.673,5.80523132572e-05
236.216,5.80447974196e-05
236.761,5.80376906182e-05
237.307,5.80300700542e-05
237.854,5.80229642891e-05
238.402,5.80157685659e-05
238.952,5.80087519837e-05
239.502,5.8001885933e-05
240.055,5.79950198338e-05
240.608,5.79886999896e-05
241.163,5.79823344321e-05
241.718,5.79756251767e-05
242.276,5.79697997725e-05
242.834,5.79634468793e-05
243.394,5.79576991507e-05
243.955,5.7951429561e-05
244.517,5.79456049185e-05
245.081,5.79399696223e-05
245.646,5.79346333624e-05
246.212,5.79289842765e-05
246.78,5.7923315045e-05
247.349,5.79183416457e-05
247.919,5.79131673411e-05
248.491,5.79081840296e-05
249.063,5.79032817672e-05
249.638,5.78977381211e-05
250.213,5.78933110944e-05
250.79,5.78889329693e-05
251.368,5.78845511916e-05
251.947,5.78794654864e-05
252.528,5.78753157611e-05
253.11,5.78711496217e-05
253.694,5.78666355976e-05
254.279,5.78633627497e-05
254.865,5.78590018653e-05
255.452,5.78550157245e-05
256.041,5.78518768468e-05
256.631,5.78479362471e-05
257.223,5.78441238337e-05
257.816,5.78411762143e-05
258.41,5.78378266217e-05
259.006,5.78339793521e-05
259.603,5.78311993433e-05
260.202,5.7828363819e-05
260.801,5.78255528461e-05
261.403,5.78224377346e-05
262.005,5.78197033821e-05
262.609,5.7817132092e-05
263.215,5.78148116053e-05
263.821,5.78118552843e-05
264.429,5.78099287511e-05
265.039,5.78073568546e-05
265.65,5.78052573771e-05
266.262,5.78032680251e-05
266.876,5.78012960812e-05
267.491,5.77993381554e-05
268.108,5.77974851597e-05
268.726,5.77961573944e-05
269.346,5.77948687218e-05
269.967,5.7793321657e-05
270.589,5.77916411951e-05
271.213,5.77903685412e-05
271.838,5.77891500209e-05
272.464,5.77883802057e-05
273.093,5.77869356557e-05
273.722,5.77863693053e-05
274.353,5.77857097396e-05
274.986,5.77847275635e-05
275.619,5.77838177533e-05
276.255,5.77836297896e-05
276.892,5.77836105936e-05
277.53,5.77833416845e-05
278.17,5.77825285205e-05
278.811,5.77825061139e-05
279.454,5.77825965553e-05
280.098,5.77822225031e-05
280.744,5.77825977391e-05
281.391,5.77822835708e-05
282.039,5.77834091089e-05
282.69,5.77835819583e-05
283.341,5.77840578437e-05
283.994,5.77844124087e-05
284.649,5.77853040107e-05
285.305,5.77860282555e-05
285.963,5.77865872563e-05
286.622,5.77876804312e-05
287.283,5.77889913915e-05
287.945,5.77892246184e-05
288.609,5.77906847671e-05
289.274,5.77922366293e-05
289.941,5.77937302011e-05
290.61,5.77951363836e-05
291.279,5.77965749077e-05
291.951,5.77982860857e-05
292.624,5.77993092814e-05
293.299,5.78017346221e-05
293.975,5.78036462634e-05
294.652,5.78053556735e-05
295.332,5.78074143471e-05
296.012,5.78093778877e-05
296.695,5.78121681284e-05
297.379,5.78141657701e-05
298.064,5.78162915252e-05
298.751,5.78191204435e-05
299.44,5.78214073396e-05
300.13,5.78239141962e-05
300.822,5.78276651581e-05
301.516,5.78299781214e-05
302.211,5.78328309849e-05
302.907,5.78359605552e-05
303.606,5.78393518517e-05
304.306,5.78420577661e-05
305.007,5.78453513903e-05
305.71,5.78489592645e-05
306.415,5.7851492087e-05
307.121,5.78547531938e-05
307.829,5.78594855718e-05
308.539,5.78624600789e-05
309.25,5.78653036154e-05
309.963,5.7870662127e-05
