wl,n
0.0309963,0.916664002283
0.0310678,0.916221490956
0.0311394,0.91577684292
0.0312112,0.915330049835
0.0312831,0.914881099934
0.0313552,0.914429979961
0.0314275,0.913976680092
0.0315,0.913521187736
0.0315726,0.91306349312
0.0316453,0.912603583029
0.0317183,0.912141444214
0.0317914,0.91167706945
0.0318647,0.911210441866
0.0319382,0.910741552922
0.0320118,0.910270388413
0.0320856,0.909796937704
0.0321595,0.909324314541
0.0322337,0.908844596134
0.032308,0.908360215811
0.0323825,0.907882846038
0.0324571,0.907392721074
0.0325319,0.906909362145
0.0326069,0.906420484856
0.0326821,0.905925303139
0.0327574,0.905428697089
0.0328329,0.904935848124
0.0329086,0.904434970507
0.0329845,0.903933393225
0.0330605,0.903429871801
0.0331367,0.902921680651
0.0332131,0.902412205145
0.0332897,0.90189900028
0.0333664,0.901385090715
0.0334434,0.900869169639
0.0335205,0.900352161785
0.0335977,0.899829295327
0.0336752,0.899306631623
0.0337528,0.898778774311
0.0338306,0.898249238968
0.0339086,0.897713789934
0.0339868,0.897183591183
0.0340651,0.89664181983
0.0341436,0.896101118955
0.0342224,0.895560638712
0.0343012,0.895032216441
0.0343803,0.894466303246
0.0344596,0.893918228013
0.034539,0.893369398419
0.0346186,0.892800122134
0.0346984,0.892262443597
0.0347784,0.891683504979
0.0348586,0.891143379806
0.034939,0.890568925039
0.0350195,0.890004036767
0.0351002,0.889432790414
0.0351811,0.88884493403
0.0352622,0.888274171429
0.0353435,0.887697262903
0.035425,0.88709897989
0.0355067,0.886501406268
0.0355885,0.885915192794
0.0356706,0.885322573568
0.0357528,0.884724793373
0.0358352,0.884139303776
0.0359178,0.883541466403
0.0360006,0.88292973592
0.0360836,0.882296389283
0.0361668,0.881723634809
0.0362502,0.881074644121
0.0363337,0.880478469827
0.0364175,0.879848342723
0.0365014,0.879238283537
0.0365856,0.878617443475
0.0366699,0.877990231976
0.0367544,0.877349455472
0.0368392,0.876724884534
0.0369241,0.876057808543
0.0370092,0.875440466337
0.0370945,0.874781939998
0.03718,0.874150230999
0.0372658,0.873496012141
0.0373517,0.87285164308
0.0374378,0.872175077746
0.0375241,0.871523039792
0.0376106,0.870844949378
0.0376973,0.870172827562
0.0377842,0.869507933438
0.0378713,0.86883791507
0.0379586,0.868159238722
0.0380461,0.867467616725
0.0381338,0.866796772108
0.0382217,0.866109019466
0.0383098,0.865416029158
0.0383981,0.864721962855
0.0384866,0.864020259672
0.0385754,0.863313762142
0.0386643,0.862588111499
0.0387534,0.861907102789
0.0388427,0.861184583597
0.0389323,0.860461550282
0.039022,0.859752439731
0.039112,0.859028395677
0.0392021,0.858284865431
0.0392925,0.857561119868
0.0393831,0.85681413263
0.0394739,0.856089339215
0.0395649,0.855346194299
0.0396561,0.854585171732
0.0397475,0.853847414864
0.0398391,0.853086269631
0.039931,0.852327196954
0.040023,0.85156659956
0.0401153,0.850798561985
0.0402078,0.850040526213
0.0403004,0.849264318088
0.0403934,0.848484581792
0.0404865,0.847703300478
0.0405798,0.8469078315
0.0406733,0.846135020126
0.0407671,0.845328724217
0.0408611,0.844545030123
0.0409553,0.843732746158
0.0410497,0.842928513957
0.0411443,0.842111767429
0.0412392,0.841290509447
0.0413342,0.840484276869
0.0414295,0.839656820796
0.041525,0.838827305462
0.0416207,0.838003261221
0.0417167,0.837166762535
0.0418129,0.83631425235
0.0419092,0.835472314239
0.0420059,0.834635424704
0.0421027,0.833771805057
0.0421998,0.832920763631
0.042297,0.832053121997
0.0423945,0.831186331996
0.0424923,0.83032463321
0.0425902,0.829447699622
0.0426884,0.828556833654
0.0427868,0.827678295802
0.0428854,0.826780215934
0.0429843,0.825888217296
0.0430834,0.824985183781
0.0431827,0.824088170549
0.0432823,0.823177025875
0.043382,0.822246880243
0.043482,0.821354483345
0.0435823,0.820418666185
0.0436827,0.819488646142
0.0437834,0.81855875933
0.0438844,0.817616890405
0.0439855,0.816676390013
0.0440869,0.815727861267
0.0441886,0.814775358706
0.0442904,0.81382003701
0.0443925,0.812856831253
0.0444949,0.811891334313
0.0445974,0.810912649548
0.0447002,0.809931705261
0.0448033,0.808938830362
0.0449066,0.807958363575
0.0450101,0.806518735572
0.0451138,0.805835839407
0.0452178,0.80527635741
0.0453221,0.803672109564
0.0454266,0.803157222708
0.0455313,0.801937049171
0.0456362,0.800623142949
0.0457414,0.799867839936
0.0458469,0.798658812597
0.0459526,0.797928858425
0.0460585,0.796686974043
0.0461647,0.795321727521
0.0462711,0.794610428469
0.0463778,0.793577353501
0.0464847,0.792256278515
0.0465918,0.791501719558
0.0466992,0.790210186897
0.0468069,0.788854995164
0.0469148,0.78804967948
0.047023,0.786711306034
0.0471313,0.785744178706
0.04724,0.784782541923
0.0473489,0.783475745627
0.047458,0.782459999072
0.0475675,0.781371889766
0.0476771,0.780013337771
0.047787,0.779311773164
0.0478972,0.777737628163
0.0480076,0.776770941792
0.0481183,0.775425125633
0.0482292,0.774598147317
0.0483404,0.773438933518
0.0484518,0.772107050757
0.0485635,0.770605532454
0.0486754,0.769951771848
0.0487876,0.767970415733
0.0489001,0.766805033945
0.0490128,0.765790431511
0.0491258,0.764958962497
0.0492391,0.763548031821
0.0493526,0.762754508001
0.0494664,0.761254165502
0.0495804,0.759877230488
0.0496947,0.758350927221
0.0498092,0.757177702211
0.0499241,0.755880276738
0.0500391,0.754706247332
0.0501545,0.753516148781
0.0502701,0.751893421835
0.050386,0.750899390036
0.0505022,0.749082220672
0.0506186,0.748310843489
0.0507353,0.746829912434
0.0508522,0.745565923344
0.0509694,0.743997324548
0.0510869,0.743178093765
0.0512047,0.741499921461
0.0513227,0.740176181202
0.0514411,0.73827384105
0.0515596,0.737294402923
0.0516785,0.736184871464
0.0517976,0.734437948792
0.051917,0.733179752494
0.0520367,0.732099197302
0.0521567,0.730123324577
0.0522769,0.728639361068
0.0523974,0.72704655561
0.0525182,0.726083760064
0.0526393,0.724170158274
0.0527606,0.722656826206
0.0528822,0.721138738662
0.0530042,0.719602816536
0.0531263,0.718306073714
0.0532488,0.716743654756
0.0533716,0.715425522413
0.0534946,0.71383275394
0.0536179,0.712093069564
0.0537415,0.710283380425
0.0538654,0.709282936386
0.0539896,0.707240426733
0.054114,0.70575390556
0.0542388,0.704044309368
0.0543638,0.702552960694
0.0544891,0.70100923775
0.0546147,0.699540640069
0.0547406,0.697618929984
0.0548668,0.69602459192
0.0549933,0.694624676781
0.0551201,0.692431160777
0.0552471,0.691018515195
0.0553745,0.689200989794
0.0555022,0.687455206346
0.0556301,0.685697635601
0.0557583,0.684140306132
0.0558869,0.682732610489
0.0560157,0.680336805793
0.0561448,0.678974274523
0.0562743,0.677373011077
0.056404,0.675485401446
0.056534,0.673269787594
0.0566643,0.671746935176
0.056795,0.669871448785
0.0569259,0.668008931941
0.0570571,0.665887893893
0.0571887,0.664476304842
0.0573205,0.662215129701
0.0574526,0.659938335868
0.0575851,0.658643850055
0.0577178,0.656454905832
0.0578509,0.654478322337
0.0579842,0.652544106958
0.0581179,0.650525773963
0.0582519,0.648040840912
0.0583862,0.646693961428
0.0585207,0.644234578265
0.0586557,0.642542831575
0.0587909,0.640004100911
0.0589264,0.638039870918
0.0590622,0.636209321746
0.0591984,0.633609639006
0.0593349,0.631512784702
0.0594716,0.629451710406
0.0596087,0.627308996177
0.0597461,0.62517399712
0.0598839,0.623022660978
0.0600219,0.620678756393
0.0601603,0.618281033048
0.060299,0.615780817069
0.060438,0.613749058215
0.0605773,0.611073995326
0.0607169,0.608837149235
0.0608569,0.606402443131
0.0609972,0.604013877384
0.0611378,0.601596677499
0.0612787,0.599096132554
0.06142,0.596732541915
0.0615616,0.593968176658
0.0617035,0.591151667294
0.0618458,0.588845449185
0.0619883,0.58607109603
0.0621312,0.583339565393
0.0622744,0.580491136838
0.062418,0.577774467044
0.0625619,0.575119756573
0.0627061,0.572539199704
0.0628507,0.56943726679
0.0629956,0.566564708535
0.0631408,0.563563090362
0.0632863,0.560365467884
0.0634322,0.557567668145
0.0635784,0.554345806096
0.063725,0.551529848434
0.0638719,0.548354947785
0.0640191,0.545095925105
0.0641667,0.541654031344
0.0643146,0.538691059157
0.0644629,0.535224785685
0.0646115,0.531963915857
0.0647605,0.528385962797
0.0649097,0.524807748486
0.0650594,0.521665809841
0.0652094,0.518434267845
0.0653597,0.514887045224
0.0655103,0.511289686538
0.0656614,0.508030678532
0.0658127,0.504744546056
0.0659644,0.501541569109
0.0661165,0.498374450917
0.0662689,0.495011222602
0.0664217,0.491809885655
0.0665748,0.488912309621
0.0667283,0.48587821629
0.0668821,0.48302022779
0.0670363,0.480137353737
0.0671908,0.47729657851
0.0673457,0.474856853663
0.0675009,0.472093622898
0.0676566,0.469334373157
0.0678125,0.466911066068
0.0679688,0.464828645472
0.0681255,0.462526845944
0.0682826,0.460404511041
0.06844,0.457975558679
0.0685978,0.455832292472
0.0687559,0.453729704285
0.0689144,0.451646956777
0.0690732,0.449699138564
0.0692325,0.447415057287
0.0693921,0.44556093053
0.069552,0.443329362672
0.0697124,0.441103465465
0.0698731,0.438900842356
0.0700342,0.436696919472
0.0701956,0.434535120789
0.0703574,0.432296345388
0.0705196,0.43010885917
0.0706822,0.427796526639
0.0708451,0.425140241465
0.0710084,0.422917143059
0.0711721,0.420231102988
0.0713362,0.417595205572
0.0715006,0.415098972219
0.0716655,0.412454553191
0.0718307,0.409817579735
0.0719963,0.407139353825
0.0721622,0.404346779276
0.0723286,0.401330707125
0.0724953,0.398629598384
0.0726624,0.395754271432
0.0728299,0.392905852085
0.0729978,0.389848071984
0.0731661,0.386855963463
0.0733348,0.383798552031
0.0735038,0.380913822819
0.0736733,0.377563610053
0.0738431,0.374727710678
0.0740133,0.371582534963
0.0741839,0.3683264737
0.0743549,0.365286447708
0.0745264,0.362343767047
0.0746982,0.358990302373
0.0748704,0.355886571832
0.0750429,0.352853256617
0.0752159,0.349539512328
0.0753893,0.346433387094
0.0755631,0.343246818053
0.0757373,0.340395158094
0.0759119,0.337366695647
0.0760869,0.334168139939
0.0762623,0.331003965515
0.0764381,0.327980029317
0.0766143,0.325008467991
0.0767909,0.322228549992
0.0769679,0.319057658796
0.0771454,0.316173801975
0.0773232,0.313242760595
0.0775015,0.310403082921
0.0776801,0.307641895539
0.0778592,0.304842008495
0.0780387,0.302226266253
0.0782186,0.299429814235
0.0783989,0.296895018606
0.0785796,0.294344972833
0.0787608,0.291714045277
0.0789423,0.289305623524
0.0791243,0.286903650906
0.0793067,0.284498980667
0.0794895,0.282176089412
0.0796728,0.280056813587
0.0798564,0.277895387508
0.0800405,0.275847776482
0.080225,0.273763004252
0.08041,0.271781783973
0.0805953,0.269928463502
0.0807811,0.268061056149
0.0809673,0.26638785832
0.081154,0.264662721187
0.0813411,0.263082336821
0.0815286,0.261627359369
0.0817165,0.260242508126
0.0819049,0.258787077746
0.0820937,0.257564297925
0.082283,0.256284577999
0.0824726,0.255081523372
0.0826628,0.253967905581
0.0828533,0.252901678947
0.0830443,0.251893427017
0.0832357,0.250992189902
0.0834276,0.250162231888
0.0836199,0.249263667985
0.0838127,0.248434455192
0.0840059,0.247719112188
0.0841996,0.247052792064
0.0843937,0.246397406855
0.0845882,0.245720314561
0.0847832,0.245163701074
0.0849787,0.244667713812
0.0851746,0.244072478278
0.0853709,0.243649227038
0.0855677,0.243234435622
0.085765,0.242740612511
0.0859627,0.242293554429
0.0861608,0.241907938436
0.0863595,0.241504198448
0.0865585,0.241117850836
0.0867581,0.24069406446
0.0869581,0.240298137674
0.0871585,0.239837512116
0.0873594,0.239394018827
0.0875608,0.23891256707
0.0877627,0.238376202361
0.087965,0.237866024038
0.0881678,0.237249818518
0.088371,0.236641770145
0.0885747,0.236068711465
0.0887789,0.235371157265
0.0889836,0.234745053184
0.0891887,0.233998189479
0.0893943,0.23331593585
0.0896004,0.232623972989
0.0898069,0.231863316024
0.090014,0.231140835435
0.0902215,0.230448406933
0.0904294,0.229733928304
0.0906379,0.229022526097
0.0908469,0.228376142045
0.0910563,0.227738836397
0.0912662,0.227151402914
0.0914766,0.226552872587
0.0916874,0.226044397985
0.0918988,0.225563038958
0.0921107,0.225134539107
0.092323,0.224756467897
0.0925358,0.224430025991
0.0927491,0.224194499832
0.0929629,0.22398451216
0.0931772,0.223830711701
0.093392,0.223750386388
0.0936073,0.223725881016
0.0938231,0.223752272152
0.0940394,0.223825050509
0.0942562,0.223970471358
0.0944735,0.224164417734
0.0946913,0.224428426331
0.0949095,0.224716933797
0.0951283,0.225076633313
0.0953476,0.225457776299
0.0955674,0.225905680153
0.0957877,0.226377467589
0.0960085,0.226896072502
0.0962299,0.227435064864
0.0964517,0.22801407679
0.096674,0.228638253132
0.0968969,0.22928636081
0.0971203,0.229948770512
0.0973442,0.230659232314
0.0975686,0.231377773839
0.0977935,0.232124631825
0.0980189,0.232889738755
0.0982449,0.233670720465
0.0984713,0.234473233079
0.0986983,0.235294409088
0.0989259,0.236135677788
0.0991539,0.236973090797
0.0993825,0.237829761544
0.0996116,0.23872575971
0.0998412,0.239600632616
0.100071,0.240509383043
0.100302,0.241425276278
0.100533,0.242330976298
0.100765,0.243272241443
0.100997,0.244225687462
0.10123,0.245181924542
0.101464,0.246145243546
0.101697,0.247113614585
0.101932,0.248111238976
0.102167,0.249113509322
0.102402,0.250115893868
0.102638,0.251142376882
0.102875,0.252180706789
0.103112,0.253229006171
0.10335,0.254292474534
0.103588,0.255367533706
0.103827,0.25645526508
0.104066,0.257556180482
0.104306,0.258665732951
0.104547,0.25979844503
0.104788,0.260949968372
0.105029,0.262118861247
0.105271,0.263297961951
0.105514,0.26448597488
0.105757,0.265708359717
0.106001,0.266936779176
0.106245,0.268186831492
0.10649,0.269464545808
0.106736,0.27075836333
0.106982,0.272065724826
0.107228,0.273405678293
0.107476,0.274764845363
0.107723,0.276149976524
0.107972,0.277558386377
0.108221,0.278987644521
0.10847,0.280453526838
0.10872,0.281943324915
0.108971,0.283466512196
0.109222,0.285013776694
0.109474,0.286602008789
0.109726,0.28822636274
0.109979,0.289886228243
0.110233,0.291591317282
0.110487,0.29333250547
0.110741,0.29512004928
0.110997,0.29695327928
0.111253,0.298844349344
0.111509,0.300797520647
0.111766,0.302790280369
0.112024,0.304870215588
0.112282,0.307005377623
0.112541,0.309221701023
0.1128,0.3115124361
0.11306,0.313877493297
0.113321,0.316338155548
0.113582,0.318883565051
0.113844,0.321525610216
0.114106,0.324280658614
0.114369,0.327125400502
0.114633,0.330081587596
0.114897,0.333147839067
0.115162,0.336325320724
0.115428,0.339613696263
0.115694,0.343025372988
0.11596,0.346535619069
0.116228,0.350158711132
0.116496,0.353887045613
0.116764,0.35769735333
0.117033,0.361598987131
0.117303,0.36557350796
0.117574,0.369603632301
0.117845,0.37368387108
0.118116,0.377776110215
0.118389,0.381884480015
0.118662,0.385968430541
0.118935,0.390021824635
0.119209,0.394006478255
0.119484,0.397908483061
0.119759,0.401704058445
0.120036,0.405371705264
0.120312,0.408891597064
0.12059,0.412246514837
0.120868,0.415415976889
0.121146,0.418404851276
0.121425,0.421189229107
0.121705,0.423780721425
0.121986,0.426188014445
0.122267,0.428408591227
0.122549,0.430452060516
0.122832,0.432326316215
0.123115,0.434049260899
0.123398,0.435641305046
0.123683,0.437108515171
0.123968,0.438477085466
0.124254,0.439728905553
0.12454,0.440912422281
0.124827,0.442008584086
0.125115,0.443050805883
0.125404,0.444043477925
0.125693,0.445001046104
0.125982,0.445915943578
0.126273,0.446834396539
0.126564,0.447736443519
0.126856,0.448649762843
0.127148,0.449575230832
0.127441,0.450533037152
0.127735,0.451531971486
0.128029,0.452570273939
0.128325,0.453657965176
0.12862,0.454802194017
0.128917,0.456000126181
0.129214,0.457265604057
0.129512,0.458584412047
0.129811,0.45996119139
0.13011,0.46139924987
0.13041,0.462893538372
0.13071,0.46443820293
0.131012,0.466044079147
0.131314,0.467688606611
0.131616,0.46938077207
0.13192,0.471112071997
0.132224,0.472879780861
0.132529,0.474688912974
0.132834,0.476517979149
0.13314,0.478387430935
0.133447,0.480275871579
0.133755,0.482193501457
0.134063,0.484132815011
0.134372,0.486093635555
0.134682,0.488070478312
0.134993,0.490071670974
0.135304,0.492085494673
0.135616,0.49411201889
0.135928,0.496160913795
0.136242,0.498225366752
0.136556,0.500305553158
0.136871,0.502390112437
0.137186,0.50449328051
0.137502,0.506614065786
0.137819,0.508739316944
0.138137,0.510873484562
0.138455,0.513016443231
0.138775,0.515154623339
0.139094,0.517305261016
0.139415,0.519441337562
0.139737,0.521575421274
0.140059,0.523691751591
0.140382,0.525790456884
0.140705,0.527865381441
0.141029,0.529909176795
0.141355,0.531915806913
0.14168,0.533882629957
0.142007,0.535800239749
0.142334,0.537666580649
0.142663,0.539476314609
0.142991,0.541232234174
0.143321,0.542927219042
0.143651,0.544562101282
0.143983,0.546148219582
0.144314,0.547680867132
0.144647,0.549162937116
0.144981,0.55060439782
0.145315,0.552020473789
0.14565,0.553412925361
0.145986,0.554791459553
0.146322,0.55618221216
0.146659,0.557581637908
0.146997,0.559003001609
0.147336,0.560466021378
0.147676,0.561981864605
0.148016,0.563554150304
0.148358,0.565197296526
0.1487,0.566914817734
0.149042,0.568724183978
0.149386,0.570621263192
0.14973,0.572611521235
0.150076,0.574695349928
0.150421,0.576877778255
0.150768,0.579148251139
0.151116,0.581514565054
0.151464,0.583960614673
0.151813,0.586482579115
0.152163,0.589076408614
0.152514,0.59173330703
0.152866,0.594437864454
0.153218,0.597174285351
0.153571,0.599939738463
0.153925,0.602717614141
0.15428,0.605490168524
0.154636,0.608248885752
0.154992,0.610971622982
0.15535,0.613647500783
0.155708,0.616261313344
0.156067,0.618793018255
0.156426,0.621235220055
0.156787,0.623569776075
0.157148,0.625788756057
0.157511,0.627875584739
0.157874,0.629820667443
0.158238,0.631626600976
0.158602,0.6332756493
0.158968,0.634776957324
0.159335,0.636117684394
0.159702,0.63731211184
0.16007,0.638357044485
0.160439,0.639262211998
0.160809,0.64003472179
0.16118,0.640692934795
0.161551,0.641243817268
0.161923,0.641708031767
0.162297,0.642096968922
0.162671,0.642428121573
0.163046,0.642722201342
0.163422,0.642994865581
0.163798,0.643263153832
0.164176,0.643547812234
0.164555,0.643854029637
0.164934,0.644202498743
0.165314,0.644600210344
0.165695,0.645063276138
0.166077,0.645602891946
0.16646,0.646227248494
0.166844,0.646945767407
0.167228,0.647767271087
0.167614,0.648697939607
0.168,0.64974226012
0.168388,0.6509121648
0.168776,0.652213662943
0.169165,0.653651073979
0.169555,0.655235671586
0.169946,0.656975297144
0.170337,0.658875039558
0.17073,0.660944886344
0.171124,0.663191701726
0.171518,0.665620027568
0.171913,0.668234074393
0.17231,0.671037068929
0.172707,0.67403017598
0.173105,0.677207260971
0.173504,0.680566920423
0.173904,0.684097244728
0.174305,0.687786416039
0.174707,0.691622329871
0.17511,0.695584157996
0.175513,0.699655727747
0.175918,0.703815023289
0.176323,0.708041568186
0.17673,0.712311454875
0.177137,0.716607025957
0.177546,0.720904287305
0.177955,0.725183915199
0.178365,0.729431437233
0.178776,0.733633154992
0.179188,0.737783353741
0.179601,0.741885698455
0.180015,0.745957157911
0.18043,0.75002820387
0.180846,0.754159224431
0.181263,0.758410814182
0.181681,0.762862233981
0.1821,0.767575889514
0.18252,0.772594019713
0.182941,0.77791395648
0.183362,0.78350022248
0.183785,0.789275133868
0.184209,0.795146272279
0.184633,0.801027111812
0.185059,0.806849603198
0.185485,0.812575899291
0.185913,0.818190362945
0.186342,0.823701689694
0.186771,0.829134354665
0.187202,0.834505347865
0.187633,0.839838030235
0.188066,0.845151798826
0.188499,0.850455622552
0.188934,0.855757612963
0.189369,0.861062782369
0.189806,0.866375576939
0.190244,0.871697731658
0.190682,0.877033336375
0.191122,0.882380238204
0.191562,0.887743248958
0.192004,0.893119223281
0.192446,0.898513631197
0.19289,0.903924108501
0.193335,0.909355361766
0.19378,0.914807148377
0.194227,0.9202774618
0.194675,0.925770672922
0.195124,0.931286179206
0.195573,0.936825839841
0.196024,0.942390464722
0.196476,0.947979796128
0.196929,0.953596818926
0.197383,0.959239982381
0.197838,0.964911747135
0.198294,0.970614718009
0.198751,0.976346890312
0.199209,0.982110471181
0.199669,0.987903997094
0.200129,0.993734543913
0.20059,0.999595963348
0.201053,1.00549373815
0.201516,1.01142617105
0.201981,1.01739645617
0.202446,1.02340138102
0.202913,1.02944664426
0.203381,1.03553090085
0.20385,1.04165581779
0.20432,1.04782092549
0.204791,1.05402738616
0.205263,1.06027658305
0.205736,1.06657042507
0.20621,1.07290809054
0.206685,1.0792901271
0.207162,1.08572129826
0.207639,1.09219662431
0.208118,1.09872041885
0.208598,1.10529318161
0.209079,1.11191652364
0.209561,1.1185924646
0.210044,1.12531863457
0.210528,1.13209706769
0.211013,1.13893078567
0.2115,1.14582109815
0.211987,1.15276813234
0.212476,1.15977490064
0.212966,1.16684283446
0.213457,1.17397494851
0.213949,1.18117566225
0.214442,1.18844655827
0.214936,1.19579810781
0.215432,1.20323271603
0.215928,1.2107611447
0.216426,1.21839203086
0.216925,1.22614189783
0.217425,1.23402245877
0.217926,1.24205672163
0.218429,1.25026350343
0.218932,1.25866921508
0.219437,1.26730210205
0.219943,1.27619490465
0.22045,1.28538412082
0.220958,1.29490457571
0.221467,1.30479511668
0.221978,1.31509241637
0.22249,1.32583351836
0.223003,1.33704976174
0.223517,1.34876713773
0.224032,1.36100220621
0.224548,1.37376491831
0.225066,1.38704931922
0.225585,1.40083457225
0.226105,1.41508420015
0.226626,1.42974903813
0.227149,1.44475559144
0.227672,1.46001551335
0.228197,1.47542858106
0.228723,1.49087205638
0.22925,1.50621551714
0.229779,1.52132129783
0.230308,1.53604237874
0.230839,1.55023286595
0.231372,1.56374984791
0.231905,1.57645817008
0.232439,1.58823518723
0.232975,1.59897386316
0.233512,1.60858919521
0.234051,1.6170199761
0.23459,1.62422505133
0.235131,1.63019794335
0.235673,1.63495445641
0.236216,1.63853842452
0.236761,1.6410182333
0.237307,1.64248479636
0.237854,1.64305121747
0.238402,1.6428390495
0.238952,1.64198662576
0.239502,1.64063499737
0.240055,1.63892883666
0.240608,1.63700582429
0.241163,1.63499952844
0.241718,1.63303321774
0.242276,1.63121574573
0.242834,1.62964026965
0.243394,1.62838467515
0.243955,1.6275115249
0.244517,1.62706608952
0.245081,1.62708000878
0.245646,1.62756806483
0.246212,1.62853670865
0.24678,1.62997786419
0.247349,1.63188049863
0.247919,1.63422174838
0.248491,1.63697789929
0.249063,1.64011858541
0.249638,1.6436150256
0.250213,1.64743495753
0.25079,1.65154909106
0.251368,1.65593020302
0.251947,1.66055287612
0.252528,1.66539470406
0.25311,1.67043999936
0.253694,1.67567310687
0.254279,1.68108898811
0.254865,1.68668701218
0.255452,1.69247328159
0.256041,1.69846182093
0.256631,1.7046747343
0.257223,1.71114539099
0.257816,1.71791525367
0.25841,1.72503956944
0.259006,1.73258159712
0.259603,1.74062081151
0.260202,1.74924814991
0.260801,1.7585677902
0.261403,1.76869749711
0.262005,1.77976821698
0.262609,1.79192224976
0.263215,1.80531125643
0.263821,1.820097607
0.264429,1.83644794513
0.265039,1.85453104102
0.26565,1.87451704049
0.266262,1.89657058598
0.266876,1.92084822947
0.267491,1.94749391887
0.268108,1.97663753397
0.268726,2.00838470475
0.269346,2.04282133706
0.269967,2.08000271085
0.270589,2.11995653812
0.271213,2.16267575006
0.271838,2.20812067138
0.272464,2.25621343536
0.273093,2.30684154252
0.273722,2.35985403264
0.274353,2.41506767241
0.274986,2.47226751348
0.275619,2.53121732356
0.276255,2.59166747837
0.276892,2.65337436612
0.27753,2.71612025813
0.27817,2.77974065915
0.278811,2.84416190995
0.279454,2.90942590468
0.280098,2.97573135758
0.280744,3.04344489126
0.281391,3.1131044141
0.282039,3.18539328085
0.28269,3.2610814105
0.283341,3.34093657974
0.283994,3.42561248197
0.284649,3.51553114151
0.285305,3.61077266375
0.285963,3.71100035091
0.286622,3.81542838919
0.287283,3.92283989301
0.287945,4.03167102021
0.288609,4.14011660007
0.289274,4.2462781183
0.289941,4.34830967348
0.29061,4.44455232784
0.291279,4.53364729432
0.291951,4.61460622212
0.292624,4.68684680634
0.293299,4.7501778848
0.293975,4.80476669747
0.294652,4.85106784755
0.295332,4.88974549067
0.296012,4.9215964687
0.296695,4.94747125353
0.297379,4.96821798958
0.298064,4.98463618209
0.298751,4.99744746169
0.29944,5.00728940088
0.30013,5.01470495792
0.300822,5.02015561922
0.301516,5.02402601956
0.302211,5.02664064847
0.302907,5.0282688353
0.303606,5.02913817681
0.304306,5.02944482032
0.305007,5.02935152138
0.30571,5.02900147663
0.306415,5.02851411623
0.307121,5.0279948657
0.307829,5.0275312942
0.308539,5.02719566294
0.30925,5.02705237389
0.309963,5.02714964646
0.310678,5.02752761341
0.311394,5.02821718135
0.312112,5.02924123368
0.312831,5.03061481861
0.313552,5.0323469692
0.314275,5.03444079382
0.315,5.03689443672
0.315726,5.03970187982
0.316453,5.04285528449
0.317183,5.04634319417
0.317914,5.05015237347
0.318647,5.05426669051
0.319382,5.05867115929
0.320118,5.06334974662
0.320856,5.06828656167
0.321595,5.07346461678
0.322337,5.07886856054
0.32308,5.0844863226
0.323825,5.09030187857
0.324571,5.09630400375
0.325319,5.10248385221
0.326069,5.10883112068
0.326821,5.11533850608
0.327574,5.12200096964
0.328329,5.12881454348
0.329086,5.13577793381
0.329845,5.14289043312
0.330605,5.15015441103
0.331367,5.15757555885
0.332131,5.16516013273
0.332897,5.17291820759
0.333664,5.18086098743
0.334434,5.18900736248
0.335205,5.1973724845
0.335977,5.20598241322
0.336752,5.21486345093
0.337528,5.22404646663
0.338306,5.23356661381
0.339086,5.24346388509
0.339868,5.25378468778
0.340651,5.26457375558
0.341436,5.27588686855
0.342224,5.28777961688
0.343012,5.30031296277
0.343803,5.31355449301
0.344596,5.32757681903
0.34539,5.34246046922
0.346186,5.35830291704
0.346984,5.37521232617
0.347784,5.3933281896
0.348586,5.41281853711
0.34939,5.43389662602
0.350195,5.45682577935
0.351002,5.48192707196
0.351811,5.50958630958
0.352622,5.54024453286
0.353435,5.57439663736
0.35425,5.61256265702
0.355067,5.65525923196
0.355885,5.7029597603
0.356706,5.7560496503
0.357528,5.81476940921
0.358352,5.87917567232
0.359178,5.94909664179
0.360006,6.02410639716
0.360836,6.10351224971
0.361668,6.18635524257
0.362502,6.27143351628
0.363337,6.35733049072
0.364175,6.44245995377
0.365014,6.52512386376
0.365856,6.60356883541
0.366699,6.67605966125
0.367544,6.74094745483
0.368392,6.79674706582
0.369241,6.84220472701
0.370092,6.87636442695
0.370945,6.89861712257
0.3718,6.90873676768
0.372658,6.90689247578
0.373517,6.89363611822
0.374378,6.86986837018
0.375241,6.83677935316
0.376106,6.79576995783
0.376973,6.74836764004
0.377842,6.69612806846
0.378713,6.64055521721
0.379586,6.58302101692
0.380461,6.52471315451
0.381338,6.46660121409
0.382217,6.40942470191
0.383098,6.3537019121
0.383981,6.29975348398
0.384866,6.2477401957
0.385754,6.19769704961
0.386643,6.14957148692
0.387534,6.10326287924
0.388427,6.05863792752
0.389323,6.0155611562
0.39022,5.97390296807
0.39112,5.9335487455
0.392021,5.89440193575
0.392925,5.85638064341
0.393831,5.81942413115
0.394739,5.78348225861
0.395649,5.74851640974
0.396561,5.71449525336
0.397475,5.68139470723
0.398391,5.64919112017
0.39931,5.61786390119
0.40023,5.58739317744
0.401153,5.55775846073
0.402078,5.52893862763
0.403004,5.50090871604
0.403934,5.47364877691
0.404865,5.44713298072
0.405798,5.42133368373
0.406733,5.39622733385
0.407671,5.37178522271
0.408611,5.34798250721
0.409553,5.32479031881
0.410497,5.30218337877
0.411443,5.28013604621
0.412392,5.25862106614
0.413342,5.23761554744
0.414295,5.21709469483
0.41525,5.19703635084
0.416207,5.17741863737
0.417167,5.15822094788
0.418129,5.13942340854
0.419092,5.12100883429
0.420059,5.10295992638
0.421027,5.08525922455
0.421998,5.0678933785
0.42297,5.05084689379
0.423945,5.03410761633
0.424923,5.01766342947
0.425902,5.00150262024
0.426884,4.98561505557
0.427868,4.96999071236
0.428854,4.95462135384
0.429843,4.9394974811
0.430834,4.92461292482
0.431827,4.9099580971
0.432823,4.89552864955
0.43382,4.88131729261
0.43482,4.8673176741
0.435823,4.85352447015
0.436827,4.83993353161
0.437834,4.82653894372
0.438844,4.81333720478
0.439855,4.80032265141
0.440869,4.78749222582
0.441886,4.77484225571
0.442904,4.76236794854
0.443925,4.75006701923
0.444949,4.73793549599
0.445974,4.72597137513
0.447002,4.71417028537
0.448033,4.70253012487
0.449066,4.69104727411
0.450101,4.67971867154
0.451138,4.66854455528
0.452178,4.65751883497
0.453221,4.64664104875
0.454266,4.63590843858
0.455313,4.6253185568
0.456362,4.61486948281
0.457414,4.60455881374
0.458469,4.59438296765
0.459526,4.58434259891
0.460585,4.57443374519
0.461647,4.56465435158
0.462711,4.55500329946
0.463778,4.54547806733
0.464847,4.53607618404
0.465918,4.5267962863
0.466992,4.51763718724
0.468069,4.50859676118
0.469148,4.49967196534
0.47023,4.4908618543
0.471313,4.48216348742
0.4724,4.47357737898
0.473489,4.46509997314
0.47458,4.45672997422
0.475675,4.44846491042
0.476771,4.44030448635
0.47787,4.43224582266
0.478972,4.424289034
0.480076,4.41642959123
0.481183,4.40866798054
0.482292,4.40100252253
0.483404,4.39343069986
0.484518,4.38595100619
0.485635,4.37856219668
0.486754,4.37126227754
0.487876,4.36405088483
0.489001,4.35692558952
0.490128,4.34988412426
0.491258,4.34292679159
0.492391,4.33605102726
0.493526,4.32925635845
0.494664,4.32253909407
0.495804,4.31590016349
0.496947,4.30933742952
0.498092,4.30284881036
0.499241,4.2964348834
0.500391,4.29009130001
0.501545,4.28381954139
0.502701,4.27761717378
0.50386,4.27148332743
0.505022,4.26541539997
0.506186,4.25941414695
0.507353,4.25347777991
0.508522,4.24760429098
0.509694,4.24179259695
0.510869,4.2360430404
0.512047,4.23035289636
0.513227,4.22472167091
0.514411,4.21914879042
0.515596,4.21363277226
0.516785,4.20817276393
0.517976,4.20276678532
0.51917,4.19741550532
0.520367,4.19211643934
0.521567,4.18687023338
0.522769,4.18167438796
0.523974,4.17652936555
0.525182,4.17143384149
0.526393,4.16638644748
0.527606,4.16138650653
0.528822,4.1564337219
0.530042,4.15152686293
0.531263,4.14666493939
0.532488,4.14184909968
0.533716,4.13707586553
0.534946,4.13234605949
0.536179,4.12765893514
0.537415,4.12301378003
0.538654,4.11840965686
0.539896,4.11384588862
0.54114,4.10932108491
0.542388,4.10483713137
0.543638,4.10039136141
0.544891,4.09598304549
0.546147,4.09161324392
0.547406,4.08727974216
0.548668,4.08298232544
0.549933,4.07872224139
0.551201,4.07449651082
0.552471,4.07030601609
0.553745,4.0661508553
0.555022,4.06202895234
0.556301,4.0579398531
0.557583,4.05388471683
0.558869,4.0498623732
0.560157,4.04587229631
0.561448,4.04191467381
0.562743,4.03798750617
0.56404,4.0340916757
0.56534,4.03022683564
0.566643,4.02639237198
0.56795,4.02258729216
0.569259,4.0188120261
0.570571,4.01506683319
0.571887,4.01134989539
0.573205,4.00766086487
0.574526,4.00400128198
0.575851,4.00036942135
0.577178,3.99676494141
0.578509,3.99318813332
0.579842,3.98963816405
0.581179,3.98611506536
0.582519,3.98261865491
0.583862,3.97914786268
0.585207,3.97570360873
0.586557,3.97228514294
0.587909,3.96889088859
0.589264,3.9655228613
0.590622,3.96217994473
0.591984,3.95886121896
0.593349,3.95556709058
0.594716,3.95229722849
0.596087,3.94905083305
0.597461,3.94582848532
0.598839,3.94262975379
0.600219,3.93945380266
0.601603,3.93630139723
0.60299,3.93317166246
0.60438,3.93006473364
0.605773,3.9269800372
0.607169,3.9239173714
0.608569,3.92087701795
0.609972,3.9178580963
0.611378,3.91486095598
0.612787,3.91188534033
0.6142,3.90893133966
0.615616,3.90599791211
0.617035,3.903085148
0.618458,3.90019344135
0.619883,3.89732224525
0.621312,3.89447091827
0.622744,3.89164017695
0.62418,3.88882929643
0.625619,3.88603834267
0.627061,3.8832668086
0.628507,3.88051503848
0.629956,3.87778219095
0.631408,3.87506864297
0.632863,3.87237399734
0.634322,3.86969827258
0.635784,3.8670412588
0.63725,3.86440242481
0.638719,3.86178242681
0.640191,3.85918044874
0.641667,3.85659621199
0.643146,3.85403015064
0.644629,3.85148158071
0.646115,3.84895088996
0.647605,3.84643781233
0.649097,3.84394172591
0.650594,3.84146313996
0.652094,3.83900153702
0.653597,3.83655670006
0.655103,3.83412881073
0.656614,3.83171721237
0.658127,3.82932237993
0.659644,3.82694435528
0.661165,3.8245817804
0.662689,3.82223594985
0.664217,3.81990573339
0.665748,3.81759184514
0.667283,3.81529350979
0.668821,3.81301089685
0.670363,3.81074370082
0.671908,3.80849184402
0.673457,3.80625502563
0.675009,3.80403364617
0.676566,3.8018271654
0.678125,3.799636295
0.679688,3.797460194
0.681255,3.79529782947
0.682826,3.7931507509
0.6844,3.79101825486
0.685978,3.78889948623
0.687559,3.78679607815
0.689144,3.78470660671
0.690732,3.78263079361
0.692325,3.78056921853
0.693921,3.77852081954
0.69552,3.77648725401
0.697124,3.77446649138
0.698731,3.7724598186
0.700342,3.77046655351
0.701956,3.76848683095
0.703574,3.76652067445
0.705196,3.76456733244
0.706822,3.76262717139
0.708451,3.76070057897
0.710084,3.75878653695
0.711721,3.75688517292
0.713362,3.75499649016
0.715006,3.75312105018
0.716655,3.75125773124
0.718307,3.74940743748
0.719963,3.74756911368
0.721622,3.74574342812
0.723286,3.74393022379
0.724953,3.74212927375
0.726624,3.74034024508
0.728299,3.73856358359
0.729978,3.73679888178
0.731661,3.73504561373
0.733348,3.73330482861
0.735038,3.73157552309
0.736733,3.72985834436
0.738431,3.72815218016
0.740133,3.72645787595
0.741839,3.72477525511
0.743549,3.72310424199
0.745264,3.72144393835
0.746982,3.71979555086
0.748704,3.71815815012
0.750429,3.71653204694
0.752159,3.71491717007
0.753893,3.7133133602
0.755631,3.71171996145
0.757373,3.71013857608
0.759119,3.70856698435
0.760869,3.7070065741
0.762623,3.70545726618
0.764381,3.70391862232
0.766143,3.70239014706
0.767909,3.7008722422
0.769679,3.69936467816
0.771454,3.69786785734
0.773232,3.69638091547
0.775015,3.69490479255
0.776801,3.69343847384
0.778592,3.69198260617
0.780387,3.69053653485
0.782186,3.68910024386
0.783989,3.68767430206
0.785796,3.68625818124
0.787608,3.68485079259
0.789423,3.68345377053
0.791243,3.68206649615
0.793067,3.68068849762
0.794895,3.67931968278
0.796728,3.67796024117
0.798564,3.67660984222
0.800405,3.67526847009
0.80225,3.67393625232
0.8041,3.67261257996
0.805953,3.67129810935
0.807811,3.66999204662
0.809673,3.66869413153
0.81154,3.6674054504
0.813411,3.66612370288
0.815286,3.66485113846
0.817165,3.66358634002
0.819049,3.66232937618
0.820937,3.66107996408
0.82283,3.65983848884
0.824726,3.65860461049
0.826628,3.65737735006
0.828533,3.65615806354
0.830443,3.65494599378
0.832357,3.65373998321
0.834276,3.65254172499
0.836199,3.65134979852
0.838127,3.65016395504
0.840059,3.64898505099
0.841996,3.64781204315
0.843937,3.646645744
0.845882,3.6454854537
0.847832,3.64433070847
0.849787,3.64318199486
0.851746,3.64203912642
0.853709,3.64090185764
0.855677,3.6397701592
0.85765,3.63864347672
0.859627,3.63752228717
0.861608,3.63640669014
0.863595,3.63529547015
0.865585,3.63419009953
0.867581,3.63308958017
0.869581,3.63199383056
0.871585,3.63090279219
0.873594,3.6298167108
0.875608,3.62873595523
0.877627,3.62765969329
0.87965,3.62658797208
0.881678,3.62552082715
0.88371,3.6244583156
0.885747,3.62340051748
0.887789,3.6223473308
0.889836,3.62129878511
0.891887,3.6202543926
0.893943,3.61921530234
0.896004,3.61817970199
0.898069,3.61714951756
0.90014,3.61612382876
0.902215,3.61510247916
0.904294,3.61408525249
0.906379,3.61307296108
0.908469,3.61206497552
0.910563,3.6110615775
0.912662,3.61006306189
0.914766,3.60906864713
0.916874,3.6080792753
0.918988,3.6070938378
0.921107,3.60611322278
0.92323,3.60513712102
0.925358,3.60416583345
0.927491,3.60319882879
0.929629,3.60223687715
0.931772,3.60127937878
0.93392,3.60032584068
0.936073,3.59937774982
0.938231,3.5984335049
0.940394,3.59749460375
0.942562,3.59655987767
0.944735,3.59562976156
0.946913,3.59470437114
0.949095,3.59378371552
0.951283,3.592867566
0.953476,3.5919561249
0.955674,3.5910493468
0.957877,3.59014731278
0.960085,3.58924938691
0.962299,3.58835661204
0.964517,3.58746852534
0.96674,3.58658485377
0.968969,3.58570593967
0.971203,3.5848310933
0.973442,3.58396137445
0.975686,3.58309609151
0.977935,3.5822357874
0.980189,3.58137948004
0.982449,3.58052817905
0.984713,3.57968121872
0.986983,3.57883892448
0.989259,3.57800109321
0.991539,3.57716802272
0.993825,3.57633920117
0.996116,3.57551477301
0.998412,3.57469542439
1.00071,3.57388016049
1.00302,3.5730694425
1.00533,3.57226340221
1.00765,3.5714612832
1.00997,3.57066381265
1.0123,3.56987134876
1.01464,3.56908252157
1.01697,3.56829829212
1.01932,3.56751834857
1.02167,3.5667434413
1.02402,3.56597200122
1.02638,3.56520518941
1.02875,3.56444289508
1.03112,3.56368422125
1.0335,3.56293026579
1.03588,3.56218074431
1.03827,3.5614356057
1.04066,3.5606942177
1.04306,3.55995746022
1.04547,3.55922402604
1.04788,3.55849541448
1.05029,3.55777099181
1.05271,3.55705061643
1.05514,3.55633409646
1.05757,3.55562176079
1.06001,3.55491338122
1.06245,3.55420934865
1.0649,3.55350940888
1.06736,3.5528130371
1.06982,3.55212152003
1.07228,3.55143297111
1.07476,3.55074924951
1.07723,3.55006886026
1.07972,3.54939267642
1.08221,3.54872054176
1.0847,3.54805211483
1.0872,3.54738832106
1.08971,3.54672778202
1.09222,3.54607152931
1.09474,3.54541979204
1.09726,3.54477126302
1.09979,3.54412661119
1.10233,3.5434855761
1.10487,3.54284800548
1.10741,3.54221450237
1.10997,3.54158484374
1.11253,3.54095839122
1.11509,3.5403352498
1.11766,3.53971615208
1.12024,3.53910032038
1.12282,3.53848775446
1.12541,3.5378789464
1.128,3.53727349918
1.1306,3.53667143733
1.13321,3.53607258222
1.13582,3.53547691413
1.13844,3.53488492089
1.14106,3.53429625182
1.14369,3.53371081258
1.14633,3.53312794498
1.14897,3.5325490737
1.15162,3.53197300145
1.15428,3.53140013074
1.15694,3.53083073655
1.1596,3.53026409928
1.16228,3.52970041093
1.16496,3.52914014747
1.16764,3.52858321153
1.17033,3.52802883284
1.17303,3.52747765191
1.17574,3.52692962346
1.17845,3.52638403167
1.18116,3.52584226492
1.18389,3.52530260994
1.18662,3.52476656647
1.18935,3.52423310398
1.19209,3.52370264737
1.19484,3.52317499198
1.19759,3.52265041825
1.20036,3.52212813369
1.20312,3.52160903119
1.2059,3.52109255673
1.20868,3.52057924873
1.21146,3.52006862358
1.21425,3.51956073493
1.21705,3.51905524197
1.21986,3.51855292492
1.22267,3.51805291136
1.22549,3.51755599518
1.22832,3.51706114713
1.23115,3.51656925567
1.23398,3.51608013567
1.23683,3.51559332099
1.23968,3.51510919664
1.24254,3.51462764495
1.2454,3.51414861063
1.24827,3.51367191363
1.25115,3.51319807132
1.25404,3.51272682118
1.25693,3.51225786672
1.25982,3.51179141045
1.26273,3.51132698936
1.26564,3.51086524549
1.26856,3.51040619735
1.27148,3.50994914211
1.27441,3.50949501684
1.27735,3.50904325891
1.28029,3.5085930813
1.28325,3.5081461983
1.2862,3.50770142631
1.28917,3.50725835995
1.29214,3.50681804766
1.29512,3.50637990878
1.29811,3.50594403586
1.3011,3.50551073583
1.3041,3.50507938314
1.3071,3.50465019789
1.31012,3.50422359808
1.31314,3.50379916846
1.31616,3.50337683188
1.3192,3.50295659876
1.32224,3.50253835271
1.32529,3.50212253473
1.32834,3.50170882109
1.3314,3.50129717968
1.33447,3.50088799705
1.33755,3.50048023711
1.34063,3.50007505477
1.34372,3.49967230411
1.34682,3.49927097351
1.34993,3.4988719312
1.35304,3.49847470235
1.35616,3.49807986992
1.35928,3.49768696126
1.36242,3.49729623457
1.36556,3.49690739269
1.36871,3.49652042721
1.37186,3.49613547923
1.37502,3.49575227842
1.37819,3.49537165177
1.38137,3.49499229713
1.38455,3.49461546126
1.38775,3.49424004395
1.39094,3.49386676032
1.39415,3.49349536547
1.39737,3.49312599431
1.40059,3.49275856635
1.40382,3.49239242076
1.40705,3.49202882658
1.41029,3.49166662154
1.41355,3.49130618823
1.4168,3.49094809725
1.42007,3.49059136523
1.42334,3.49023663799
1.42663,3.489883908
1.42991,3.48953250917
1.43321,3.48918325981
1.43651,3.48883573282
1.43983,3.48848982585
1.44314,3.48814576146
1.44647,3.48780311023
1.44981,3.48746271642
1.45315,3.48712370989
1.4565,3.48678645461
1.45986,3.48645071528
1.46322,3.48611721124
1.46659,3.48578492586
1.46997,3.48545461743
1.47336,3.48512570956
1.47676,3.48479843224
1.48016,3.48447267361
1.48358,3.4841493685
1.487,3.48382688246
1.49042,3.48350610727
1.49386,3.48318713621
1.4973,3.48286957129
1.50076,3.48255364389
1.50421,3.48223961992
1.50768,3.48192695065
1.51116,3.4816156915
1.51464,3.48130620258
1.51813,3.48099833854
1.52163,3.48069156244
1.52514,3.48038693052
1.52866,3.48008308808
1.53218,3.47978140401
1.53571,3.47948104576
1.53925,3.47918195332
1.5428,3.47888487404
1.54636,3.47858882998
1.54992,3.47829427779
1.5535,3.47800156991
1.55708,3.47770969371
1.56067,3.47741979224
1.56426,3.47713073001
1.56787,3.47684381542
1.57148,3.47655766764
1.57511,3.4762735257
1.57874,3.47599037534
1.58238,3.47570886324
1.58602,3.47542883043
1.58968,3.47515021033
1.59335,3.47487263391
1.59702,3.47459666447
1.6007,3.47432212701
1.60439,3.47404867973
1.60809,3.47377663978
1.6118,3.47350654806
1.61551,3.47323705133
1.61923,3.47296888205
1.62297,3.47270224164
1.62671,3.47243732475
1.63046,3.47217291851
1.63422,3.47191048159
1.63798,3.47164930193
1.64176,3.47138916168
1.64555,3.47113043902
1.64934,3.4708727576
1.65314,3.47061659567
1.65695,3.4703615482
1.66077,3.47010782774
1.6646,3.46985508225
1.66844,3.46960423924
1.67228,3.46935386502
1.67614,3.46910506916
1.68,3.46885755438
1.68388,3.46861112989
1.68776,3.46836615514
1.69165,3.46812232921
1.69555,3.46787953411
1.69946,3.46763793226
1.70337,3.46739768624
1.7073,3.46715835505
1.71124,3.46692045279
1.71518,3.46668342044
1.71913,3.46644776797
1.7231,3.46621300536
1.72707,3.46597984167
1.73105,3.46574767941
1.73504,3.4655165202
1.73904,3.46528659428
1.74305,3.46505769623
1.74707,3.46482988577
1.7511,3.46460328851
1.75513,3.46437812805
1.75918,3.4641534319
1.76323,3.46393034409
1.7673,3.46370784139
1.77137,3.46348685464
1.77546,3.46326679296
1.77955,3.46304763339
1.78365,3.46282953816
1.78776,3.46261282242
1.79188,3.46239710493
1.79601,3.46218232412
1.80015,3.46196867163
1.8043,3.46175598071
1.80846,3.46154451801
1.81263,3.46133384745
1.81681,3.46112438221
1.821,3.46091567473
1.8252,3.46070782246
1.82941,3.46050130343
1.83362,3.46029596821
1.83785,3.46009147909
1.84209,3.45988806131
1.84633,3.45968525502
1.85059,3.45948376794
1.85485,3.45928325652
1.85913,3.45908346055
1.86342,3.45888501382
1.86771,3.45868722055
1.87202,3.45849035659
1.87633,3.45829476213
1.88066,3.45810008086
1.88499,3.45790608638
1.88934,3.45771301651
1.89369,3.45752083026
1.89806,3.45732998948
1.90244,3.45713981296
1.90682,3.45695043596
1.91122,3.45676231968
1.91562,3.45657499254
1.92004,3.45638808348
1.92446,3.45620265566
1.9289,3.45601817402
1.93335,3.45583403758
1.9378,3.45565125572
1.94227,3.45546924312
1.94675,3.45528801057
1.95124,3.45510769902
1.95573,3.45492809704
1.96024,3.45474956594
1.96476,3.45457205293
1.96929,3.45439479512
1.97383,3.45421890054
1.97838,3.4540436899
1.98294,3.45386969521
1.98751,3.45369607938
1.99209,3.45352349611
1.99669,3.4533519729
2.00129,3.45318089118
2.0059,3.45301069772
2.01053,3.45284126711
2.01516,3.45267291207
2.01981,3.4525048693
2.02446,3.45233809124
2.02913,3.45217204268
2.03381,3.4520069389
2.0385,3.45184199478
2.0432,3.45167855968
2.04791,3.45151571416
2.05263,3.45135340263
2.05736,3.45119215207
2.0621,3.45103131685
2.06685,3.45087140891
2.07162,3.45071257596
2.07639,3.45055425948
2.08118,3.45039688606
2.08598,3.45023996059
2.09079,3.45008407532
2.09561,3.44992846881
2.10044,3.44977413172
2.10528,3.44962029847
2.11013,3.449467075
2.115,3.44931482232
2.11987,3.44916317029
2.12476,3.44901237241
2.12966,3.44886223326
2.13457,3.44871303732
2.13949,3.44856406364
2.14442,3.44841608327
2.14936,3.44826858753
2.15432,3.44812198777
2.15928,3.44797595276
2.16426,3.44783125242
2.16925,3.44768657732
2.17425,3.44754281999
2.17926,3.44739979255
2.18429,3.4472571899
2.18932,3.4471153873
2.19437,3.44697449337
2.19943,3.44683365502
2.2045,3.44669422806
2.20958,3.44655477037
2.21467,3.44641681448
2.21978,3.44627889435
2.2249,3.44614180313
2.23003,3.44600534437
2.23517,3.44586955229
2.24032,3.44573446886
2.24548,3.44559995972
2.25066,3.44546593808
2.25585,3.44533284669
2.26105,3.4452001758
2.26626,3.44506797242
2.27149,3.44493686096
2.27672,3.44480618756
2.28197,3.44467587468
2.28723,3.44454656001
2.2925,3.44441763902
2.29779,3.44428932201
2.30308,3.44416193684
2.30839,3.4440347899
2.31372,3.44390833467
2.31905,3.44378280068
2.32439,3.44365724581
2.32975,3.44353276279
2.33512,3.4434087052
2.34051,3.44328510066
2.3459,3.44316240886
2.35131,3.44304007955
2.35673,3.44291832295
2.36216,3.44279745369
2.36761,3.44267673134
2.37307,3.44255694472
2.37854,3.44243746011
2.38402,3.4423186105
2.38952,3.44220026758
2.39502,3.44208269007
2.40055,3.44196535026
2.40608,3.4418488017
2.41163,3.44173268424
2.41718,3.4416172249
2.42276,3.44150232737
2.42834,3.44138792616
2.43394,3.4412739866
2.43955,3.44116066515
2.44517,3.44104794129
2.45081,3.44093584118
2.45646,3.4408238273
2.46212,3.44071287811
2.4678,3.44060206735
2.47349,3.44049201549
2.47919,3.4403821067
2.48491,3.4402729033
2.49063,3.44016462868
2.49638,3.44005655374
2.50213,3.43994898895
2.5079,3.43984182113
2.51368,3.43973513602
2.51947,3.43962939186
2.52528,3.4395237844
2.5311,3.43941874035
2.53694,3.43931411386
2.54279,3.43921002341
2.54865,3.4391067192
2.55452,3.43900350181
2.56041,3.43890088719
2.56631,3.43879885006
2.57223,3.43869728595
2.57816,3.43859595221
2.5841,3.43849547133
2.59006,3.43839529354
2.59603,3.43829561299
2.60202,3.43819615561
2.60801,3.43809709271
2.61403,3.43799915849
2.62005,3.43790126743
2.62609,3.4378040682
2.63215,3.43770683369
2.63821,3.43761056498
2.64429,3.43751450505
2.65039,3.43741881222
2.6565,3.4373236377
2.66262,3.43722920783
2.66876,3.43713492872
2.67491,3.4370410095
2.68108,3.43694763361
2.68726,3.43685487263
2.69346,3.43676234838
2.69967,3.43667018033
2.70589,3.43657863264
2.71213,3.43648761295
2.71838,3.43639689222
2.72464,3.43630652181
2.73093,3.43621663761
2.73722,3.4361272961
2.74353,3.43603816752
2.74986,3.43594971291
2.75619,3.43586139256
2.76255,3.43577361261
2.76892,3.43568612622
2.7753,3.43559919508
2.7817,3.43551276062
2.78811,3.43542638575
2.79454,3.43534088773
2.80098,3.43525554224
2.80744,3.43517048096
2.81391,3.43508610431
2.82039,3.43500196244
2.8269,3.43491789324
2.83341,3.43483492591
2.83994,3.43475182425
2.84649,3.43466917239
2.85305,3.43458706388
2.85963,3.43450506353
2.86622,3.43442363511
2.87283,3.43434291649
2.87945,3.43426208836
2.88609,3.43418191454
2.89274,3.43410206136
2.89941,3.43402244924
2.9061,3.43394349853
2.91279,3.4338645498
2.91951,3.43378628878
2.92624,3.43370791645
2.93299,3.43363042773
2.93975,3.43355303073
2.94652,3.43347616478
2.95332,3.43339969142
2.96012,3.43332351171
2.96695,3.43324741106
2.97379,3.4331719901
2.98064,3.43309684798
2.98751,3.43302198274
2.9944,3.43294756658
3.0013,3.43287355351
3.00822,3.43279965163
3.01516,3.43272622209
3.02211,3.43265307091
3.02907,3.43258025922
3.03606,3.43250798322
3.04306,3.43243596124
3.05007,3.43236423941
3.0571,3.43229280954
3.06415,3.4322218661
3.07121,3.43215107209
3.07829,3.43208063517
3.08539,3.43201055099
3.0925,3.43194080072
3.09963,3.43187163721
3.10678,3.4318024713
3.11394,3.43173376522
3.12112,3.43166531141
3.12831,3.43159720082
3.13552,3.4315292993
3.14275,3.43146171747
3.15,3.43139467025
3.15726,3.43132773185
3.16453,3.43126150194
3.17183,3.43119510296
3.17914,3.43112905501
3.18647,3.43106349871
3.19382,3.43099832171
3.20118,3.43093322125
3.20856,3.43086838822
3.21595,3.43080415076
3.22337,3.43074014292
3.2308,3.43067622257
3.23825,3.43061277891
3.24571,3.43054982443
3.25319,3.43048671243
3.26069,3.4304240367
3.26821,3.43036172667
3.27574,3.43029984071
3.28329,3.43023798913
3.29086,3.43017630481
3.29845,3.43011538231
3.30605,3.43005440008
3.31367,3.42999393652
3.32131,3.42993366623
3.32897,3.42987359751
3.33664,3.42981383071
3.34434,3.42975445608
3.35205,3.42969517101
3.35977,3.42963618477
3.36752,3.42957772581
3.37528,3.42951910194
3.38306,3.42946104504
3.39086,3.42940339863
3.39868,3.42934576243
3.40651,3.42928865246
3.41436,3.42923140159
3.42224,3.42917462242
3.43012,3.42911819704
3.43803,3.42906200333
3.44596,3.4290057856
3.4539,3.42895006745
3.46186,3.42889475779
3.46984,3.42883962644
3.47784,3.42878462879
3.48586,3.42873003337
3.4939,3.42867550426
3.50195,3.42862144917
3.51002,3.42856732581
3.51811,3.42851375117
3.52622,3.42846030245
3.53435,3.42840722044
3.5425,3.42835434277
3.55067,3.42830188263
3.55885,3.42824913555
3.56706,3.42819684302
3.57528,3.42814502964
3.58352,3.42809336073
3.59178,3.42804194924
3.60006,3.42799071003
3.60836,3.42793972043
3.61668,3.42788886815
3.62502,3.42783829393
3.63337,3.42778821466
3.64175,3.42773799694
3.65014,3.42768818681
3.65856,3.42763873567
3.66699,3.42758935127
3.67544,3.42754016588
3.68392,3.42749137772
3.69241,3.42744270642
3.70092,3.42739429044
3.70945,3.42734607723
3.718,3.42729795482
3.72658,3.42725008782
3.73517,3.42720248296
3.74378,3.42715547924
3.75241,3.42710822248
3.76106,3.42706123616
3.76973,3.42701476921
3.77842,3.42696813356
3.78713,3.42692197237
3.79586,3.42687581923
3.80461,3.42683020828
3.81338,3.42678448761
3.82217,3.42673909832
3.83098,3.42669400722
3.83981,3.42664904836
3.84866,3.42660427214
3.85754,3.4265596527
3.86643,3.42651518671
3.87534,3.42647114067
3.88427,3.42642720923
3.89323,3.42638355157
3.9022,3.42633996957
3.9112,3.42629677114
3.92021,3.42625345391
3.92925,3.42621061526
3.93831,3.42616796902
3.94739,3.42612540181
3.95649,3.42608298486
3.96561,3.42604085216
3.97475,3.42599895798
3.98391,3.42595724756
3.9931,3.42591573966
4.0023,3.42587422554
4.01153,3.42583309216
4.02078,3.42579214368
4.03004,3.42575142517
4.03934,3.42571047351
4.04865,3.4256700613
4.05798,3.42563017754
4.06733,3.42558994337
4.07671,3.42555025668
4.08611,3.42551035984
4.09553,3.4254710341
4.10497,3.42543171801
4.11443,3.42539262964
4.12392,3.42535367836
4.13342,3.42531493855
4.14295,3.42527639346
4.1525,3.42523778729
4.16207,3.42519974709
4.17167,3.42516137005
4.18129,3.42512381488
4.19092,3.42508583544
4.20059,3.42504853242
4.21027,3.42501094859
4.21998,3.42497394624
4.2297,3.42493668627
4.23945,3.42490016849
4.24923,3.42486329128
4.25902,3.42482705575
4.26884,3.42479062681
4.27868,3.42475435251
4.28854,3.42471826283
4.29843,3.42468261233
4.30834,3.42464687691
4.31827,3.42461138881
4.32823,3.42457593717
4.3382,3.42454081558
4.3482,3.42450573107
4.35823,3.42447106967
4.36827,3.42443637653
4.37834,3.42440162108
4.38844,3.42436733926
4.39855,3.42433335656
4.40869,3.42429917973
4.41886,3.42426530385
4.42904,3.42423134065
4.43925,3.42419772082
4.44949,3.42416435681
4.45974,3.42413106494
4.47002,3.42409808037
4.48033,3.4240650216
4.49066,3.42403230119
4.50101,3.42399951913
4.51138,3.42396700154
4.52178,3.42393475603
4.53221,3.42390256653
4.54266,3.42387034182
4.55313,3.4238384694
4.56362,3.4238066998
4.57414,3.42377496844
4.58469,3.42374360875
4.59526,3.42371222891
4.60585,3.42368102088
4.61647,3.42364989338
4.62711,3.42361917491
4.63778,3.42358830684
4.64847,3.42355759665
4.65918,3.42352722851
4.66992,3.42349691615
4.68069,3.4234665996
4.69148,3.42343633393
4.7023,3.42340635222
4.71313,3.42337692522
4.724,3.42334728543
4.73489,3.42331759932
4.7458,3.42328818221
4.75675,3.42325897985
4.76771,3.42322981871
4.7787,3.42320061581
4.78972,3.42317196314
4.80076,3.42314322798
4.81183,3.42311453563
4.82292,3.42308627359
4.83404,3.42305795051
4.84518,3.42302953447
4.85635,3.423001611
4.86754,3.42297369312
4.87876,3.42294568329
4.89001,3.42291809968
4.90128,3.42289065881
4.91258,3.42286314472
4.92391,3.42283578174
4.93526,3.42280831413
4.94664,3.42278137764
4.95804,3.42275459261
4.96947,3.42272769576
4.98092,3.42270104675
4.99241,3.42267457863
5.00391,3.42264816195
5.01545,3.4226216847
5.02701,3.42259563898
5.0386,3.42256918419
5.05022,3.42254348384
5.06186,3.42251761535
5.07353,3.422491939
5.08522,3.42246598837
5.09694,3.4224405744
5.10869,3.42241528702
5.12047,3.42238993468
5.13227,3.42236483057
5.14411,3.42233998403
5.15596,3.42231497714
5.16785,3.42229014041
5.17976,3.42226550723
5.1917,3.4222409116
5.20367,3.42221647937
5.21567,3.42219211722
5.22769,3.42216797853
5.23974,3.42214372113
5.25182,3.42211963714
5.26393,3.42209581157
5.27606,3.4220719905
5.28822,3.42204834573
5.30042,3.42202456733
5.31263,3.42200115986
5.32488,3.42197764979
5.33716,3.42195435419
5.34946,3.42193124828
5.36179,3.42190803567
5.37415,3.42188512323
5.38654,3.42186255778
5.39896,3.42183947758
5.4114,3.42181693249
5.42388,3.42179436318
5.43638,3.42177202367
5.44891,3.42174970213
5.46147,3.42172731622
5.47406,3.42170488882
5.48668,3.42168316548
5.49933,3.42166103531
5.51201,3.42163942859
5.52471,3.42161756614
5.53745,3.42159597052
5.55022,3.42157435319
5.56301,3.42155275749
5.57583,3.42153140697
5.58869,3.4215103088
5.60157,3.42148902749
5.61448,3.4214678243
5.62743,3.42144702914
5.6404,3.42142629989
5.6534,3.42140535707
5.66643,3.42138457099
5.6795,3.42136410268
5.69259,3.42134361441
5.70571,3.42132320974
5.71887,3.42130299878
5.73205,3.4212825928
5.74526,3.42126249517
5.75851,3.4212423014
5.77178,3.42122235045
5.78509,3.42120277184
5.79842,3.42118289515
5.81179,3.42116288989
5.82519,3.42114360152
5.83862,3.42112389395
5.85207,3.42110436483
5.86557,3.42108496363
5.87909,3.42106585451
5.89264,3.42104635134
5.90622,3.42102757613
5.91984,3.42100829839
5.93349,3.42098948981
5.94716,3.42097074179
5.96087,3.42095170206
5.97461,3.42093316517
5.98839,3.42091468932
6.00219,3.42089608419
6.01603,3.42087754829
6.0299,3.42085916298
6.0438,3.42084076368
6.05773,3.42082250318
6.07169,3.42080444545
6.08569,3.42078636433
6.09972,3.42076839088
6.11378,3.42075042182
6.12787,3.42073249918
6.142,3.42071470029
6.15616,3.42069730471
6.17035,3.42067968031
6.18458,3.42066209014
6.19883,3.420644674
6.21312,3.42062731031
6.22744,3.42060999134
6.2418,3.42059285522
6.25619,3.42057566642
6.27061,3.42055860746
6.28507,3.42054158805
6.29956,3.42052460396
6.31408,3.42050786415
6.32863,3.42049096823
6.34322,3.42047411266
6.35784,3.4204578411
6.3725,3.42044095401
6.38719,3.42042444211
6.40191,3.42040784948
6.41667,3.42039147149
6.43146,3.42037472687
6.44629,3.42035852593
6.46115,3.42034244065
6.47605,3.42032606918
6.49097,3.42030970557
6.50594,3.42029369322
6.52094,3.42027756577
6.53597,3.42026133133
6.55103,3.42024514619
6.56614,3.42022922723
6.58127,3.42021340761
6.59644,3.42019728277
6.61165,3.42018136932
6.62689,3.42016534524
6.64217,3.42014940933
6.65748,3.4201335629
6.67283,3.42011749814
6.68821,3.42010200155
6.70363,3.42008597545
6.71908,3.4200704698
6.73457,3.42005486303
6.75009,3.42003961519
6.76566,3.42002456382
6.78125,3.42000958374
6.79688,3.41999517787
6.81255,3.41998099607
6.82826,3.41996720263
6.844,3.4199538751
6.85978,3.41994138163
6.87559,3.41992910899
6.89144,3.41991738285
6.90732,3.41990584691
6.92325,3.41989408883
6.93921,3.41988228874
6.9552,3.41987014825
6.97124,3.41985776985
6.98731,3.41984457802
7.00342,3.41983169301
7.01956,3.41981801019
7.03574,3.4198044293
7.05196,3.41979101628
7.06822,3.41977732519
7.08451,3.41976365516
7.10084,3.41974991709
7.11721,3.41973621793
7.13362,3.41972307371
7.15006,3.41970962832
7.16655,3.4196965095
7.18307,3.41968337804
7.19963,3.41967061318
7.21622,3.4196577958
7.23286,3.41964505437
7.24953,3.41963237408
7.26624,3.41961987719
7.28299,3.41960719499
7.29978,3.41959516066
7.31661,3.41958249158
7.33348,3.41957013361
7.35038,3.41955772426
7.36733,3.41954500497
7.38431,3.41953244771
7.40133,3.41951969316
7.41839,3.41950701035
7.43549,3.41949403798
7.45264,3.41948137812
7.46982,3.4194684498
7.48704,3.41945590714
7.50429,3.41944355314
7.52159,3.41943112987
7.53893,3.41941909468
7.55631,3.41940739166
7.57373,3.41939552091
7.59119,3.41938435255
7.60869,3.41937306556
7.62623,3.41936239544
7.64381,3.41935163456
7.66143,3.41934102694
7.67909,3.41933054477
7.69679,3.41932032057
7.71454,3.41931003434
7.73232,3.4192997333
7.75015,3.41928927894
7.76801,3.41927902417
7.78592,3.4192683129
7.80387,3.41925756905
7.82186,3.41924682716
7.83989,3.41923589027
7.85796,3.41922494955
7.87608,3.41921375881
7.89423,3.4192030325
7.91243,3.41919157799
7.93067,3.41918051797
7.94895,3.41916936407
7.96728,3.41915789405
7.98564,3.41914674859
8.00405,3.41913556732
8.0225,3.419123902
8.041,3.41911274405
8.05953,3.41910122422
8.07811,3.41909008464
8.09673,3.41907858452
8.1154,3.4190671435
8.13411,3.41905570096
8.15286,3.4190442553
8.17165,3.4190328186
8.19049,3.41902131896
8.20937,3.41900985258
8.2283,3.4189985303
8.24726,3.41898699054
8.26628,3.41897563103
8.28533,3.41896472824
8.30443,3.41895396215
8.32357,3.41894315313
8.34276,3.41893222038
8.36199,3.41892214129
8.38127,3.41891181805
8.40059,3.41890172045
8.41996,3.41889189752
8.43937,3.41888211526
8.45882,3.41887267032
8.47832,3.41886321594
8.49787,3.41885366263
8.51746,3.41884440525
8.53709,3.41883513781
8.55677,3.41882583556
8.5765,3.41881666873
8.59627,3.41880763127
8.61608,3.41879820648
8.63595,3.41878900193
8.65585,3.41877987966
8.67581,3.41877068924
8.69581,3.41876174614
8.71585,3.41875298361
8.73594,3.41874447637
8.75608,3.41873624941
8.77627,3.41872880957
8.7965,3.41872170979
8.81678,3.41871460796
8.8371,3.41870805878
8.85747,3.41870160647
8.87789,3.41869511881
8.89836,3.4186885982
8.91887,3.41868210983
8.93943,3.41867546941
8.96004,3.41866896467
8.98069,3.41866241012
9.0014,3.41865598715
9.02215,3.41864934598
9.04294,3.41864271331
9.06379,3.4186360521
9.08469,3.41862949833
9.10563,3.41862250952
9.12662,3.41861531527
9.14766,3.41860808449
9.16874,3.41860049513
9.18988,3.41859294987
9.21107,3.41858526937
9.2323,3.4185772395
9.25358,3.41856900126
9.27491,3.41856099842
9.29629,3.4185523339
9.31772,3.41854361928
9.3392,3.41853459453
9.36073,3.41852557816
9.38231,3.41851631479
9.40394,3.41850697834
9.42562,3.41849759836
9.44735,3.4184881771
9.46913,3.41847851875
9.49095,3.4184689427
9.51283,3.41845925033
9.53476,3.41844929496
9.55674,3.41843968932
9.57877,3.41842970844
9.60085,3.41841969034
9.62299,3.41840956945
9.64517,3.41839963648
9.6674,3.41838932947
9.68969,3.41837933792
9.71203,3.41836925424
9.73442,3.41835934584
9.75686,3.41834971507
9.77935,3.41833981652
9.80189,3.41833049626
9.82449,3.41832090015
9.84713,3.41831167691
9.86983,3.41830255394
9.89259,3.41829326549
9.91539,3.41828461156
9.93825,3.41827572673
9.96116,3.41826708445
9.98412,3.41825872573
10.0071,3.41825063762
10.0302,3.41824216445
10.0533,3.41823412372
10.0765,3.4182261141
10.0997,3.41821870733
10.123,3.41821174743
10.1464,3.41820529958
10.1697,3.4181995341
10.1932,3.41819402513
10.2167,3.41818870113
10.2402,3.41818401447
10.2638,3.41817950395
10.2875,3.41817484538
10.3112,3.41817096406
10.335,3.41816696854
10.3588,3.41816269915
10.3827,3.41815884961
10.4066,3.41815439079
10.4306,3.41814995781
10.4547,3.41814537234
10.4788,3.41814041133
10.5029,3.41813507646
10.5271,3.41812896821
10.5514,3.4181223532
10.5757,3.41811517717
10.6001,3.4181076153
10.6245,3.41809993203
10.649,3.41809209012
10.6736,3.41808393848
10.6982,3.41807614401
10.7228,3.41806875189
10.7476,3.41806179313
10.7723,3.41805498476
10.7972,3.41804824964
10.8221,3.41804155227
10.847,3.41803476651
10.872,3.41802844128
10.8971,3.41802274858
10.9222,3.41801785531
10.9474,3.41801386568
10.9726,3.41801086457
10.9979,3.41800846258
11.0233,3.41800664782
11.0487,3.41800560328
11.0741,3.4180043345
11.0997,3.41800359798
11.1253,3.41800306115
11.1509,3.41800250519
11.1766,3.41800197855
11.2024,3.41800150715
11.2282,3.41800088718
11.2541,3.41800036688
11.28,3.41800001696
11.306,3.4179992524
11.3321,3.41799870836
11.3582,3.41799793151
11.3844,3.41799670018
11.4106,3.41799537598
11.4369,3.41799422645
11.4633,3.41799314892
11.4897,3.41799215763
11.5162,3.41799134708
11.5428,3.41799046885
11.5694,3.41798901989
11.596,3.41798650203
11.6228,3.41798290847
11.6496,3.41797821588
11.6764,3.41797249024
11.7033,3.41796584783
11.7303,3.41795896163
11.7574,3.41795187629
11.7845,3.41794447403
11.8116,3.4179366689
11.8389,3.41792834319
11.8662,3.41791952641
11.8935,3.41790954796
11.9209,3.41789820327
11.9484,3.41788570409
11.9759,3.41787340275
12.0036,3.41786182133
12.0312,3.41785247404
12.059,3.41784489205
12.0868,3.41784020322
12.1146,3.41783759671
12.1425,3.4178372359
12.1705,3.41783807611
12.1986,3.41783983251
12.2267,3.41784215075
12.2549,3.41784402947
12.2832,3.41784567093
12.3115,3.41784605638
12.3398,3.41784485945
12.3683,3.41784157297
12.3968,3.41783680259
12.4254,3.41782969936
12.454,3.41782030224
12.4827,3.41780827306
12.5115,3.4177943027
12.5404,3.4177829785
12.5693,3.41777698739
12.5982,3.41777392199
12.6273,3.41777157341
12.6564,3.41776932217
12.6856,3.4177666122
12.7148,3.41776404992
12.7441,3.41776064293
12.7735,3.4177575697
12.8029,3.41775372805
12.8325,3.417750126
12.862,3.41774623857
12.8917,3.41774222291
12.9214,3.41773841164
12.9512,3.41773450683
12.9811,3.41773083611
13.011,3.41772706564
13.041,3.41772347758
13.071,3.41771967791
13.1012,3.41771589102
13.1314,3.41771243284
13.1616,3.41770898471
13.192,3.41770534049
13.2224,3.4177019188
13.2529,3.41769850461
13.2834,3.41769552284
13.314,3.41769278212
13.3447,3.41769055426
13.3755,3.41768944586
13.4063,3.4176891931
13.4372,3.41769085181
13.4682,3.41769564546
13.4993,3.41770491359
13.5304,3.41771953254
13.5616,3.41773607013
13.5928,3.41774995088
13.6242,3.4177593201
13.6556,3.41776624022
13.6871,3.417772278
13.7186,3.41777759589
13.7502,3.41778199594
13.7819,3.41778546245
13.8137,3.41778845012
13.8455,3.41779028479
13.8775,3.41779174375
13.9094,3.41779205185
13.9415,3.41779133837
13.9737,3.41778846341
14.0059,3.41778233935
14.0382,3.41777206996
14.0705,3.41775762063
14.1029,3.4177410108
14.1355,3.41772461577
14.168,3.41770814004
14.2007,3.41769179613
14.2334,3.41767590423
14.2663,3.41766106709
14.2991,3.41764673191
14.3321,3.41763299359
14.3651,3.41762089888
14.3983,3.41761006808
14.4314,3.41760080372
14.4647,3.41759340558
14.4981,3.41758693788
14.5315,3.41758062367
14.565,3.41757294581
14.5986,3.41756486152
14.6322,3.4175558788
14.6659,3.41754683968
14.6997,3.41753768618
14.7336,3.41752858562
14.7676,3.41751965997
14.8016,3.41751076971
14.8358,3.41750154443
14.87,3.4174921944
14.9042,3.41748307358
14.9386,3.41747389653
14.973,3.41746416199
15.0076,3.41745461258
15.0421,3.41744475001
15.0768,3.41743464221
15.1116,3.41742442973
15.1464,3.4174139492
15.1813,3.41740315978
15.2163,3.41739226836
15.2514,3.41738081236
15.2866,3.41736865462
15.3218,3.41735549055
15.3571,3.41734175202
15.3925,3.41732694574
15.428,3.41731152623
15.4636,3.41729470569
15.4992,3.41727697878
15.535,3.41725750656
15.5708,3.41723652856
15.6067,3.41721368782
15.6426,3.41718801649
15.6787,3.41715929071
15.7148,3.41712580534
15.7511,3.41708624369
15.7874,3.41703794648
15.8238,3.41697580891
15.8602,3.41689826573
15.8968,3.41681037917
15.9335,3.41673290049
15.9702,3.41669493634
16.007,3.41671853599
16.0439,3.4167997274
16.0809,3.41691011079
16.118,3.41701828645
16.1551,3.41710802509
16.1923,3.417180036
16.2297,3.41724410171
16.2671,3.41731019881
16.3046,3.41738358291
16.3422,3.41746393648
16.3798,3.41754828424
16.4176,3.41763160005
16.4555,3.41770946574
16.4934,3.41778005998
16.5314,3.4178429206
16.5695,3.41789704427
16.6077,3.41794054282
16.646,3.41797050555
16.6844,3.41798523052
16.7228,3.4179861985
16.7614,3.41797694776
16.8,3.41796135925
16.8388,3.41794216808
16.8776,3.41792169662
16.9165,3.41790108447
16.9555,3.41788090017
16.9946,3.41786053317
17.0337,3.417840684
17.073,3.41782172364
17.1124,3.41780298171
17.1518,3.41778472674
17.1913,3.41776719626
17.231,3.41775022018
17.2707,3.41773408967
17.3105,3.41771859991
17.3504,3.41770401295
17.3904,3.4176910983
17.4305,3.41767953973
17.4707,3.41767037775
17.511,3.41766515711
17.5513,3.41766375023
17.5918,3.41766611825
17.6323,3.41767161731
17.673,3.41767855234
17.7137,3.41768500616
17.7546,3.41768952092
17.7955,3.41769202668
17.8365,3.41769261133
17.8776,3.41769242449
17.9188,3.41769210284
17.9601,3.41769216293
18.0015,3.41769212237
18.043,3.41769168799
18.0846,3.41769116589
18.1263,3.417690592
18.1681,3.41769002198
18.21,3.41768950583
18.252,3.41768870513
18.2941,3.4176880675
18.3362,3.41768691885
18.3785,3.41768574046
18.4209,3.41768403428
18.4633,3.41768176413
18.5059,3.41767955094
18.5485,3.41767727572
18.5913,3.4176746258
18.6342,3.41767219211
18.6771,3.41766973246
18.7202,3.41766693838
18.7633,3.41766465995
18.8066,3.41766262926
18.8499,3.41766055774
18.8934,3.41765857907
18.9369,3.41765720492
18.9806,3.41765582966
19.0244,3.41765505611
19.0682,3.41765406195
19.1122,3.41765366451
19.1562,3.41765297078
19.2004,3.41765231442
19.2446,3.41765126679
19.289,3.41765029105
19.3335,3.41764922297
19.378,3.41764848097
19.4227,3.41764797632
19.4675,3.41764783674
19.5124,3.41764785095
19.5573,3.4176479012
19.6024,3.41764784681
19.6476,3.41764790789
19.6929,3.41764726341
19.7383,3.41764652364
19.7838,3.41764550552
19.8294,3.4176446813
19.8751,3.41764341825
19.9209,3.41764244767
19.9669,3.41764139562
20.0129,3.41764021338
20.059,3.41763941844
20.1053,3.41763865364
20.1516,3.4176383621
20.1981,3.41763821463
20.2446,3.4176378271
20.2913,3.41763814342
20.3381,3.41763837833
20.385,3.41763906657
20.432,3.41763940399
20.4791,3.41764022371
20.5263,3.41764059054
20.5736,3.41764084124
20.621,3.41764113649
20.6685,3.41764152995
20.7162,3.41764104434
20.7639,3.41764093097
20.8118,3.41764033313
20.8598,3.41763905676
20.9079,3.41763816531
20.9561,3.41763648076
21.0044,3.41763451123
21.0528,3.4176326667
21.1013,3.41763025061
21.15,3.41762810275
21.1987,3.41762544094
21.2476,3.41762282642
21.2966,3.41762016432
21.3457,3.4176175574
21.3949,3.41761486437
21.4442,3.41761207391
21.4936,3.41760943931
21.5432,3.41760683217
21.5928,3.41760412273
21.6426,3.41760161661
21.6925,3.41759884433
21.7425,3.41759642315
21.7926,3.41759357074
21.8429,3.41759090106
21.8932,3.41758845065
21.9437,3.41758587184
21.9943,3.41758316636
22.045,3.41758054134
22.0958,3.41757812803
22.1467,3.41757561824
22.1978,3.41757297319
22.249,3.41757047916
22.3003,3.41756822781
22.3517,3.4175654938
22.4032,3.41756335734
22.4548,3.41756076611
22.5066,3.41755849521
22.5585,3.41755596879
22.6105,3.41755347278
22.6626,3.41755121793
22.7149,3.41754869006
22.7672,3.4175463356
22.8197,3.41754397204
22.8723,3.4175416078
22.925,3.41753892119
22.9779,3.41753630394
23.0308,3.41753375639
23.0839,3.41753133077
23.1372,3.41752876211
23.1905,3.4175259346
23.2439,3.41752345749
23.2975,3.41752096641
23.3512,3.4175183922
23.4051,3.41751565645
23.459,3.41751312012
23.5131,3.41751052912
23.5673,3.4175077652
23.6216,3.41750509065
23.6761,3.41750258512
23.7307,3.41749992541
23.7854,3.41749724337
23.8402,3.41749458853
23.8952,3.41749195086
23.9502,3.41748920199
24.0055,3.41748666344
24.0608,3.41748417168
24.1163,3.41748151075
24.1718,3.41747895298
24.2276,3.41747637999
24.2834,3.41747368592
24.3394,3.41747140487
24.3955,3.41746867683
24.4517,3.41746593578
24.5081,3.41746370539
24.5646,3.41746120259
24.6212,3.41745867572
24.678,3.41745616226
24.7349,3.4174535941
24.7919,3.417451185
24.8491,3.41744885517
24.9063,3.4174462187
24.9638,3.41744376383
25.0213,3.41744132754
25.079,3.41743871356
25.1368,3.41743632453
25.1947,3.41743381599
25.2528,3.41743129541
25.311,3.41742899475
25.3694,3.4174264232
25.4279,3.41742391601
25.4865,3.41742113437
25.5452,3.41741867774
25.6041,3.41741585572
25.6631,3.41741348816
25.7223,3.41741051563
25.7816,3.41740816139
25.841,3.41740542989
25.9006,3.41740321926
25.9603,3.41740080961
26.0202,3.41739895338
26.0801,3.41739747355
26.1403,3.41739630024
26.2005,3.41739571827
26.2609,3.41739542951
26.3215,3.41739548114
26.3821,3.41739558139
26.4429,3.41739579953
26.5039,3.4173958768
26.565,3.41739559468
26.6262,3.4173951861
26.6876,3.41739445758
26.7491,3.41739401673
26.8108,3.41739303193
26.8726,3.41739226614
26.9346,3.41739127245
26.9967,3.41739008469
27.0589,3.41738893031
27.1213,3.41738807227
27.1838,3.41738675734
27.2464,3.41738550107
27.3093,3.4173843916
27.3722,3.41738310148
27.4353,3.41738191144
27.4986,3.41738070763
27.5619,3.41737928342
27.6255,3.41737818617
27.6892,3.41737681335
27.753,3.41737576173
27.817,3.4173743829
27.8811,3.41737321533
27.9454,3.41737194017
28.0098,3.41737082741
28.0744,3.41736970042
28.1391,3.41736844553
28.2039,3.41736704229
28.269,3.41736582977
28.3341,3.41736471344
28.3994,3.41736366804
28.4649,3.41736237016
28.5305,3.41736134674
28.5963,3.41736010591
28.6622,3.41735866411
28.7283,3.41735751903
28.7945,3.41735642538
28.8609,3.41735540547
28.9274,3.41735415546
28.9941,3.41735288642
29.061,3.41735181982
29.1279,3.41735069422
29.1951,3.41734945116
29.2624,3.41734835753
29.3299,3.41734690718
29.3975,3.41734593334
29.4652,3.41734479175
29.5332,3.41734373619
29.6012,3.41734230739
29.6695,3.41734130516
29.7379,3.41734031227
29.8064,3.41733915983
29.8751,3.4173379854
29.944,3.41733695725
30.013,3.41733616997
30.0822,3.41733506936
30.1516,3.41733388937
30.2211,3.41733319761
30.2907,3.41733222696
30.3606,3.41733134097
30.4306,3.41733018256
30.5007,3.41732929455
30.571,3.41732831482
30.6415,3.41732706246
30.7121,3.41732584605
30.7829,3.41732484011
30.8539,3.41732335541
30.925,3.41732210792
30.9963,3.41732096893
31.0678,3.41731993136
31.1394,3.41731888236
31.2112,3.41731746787
31.2831,3.41731670508
31.3552,3.41731565764
31.4275,3.41731496537
31.5,3.41731435508
31.5726,3.4173137639
31.6453,3.41731373271
31.7183,3.41731381118
31.7914,3.41731426375
31.8647,3.41731516554
31.9382,3.41731593157
32.0118,3.41731672572
32.0856,3.41731747864
32.1595,3.41731803235
32.2337,3.41731828574
32.308,3.41731849305
32.3825,3.41731806997
32.4571,3.41731772815
32.5319,3.41731727311
32.6069,3.4173165519
32.6821,3.41731584785
32.7574,3.41731492017
32.8329,3.41731432051
32.9086,3.41731340526
32.9845,3.41731267437
33.0605,3.41731201193
33.1367,3.41731109501
33.2131,3.41731041591
33.2897,3.41730990322
33.3664,3.41730890558
33.4434,3.41730831049
33.5205,3.41730770889
33.5977,3.41730704755
33.6752,3.41730621212
33.7528,3.41730534526
33.8306,3.41730493071
33.9086,3.41730415691
33.9868,3.41730354123
34.0651,3.41730260228
34.1436,3.41730212507
34.2224,3.41730137006
34.3012,3.41730092244
34.3803,3.41730011766
34.4596,3.4172995827
34.539,3.41729905296
34.6186,3.41729847206
34.6984,3.41729766316
34.7784,3.41729700533
34.8586,3.41729664375
34.939,3.41729603031
35.0195,3.41729553871
35.1002,3.41729508189
35.1811,3.41729442475
35.2622,3.41729362334
35.3435,3.41729305025
35.425,3.41729247251
35.5067,3.41729201741
35.5885,3.41729148175
35.6706,3.41729048918
35.7528,3.41729035112
35.8352,3.41728955444
35.9178,3.41728913094
36.0006,3.41728853887
36.0836,3.41728787066
36.1668,3.41728734074
36.2502,3.41728695445
36.3337,3.41728647279
36.4175,3.41728575357
36.5014,3.41728528462
36.5856,3.41728487476
36.6699,3.4172843953
36.7544,3.41728368931
36.8392,3.41728299988
36.9241,3.41728257999
37.0092,3.4172819666
37.0945,3.41728147218
37.18,3.41728121058
37.2658,3.41728029501
37.3517,3.41727966291
37.4378,3.41727929741
37.5241,3.41727884855
37.6106,3.41727814933
37.6973,3.41727743407
37.7842,3.41727696541
37.8713,3.41727665338
37.9586,3.4172760238
38.0461,3.41727556288
38.1338,3.41727496821
38.2217,3.41727462039
38.3098,3.41727424015
38.3981,3.4172737885
38.4866,3.41727324629
38.5754,3.41727292334
38.6643,3.41727223503
38.7534,3.41727184525
38.8427,3.41727145494
38.9323,3.41727105655
39.022,3.41727030727
39.112,3.41726998448
39.2021,3.41726937256
39.2925,3.41726927875
39.3831,3.41726854047
39.4739,3.41726810113
39.5649,3.4172674366
39.6561,3.41726719012
39.7475,3.41726629554
39.8391,3.41726573993
39.931,3.41726534356
40.023,3.41726488006
40.1153,3.41726413262
40.2078,3.41726399056
40.3004,3.41726318196
40.3934,3.41726303905
40.4865,3.41726261769
40.5798,3.41726214007
40.6733,3.41726172477
40.7671,3.4172614112
40.8611,3.41726114873
40.9553,3.41726059094
41.0497,3.41726030703
41.1443,3.41725977769
41.2392,3.41725931452
41.3342,3.41725883782
41.4295,3.41725846029
41.525,3.41725778235
41.6207,3.41725709318
41.7167,3.41725649842
41.8129,3.41725588834
41.9092,3.4172553907
42.0059,3.41725485083
42.1027,3.4172542164
42.1998,3.41725358969
42.297,3.41725303019
42.3945,3.41725261601
42.4923,3.41725182719
42.5902,3.41725153825
42.6884,3.41725099648
42.7868,3.41725037184
42.8854,3.41724988348
42.9843,3.41724962436
43.0834,3.41724889067
43.1827,3.41724866944
43.2823,3.41724815423
43.382,3.41724789793
43.482,3.41724731077
43.5823,3.41724700931
43.6827,3.41724665633
43.7834,3.41724619031
43.8844,3.41724595446
43.9855,3.41724546799
44.0869,3.41724530345
44.1886,3.41724481875
44.2904,3.4172448002
44.3925,3.41724435097
44.4949,3.41724414879
44.5974,3.41724379105
44.7002,3.41724355188
44.8033,3.41724320029
44.9066,3.41724294317
45.0101,3.41724256325
45.1138,3.41724245662
45.2178,3.41724233768
45.3221,3.41724201158
45.4266,3.41724173743
45.5313,3.41724141043
45.6362,3.41724111411
45.7414,3.41724096713
45.8469,3.41724097622
45.9526,3.41724054521
46.0585,3.41724029539
46.1647,3.41724014495
46.2711,3.41723997844
46.3778,3.41723961593
46.4847,3.41723970377
46.5918,3.41723952911
46.6992,3.41723939507
46.8069,3.41723902059
46.9148,3.41723870917
47.023,3.41723872002
47.1313,3.41723850034
47.24,3.41723847532
47.3489,3.41723817155
47.458,3.4172382541
47.5675,3.41723782301
47.6771,3.41723769908
47.787,3.41723768059
47.8972,3.41723738573
48.0076,3.41723734397
48.1183,3.4172369568
48.2292,3.41723686057
48.3404,3.41723701451
48.4518,3.41723654534
48.5635,3.41723634741
48.6754,3.41723655208
48.7876,3.41723640742
48.9001,3.41723623934
49.0128,3.41723619692
49.1258,3.41723592574
49.2391,3.41723558814
49.3526,3.41723589681
49.4664,3.4172356433
49.5804,3.41723583457
49.6947,3.41723563659
49.8092,3.4172356076
49.9241,3.417235298
50.0391,3.41723554745
50.1545,3.41723557463
50.2701,3.417235347
50.386,3.41723540282
50.5022,3.41723554477
50.6186,3.41723569323
50.7353,3.41723580152
50.8522,3.41723556246
50.9694,3.4172359475
51.0869,3.41723554888
51.2047,3.41723600014
51.3227,3.417236215
51.4411,3.41723613384
51.5596,3.41723621634
51.6785,3.41723627624
51.7976,3.41723640965
51.917,3.41723655609
52.0367,3.41723690574
52.1567,3.41723673294
52.2769,3.41723721004
52.3974,3.41723752257
52.5182,3.41723732559
52.6393,3.41723761875
52.7606,3.41723792026
52.8822,3.41723814329
53.0042,3.41723817235
53.1263,3.41723842372
53.2488,3.41723876099
53.3716,3.41723864891
53.4946,3.41723912839
53.6179,3.41723931453
53.7415,3.41723949686
53.8654,3.41723973351
53.9896,3.41724008953
54.114,3.41723999218
54.2388,3.41724044689
54.3638,3.41724076616
54.4891,3.41724103486
54.6147,3.41724167846
54.7406,3.41724164604
54.8668,3.41724227299
54.9933,3.41724218928
55.1201,3.4172425551
55.2471,3.41724307089
55.3745,3.41724352797
55.5022,3.41724388705
55.6301,3.41724406451
55.7583,3.417244453
55.8869,3.41724508382
56.0157,3.41724537282
56.1448,3.41724594546
56.2743,3.41724621296
56.404,3.41724632785
56.534,3.41724723134
56.6643,3.41724726863
56.795,3.41724766095
56.9259,3.41724840328
57.0571,3.41724899541
57.1887,3.41724952539
57.3205,3.41724967625
57.4526,3.41725007793
57.5851,3.41725082574
57.7178,3.41725136773
57.8509,3.41725191553
57.9842,3.41725221288
58.1179,3.41725277023
58.2519,3.41725362537
58.3862,3.4172543667
58.5207,3.41725469328
58.6557,3.41725511582
58.7909,3.41725577257
58.9264,3.41725612996
59.0622,3.41725697955
59.1984,3.41725759664
59.3349,3.41725835191
59.4716,3.41725850788
59.6087,3.41725949191
59.7461,3.41726007168
59.8839,3.41726057977
60.0219,3.4172613035
60.1603,3.41726186655
60.299,3.41726303307
60.438,3.4172632504
60.5773,3.41726411768
60.7169,3.41726500852
60.8569,3.41726547002
60.9972,3.41726614631
61.1378,3.41726716917
61.2787,3.41726751576
61.42,3.4172685169
61.5616,3.41726947975
61.7035,3.41726998868
61.8458,3.41727072892
61.9883,3.41727135701
62.1312,3.41727279501
62.2744,3.41727337103
62.418,3.41727461614
62.5619,3.41727564812
62.7061,3.41727667489
62.8507,3.41727808164
62.9956,3.4172793363
63.1408,3.41728051775
63.2863,3.41728212793
63.4322,3.41728370381
63.5784,3.41728562823
63.725,3.41728732973
63.8719,3.4172892217
64.0191,3.41729109099
64.1667,3.41729336613
64.3146,3.4172951952
64.4629,3.41729755841
64.6115,3.41729908324
64.7605,3.41730172385
64.9097,3.41730409774
65.0594,3.41730599248
65.2094,3.41730860552
65.3597,3.41731060196
65.5103,3.41731275218
65.6614,3.41731446145
65.8127,3.41731631075
65.9644,3.4173183883
66.1165,3.41731941766
66.2689,3.41732113611
66.4217,3.41732245243
66.5748,3.41732371157
66.7283,3.41732479173
66.8821,3.41732559297
67.0363,3.41732679222
67.1908,3.41732667687
67.3457,3.41732726875
67.5009,3.41732814012
67.6566,3.41732802908
67.8125,3.41732840191
67.9688,3.41732813497
68.1255,3.41732748827
68.2826,3.4173277118
68.44,3.41732673441
68.5978,3.41732711696
68.7559,3.41732659593
68.9144,3.41732598045
69.0732,3.41732562441
69.2325,3.41732485538
69.3921,3.417324148
69.552,3.41732409698
69.7124,3.41732368897
69.8731,3.41732326052
70.0342,3.41732281873
70.1956,3.41732255303
70.3574,3.41732194911
70.5196,3.41732164312
70.6822,3.41732090779
70.8451,3.41732147747
71.0084,3.41732084312
71.1721,3.41732015018
71.3362,3.41731981029
71.5006,3.41731978079
71.6655,3.41731948337
71.8307,3.41731895073
71.9963,3.41731830418
72.1622,3.41731758601
72.3286,3.41731739785
72.4953,3.41731686606
72.6624,3.41731613133
72.8299,3.4173160815
72.9978,3.41731490013
73.1661,3.41731447107
73.3348,3.41731406234
73.5038,3.417313171
73.6733,3.41731283924
73.8431,3.41731217276
74.0133,3.41731113545
74.1839,3.41731090027
74.3549,3.41731016109
74.5264,3.41730977662
74.6982,3.41730916741
74.8704,3.41730872455
75.0429,3.41730847351
75.2159,3.41730756147
75.3893,3.41730750957
75.5631,3.41730697757
75.7373,3.41730608235
75.9119,3.41730642622
76.0869,3.41730596412
76.2623,3.41730580146
76.4381,3.41730524992
76.6143,3.4173044202
76.7909,3.41730469151
76.9679,3.41730453737
77.1454,3.41730388798
77.3232,3.41730317687
77.5015,3.41730396393
77.6801,3.41730334073
77.8592,3.41730291732
78.0387,3.41730248195
78.2186,3.41730261467
78.3989,3.41730250619
78.5796,3.41730254245
78.7608,3.41730312474
78.9423,3.41730221978
79.1243,3.41730320732
79.3067,3.41730243747
79.4895,3.41730300072
79.6728,3.41730378278
79.8564,3.41730432585
80.0405,3.4173051458
80.225,3.4173066171
80.41,3.41730696963
80.5953,3.41730762375
80.7811,3.41730889366
80.9673,3.41730924735
81.154,3.41731049304
81.3411,3.41731200139
81.5286,3.41731400681
81.7165,3.41731468545
81.9049,3.41731716773
82.0937,3.41731894602
82.283,3.41732001772
82.4726,3.41732074595
82.6628,3.41732225178
82.8533,3.41732476123
83.0443,3.41732581874
83.2357,3.417327125
83.4276,3.417328477
83.6199,3.41733054081
83.8127,3.41733222511
84.0059,3.41733409475
84.1996,3.41733530951
84.3937,3.4173366531
84.5882,3.41733809278
84.7832,3.41733818226
84.9787,3.41734065407
85.1746,3.41734067343
85.3709,3.41734259836
85.5677,3.41734288949
85.765,3.41734361915
85.9627,3.41734546541
86.1608,3.41734451309
86.3595,3.41734520872
86.5585,3.41734724457
86.7581,3.41734659474
86.9581,3.41734693973
87.1585,3.41734741402
87.3594,3.41734714625
87.5608,3.41734875995
87.7627,3.41734727548
87.965,3.41734786728
88.1678,3.41734741354
88.371,3.41734821374
88.5747,3.41734793822
88.7789,3.41734803629
88.9836,3.41734739096
89.1887,3.41734759739
89.3943,3.41734695655
89.6004,3.4173467389
89.8069,3.41734676344
90.014,3.41734631191
90.2215,3.41734577037
90.4294,3.41734641291
90.6379,3.4173454395
90.8469,3.41734449747
91.0563,3.41734493186
91.2662,3.41734369818
91.4766,3.41734447272
91.6874,3.4173430701
91.8988,3.41734229948
92.1107,3.417342996
92.323,3.41734345965
92.5358,3.41734238843
92.7491,3.4173421634
92.9629,3.41734226793
93.1772,3.41734021324
93.392,3.4173409333
93.6073,3.41734055696
93.8231,3.41733961655
94.0394,3.41734074868
94.2562,3.41733917822
94.4735,3.41733767545
94.6913,3.41733834381
94.9095,3.41733726738
95.1283,3.41733749322
95.3476,3.41733824563
95.5674,3.41733824902
95.7877,3.41733637247
96.0085,3.41733625686
96.2299,3.41733607937
96.4517,3.41733537146
96.674,3.41733479591
96.8969,3.41733539804
97.1203,3.41733534654
97.3442,3.41733414337
97.5686,3.41733440382
97.7935,3.41733372638
98.0189,3.41733438069
98.2449,3.41733280882
98.4713,3.41733437085
98.6983,3.4173335673
98.9259,3.41733269825
99.1539,3.41733225138
99.3825,3.41733065388
99.6116,3.41733200968
99.8412,3.41733135857
100.071,3.41733009895
100.302,3.41733187594
100.533,3.41733177527
100.765,3.41733223219
100.997,3.41733041214
101.23,3.41733112603
101.464,3.41733090875
101.697,3.41732924167
101.932,3.41732963474
102.167,3.41732936217
102.402,3.41732864801
102.638,3.41732829942
102.875,3.41732766366
103.112,3.41733041823
103.35,3.41732856024
103.588,3.41732656925
103.827,3.41732836747
104.066,3.41732779423
104.306,3.4173266399
104.547,3.41732706491
104.788,3.41732570377
105.029,3.41732866372
105.271,3.41732684979
105.514,3.41732786204
105.757,3.41732648414
106.001,3.41732467166
106.245,3.41732411958
106.49,3.41732604208
106.736,3.41732773449
106.982,3.41732347297
107.228,3.41732373389
107.476,3.41732552996
107.723,3.41732518637
107.972,3.41732531056
108.221,3.41732461442
108.47,3.41732559436
108.72,3.41732324311
108.971,3.41732338046
109.222,3.41732265337
109.474,3.41732294241
109.726,3.4173236064
109.979,3.41732305192
110.233,3.41732280185
110.487,3.41732274181
110.741,3.41732446314
110.997,3.41732324041
111.253,3.41732341539
111.509,3.41732288084
111.766,3.41732261016
112.024,3.41732074768
112.282,3.41732328707
112.541,3.41732160313
112.8,3.41732374176
113.06,3.41732008472
113.321,3.41732347979
113.582,3.41732030293
113.844,3.41732126302
114.106,3.41732174817
114.369,3.41732128995
114.633,3.41732014244
114.897,3.41732078924
115.162,3.41732000384
115.428,3.41731955165
115.694,3.41732140241
115.96,3.41731978616
116.228,3.41731899316
116.496,3.41731838072
116.764,3.41732147628
117.033,3.41731768795
117.303,3.41731850529
117.574,3.41731774748
117.845,3.41732042592
118.116,3.41731838167
118.389,3.41732081798
118.662,3.41732075473
118.935,3.41731919434
119.209,3.41731751996
119.484,3.41731967529
119.759,3.41731979894
120.036,3.41731838392
120.312,3.41731820329
120.59,3.4173172429
120.868,3.41731647649
121.146,3.41731832276
121.425,3.41731799264
121.705,3.41731664753
121.986,3.4173190137
122.267,3.4173170678
122.549,3.41731633923
122.832,3.41731967297
123.115,3.41731767722
123.398,3.41732026545
123.683,3.41731688421
123.968,3.41731578795
124.254,3.41731867038
124.54,3.41731557498
124.827,3.41731540125
125.115,3.41731529792
125.404,3.41731928966
125.693,3.41731686069
125.982,3.4173194045
126.273,3.41731790956
126.564,3.41731593254
126.856,3.41731777758
127.148,3.41731628921
127.441,3.41732006478
127.735,3.4173181438
128.029,3.41731544979
128.325,3.41731832221
128.62,3.41731631702
128.917,3.41731663093
129.214,3.4173164205
129.512,3.41731655789
129.811,3.41731582616
130.11,3.41731402592
130.41,3.41731469299
130.71,3.41731637747
131.012,3.41731587446
131.314,3.41731695881
131.616,3.41731552196
131.92,3.41731347126
132.224,3.41731565507
132.529,3.41731508221
132.834,3.41731556565
133.14,3.41731356317
133.447,3.41731851471
133.755,3.41731576651
134.063,3.41731833009
134.372,3.41731172228
134.682,3.41731162928
134.993,3.41731471538
135.304,3.41731891587
135.616,3.41731556553
135.928,3.41731595333
136.242,3.41731451058
136.556,3.41731508361
136.871,3.41731472597
137.186,3.41731190319
137.502,3.41731400141
137.819,3.41731586875
138.137,3.4173147586
138.455,3.41731338064
138.775,3.41731372029
139.094,3.41731397221
139.415,3.41731544988
139.737,3.41731209319
140.059,3.41731327074
140.382,3.41731435164
140.705,3.4173120041
141.029,3.41731740416
141.355,3.41731657665
141.68,3.41731219106
142.007,3.41731684256
142.334,3.41731535304
142.663,3.41731206894
142.991,3.41731281548
143.321,3.41731403817
143.651,3.41731211492
143.983,3.41730949211
144.314,3.41731580062
144.647,3.41731374714
144.981,3.41730733939
145.315,3.41731094013
145.65,3.41731178255
145.986,3.41731420153
146.322,3.41731578161
146.659,3.41731291752
146.997,3.41731075975
147.336,3.41731681041
147.676,3.41731445682
148.016,3.41731048239
148.358,3.41731233315
148.7,3.41731227163
149.042,3.41731196817
149.386,3.41731068991
149.73,3.417312755
150.076,3.41730754685
150.421,3.41731437349
150.768,3.41731133667
151.116,3.41730949095
151.464,3.41731629139
151.813,3.41731195192
152.163,3.41730839492
152.514,3.41731323738
152.866,3.41731001844
153.218,3.41731596846
153.571,3.417314281
153.925,3.41731710523
154.28,3.41731116644
154.636,3.41730813673
154.992,3.41731306274
155.35,3.41730980675
155.708,3.41730959353
156.067,3.41731111237
156.426,3.41730918884
156.787,3.41731344244
157.148,3.4173088098
157.511,3.41731049822
157.874,3.41730584969
158.238,3.41730510001
158.602,3.41730827437
158.968,3.41731278413
159.335,3.41731127052
159.702,3.41731152299
160.07,3.41730604519
160.439,3.41731029524
160.809,3.41731223548
161.18,3.41730830711
161.551,3.41730706659
161.923,3.41731791839
162.297,3.41730981279
162.671,3.41730986663
163.046,3.41730576265
163.422,3.41730293171
163.798,3.41731018337
164.176,3.41731665562
164.555,3.41731167053
164.934,3.41731143336
165.314,3.41730738417
165.695,3.41730525201
166.077,3.41731309237
166.46,3.41730994262
166.844,3.41731239232
167.228,3.41730530744
167.614,3.41730557453
168,3.41731210025
168.388,3.41730772493
168.776,3.41730938108
169.165,3.41730845631
169.555,3.41730853344
169.946,3.41730981773
170.337,3.41730854585
170.73,3.4173072797
171.124,3.4173127996
171.518,3.41730503074
171.913,3.41731785734
172.31,3.4173104382
172.707,3.41730726657
173.105,3.41730141109
173.504,3.41731054376
173.904,3.4173124968
174.305,3.41730282403
174.707,3.4173106119
175.11,3.41731352296
175.513,3.41730986951
175.918,3.41730051917
176.323,3.41731170726
176.73,3.41730491632
177.137,3.41730065118
177.546,3.41731234285
177.955,3.41730648481
178.365,3.41730547413
178.776,3.41730452073
179.188,3.41730874289
179.601,3.41730021485
180.015,3.41731056479
180.43,3.41731228533
180.846,3.41731255911
181.263,3.41731154834
181.681,3.41730277472
182.1,3.4173076481
182.52,3.41731101526
182.941,3.41730982775
183.362,3.41731726237
183.785,3.41730774545
184.209,3.41730180108
184.633,3.41730850733
185.059,3.41730860543
185.485,3.41730527704
185.913,3.4173048475
186.342,3.41731109775
186.771,3.41731134628
187.202,3.4173061227
187.633,3.4173089543
188.066,3.41730445296
188.499,3.41731107028
188.934,3.41731657259
189.369,3.41731557559
189.806,3.41731002383
190.244,3.41731771636
190.682,3.41730702565
191.122,3.4173024943
191.562,3.41730585933
192.004,3.4173052647
192.446,3.4173130047
192.89,3.41730892827
193.335,3.41731291781
193.78,3.41730766591
194.227,3.41731989237
194.675,3.41731117278
195.124,3.41731082916
195.573,3.41730453853
196.024,3.41730262332
196.476,3.41730744712
196.929,3.41730649076
197.383,3.41730625296
197.838,3.4173178836
198.294,3.417306975
198.751,3.417310224
199.209,3.41731071318
199.669,3.41730012129
200.129,3.4173094404
200.59,3.417305048
201.053,3.41730280081
201.516,3.41730963991
201.981,3.41730834457
202.446,3.41731185649
202.913,3.41731011086
203.381,3.41729832023
203.85,3.41730111288
204.32,3.41731476839
204.791,3.41730657107
205.263,3.4173026564
205.736,3.41731351474
206.21,3.41730948607
206.685,3.4172988852
207.162,3.41730395084
207.639,3.41730537965
208.118,3.41729782097
208.598,3.41730269109
209.079,3.41731108285
209.561,3.41731474844
210.044,3.417308868
210.528,3.41730987935
211.013,3.41730544894
211.5,3.4172998116
211.987,3.41731677952
212.476,3.41730763439
212.966,3.41731439587
213.457,3.41731081368
213.949,3.41730207441
214.442,3.41730237519
214.936,3.41732097059
215.432,3.41730566777
215.928,3.41729830917
216.426,3.41730900547
216.925,3.41730853966
217.425,3.41731065882
217.926,3.41729765294
218.429,3.41731478528
218.932,3.41732058718
219.437,3.41732360411
219.943,3.41730015528
220.45,3.41731329097
220.958,3.4173008862
221.467,3.41730803981
221.978,3.41731096907
222.49,3.4173022465
223.003,3.41731029762
223.517,3.41730784039
224.032,3.4173180846
224.548,3.41730958594
225.066,3.41730885499
225.585,3.4173110331
226.105,3.41729291423
226.626,3.41731298178
227.149,3.41731807153
227.672,3.41730349543
228.197,3.41731111973
228.723,3.41732221285
229.25,3.41729242806
229.779,3.4173115016
230.308,3.417303776
230.839,3.4173011697
231.372,3.41731523461
231.905,3.41729895712
232.439,3.41730922167
232.975,3.41732588062
233.512,3.41732354246
234.051,3.41729024731
234.59,3.41730103902
235.131,3.41730980359
235.673,3.41730487114
236.216,3.41730589158
236.761,3.41728920689
237.307,3.41730954916
237.854,3.41730680286
238.402,3.41731533941
238.952,3.41732007949
239.502,3.41732268928
240.055,3.41733198282
240.608,3.41731557052
241.163,3.41730833924
241.718,3.41732776046
242.276,3.41730167107
242.834,3.41731347267
243.394,3.41729591512
243.955,3.41731538335
244.517,3.4173150198
245.081,3.41730982953
245.646,3.41729361533
246.212,3.41730221396
246.78,3.41731816515
247.349,3.41729955496
247.919,3.41729880664
248.491,3.41729327404
249.063,3.41728945672
249.638,3.41732976075
250.213,3.41731013314
250.79,3.417293668
251.368,3.417283752
251.947,3.41732149417
252.528,3.41731051459
253.11,3.41730613462
253.694,3.4173285736
254.279,3.41728378861
254.865,3.41730945347
255.452,3.41731899071
256.041,3.41728457731
256.631,3.4173033672
257.223,3.41732058921
257.816,3.41729264385
258.41,3.41729446471
259.006,3.41733182108
259.603,3.41731163788
260.202,3.41730105844
260.801,3.41729471339
261.403,3.41731212877
262.005,3.41731289345
262.609,3.41730990339
263.215,3.41729793755
263.821,3.41732966169
264.429,3.41730538871
265.039,3.41732589502
265.65,3.41732390103
266.262,3.41732089481
266.876,3.41732288445
267.491,3.41732946164
268.108,3.41733593753
268.726,3.41731678728
269.346,3.41730083031
269.967,3.41730582799
270.589,3.41732433571
271.213,3.41732418381
271.838,3.41732663972
272.464,3.41730787447
273.093,3.41733466281
273.722,3.41731493985
274.353,3.41730648299
274.986,3.41732234117
275.619,3.41733938256
276.255,3.41731923368
276.892,3.41729489432
277.53,3.41729028396
278.17,3.41732349818
278.811,3.41731530996
279.454,3.41730598455
280.098,3.41732909627
280.744,3.41731338333
281.391,3.41734408085
282.039,3.4172944332
282.69,3.41730689384
283.341,3.41730661229
283.994,3.41731887987
284.649,3.41730437565
285.305,3.41730514311
285.963,3.41732073259
286.622,3.41731059462
287.283,3.41729234588
287.945,3.41734298139
288.609,3.41732604919
289.274,3.41730937013
289.941,3.41730119653
290.61,3.41730330686
291.279,3.4173086643
291.951,3.41730278694
292.624,3.41734295856
293.299,3.41730503638
293.975,3.41730286545
294.652,3.41731808095
295.332,3.41731686308
296.012,3.41732687709
296.695,3.41729307519
297.379,3.41731114937
298.064,3.41732632027
298.751,3.41730546984
299.44,3.41732140134
300.13,3.41732926471
300.822,3.41726880414
301.516,3.41729840232
302.211,3.41730104906
302.907,3.41729221005
303.606,3.4172722105
304.306,3.41729858064
305.007,3.41729491786
305.71,3.41727764322
306.415,3.41732885996
307.121,3.4173417849
307.829,3.41727258311
308.539,3.4173127065
309.25,3.41736453425
309.963,3.41727349009

wl,k
0.0309963,0.0104839413064
0.0310678,0.010562417725
0.0311394,0.0106414935591
0.0312112,0.0107211734365
0.0312831,0.0108014620606
0.0313552,0.0108823641883
0.0314275,0.0109638845726
0.0315,0.0110460280358
0.0315726,0.0111287994033
0.0316453,0.0112122035791
0.0317183,0.0112962455056
0.0317914,0.0113809300883
0.0318647,0.0114662623905
0.0319382,0.0115522474098
0.0320118,0.0116388902535
0.0320856,0.0117261960228
0.0321595,0.0118141292646
0.0322337,0.0119027978015
0.032308,0.01199217609
0.0323825,0.0120821146579
0.0324571,0.0121728808305
0.0325319,0.0122642191714
0.0326069,0.0123562994094
0.0326821,0.0124491386459
0.0327574,0.0125426758935
0.0328329,0.0126368438337
0.0329086,0.0127318116922
0.0329845,0.0128274828011
0.0330605,0.0129238798484
0.0331367,0.0130210474832
0.0332131,0.0131189428219
0.0332897,0.0132176068845
0.0333664,0.0133170010736
0.0334434,0.0134171499006
0.0335205,0.0135180450304
0.0335977,0.0136197639356
0.0336752,0.0137222211614
0.0337528,0.0138255045594
0.0338306,0.0139295664977
0.0339086,0.0140344788078
0.0339868,0.0141400728007
0.0340651,0.0142466188021
0.0341436,0.0143539238383
0.0342224,0.0144620063306
0.0343012,0.0145706786197
0.0343803,0.0146807542847
0.0344596,0.014791338026
0.034539,0.0149027380566
0.0346186,0.0150152911203
0.0346984,0.0151281284946
0.0347784,0.0152424878324
0.0348586,0.0153570117727
0.034939,0.0154729601668
0.0350195,0.0155895840923
0.0351002,0.0157071661407
0.0351811,0.0158258970766
0.0352622,0.0159451846824
0.0353435,0.0160654476029
0.035425,0.0161869720072
0.0355067,0.0163093668488
0.0355885,0.0164324399532
0.0356706,0.0165565240932
0.0357528,0.0166816044628
0.0358352,0.0168073574631
0.0359178,0.0169342553555
0.0360006,0.0170623396205
0.0360836,0.0171917732378
0.0361668,0.0173209575365
0.0362502,0.0174525792921
0.0363337,0.0175841043969
0.0364175,0.0177172600581
0.0365014,0.0178509723915
0.0365856,0.0179858688962
0.0366699,0.0181218700774
0.0367544,0.01825913502
0.0368392,0.0183970521952
0.0369241,0.0185368616001
0.0370092,0.0186766239628
0.0370945,0.0188182750371
0.03718,0.018960368119
0.0372658,0.0191039739207
0.0373517,0.0192483974081
0.0374378,0.0193945745246
0.0375241,0.0195412577116
0.0376106,0.0196895833412
0.0376973,0.0198388426107
0.0377842,0.0199890097707
0.0378713,0.0201403735884
0.0379586,0.0202930262236
0.0380461,0.0204470804469
0.0381338,0.0206017490788
0.0382217,0.0207579296911
0.0383098,0.0209153571031
0.0383981,0.0210739398625
0.0384866,0.0212338466951
0.0385754,0.0213950187395
0.0386643,0.0215578247502
0.0387534,0.0217206760171
0.0388427,0.021885740647
0.0389323,0.022052001499
0.039022,0.0222190928805
0.039112,0.0223877648365
0.0392021,0.0225581539172
0.0392925,0.0227292393857
0.0393831,0.0229021652457
0.0394739,0.0230757297006
0.0395649,0.0232510270255
0.0396561,0.0234280640997
0.0397475,0.023605723227
0.0398391,0.0237852962366
0.039931,0.0239660911252
0.040023,0.0241482158666
0.0401153,0.0243318481867
0.0402078,0.0245164979236
0.0403004,0.0247029847481
0.0403934,0.0248909000473
0.0404865,0.0250801953892
0.0405798,0.0252712568115
0.0406733,0.0254629939854
0.0407671,0.0256571011457
0.0408611,0.0258518951171
0.0409553,0.0260489463984
0.0410497,0.0262471444201
0.0411443,0.0264471364908
0.0412392,0.0266486870701
0.0413342,0.0268511835969
0.0414295,0.0270557896689
0.041525,0.02726190795
0.0416207,0.0274693013249
0.0417167,0.0276785658296
0.0418129,0.0278898387156
0.0419092,0.0281022477134
0.0420059,0.0283159791888
0.0421027,0.0285321242641
0.0421998,0.0287493579643
0.042297,0.0289686931337
0.0423945,0.0291895400946
0.0424923,0.0294117561775
0.0425902,0.0296360712015
0.0426884,0.0298624606428
0.0427868,0.0300899912522
0.0428854,0.0303198284951
0.0429843,0.0305510515975
0.0430834,0.0307843018378
0.0431827,0.0310189564554
0.0432823,0.0312557831655
0.043382,0.0314949910101
0.043482,0.0317344149557
0.0435823,0.0319771890441
0.0436827,0.0322214310026
0.0437834,0.0324673681952
0.0438844,0.0327154938997
0.0439855,0.0329652904934
0.0440869,0.0332171478829
0.0441886,0.0334709168327
0.0442904,0.0337265625452
0.0443925,0.0339843086193
0.0444949,0.0342439366474
0.0445974,0.034505921663
0.0447002,0.0347698182369
0.0448033,0.0350360567098
0.0449066,0.0353035962491
0.0450101,0.0355932305393
0.0451138,0.0358513996634
0.0452178,0.0361056717753
0.0453221,0.0364087690001
0.0454266,0.0366644891475
0.0455313,0.0369542180281
0.0456362,0.0372504038748
0.0457414,0.0375225577212
0.0458469,0.0378179175319
0.0459526,0.0380925116806
0.0460585,0.0383934883416
0.0461647,0.0387026358685
0.0462711,0.03898197119
0.0463778,0.0392789608161
0.0464847,0.0395923487263
0.0465918,0.0398794595702
0.0466992,0.0401956553463
0.0468069,0.0405174006959
0.0469148,0.0408130032578
0.047023,0.0411383147808
0.0471313,0.0414463953726
0.04724,0.0417561964626
0.0473489,0.0420865457623
0.047458,0.0424034780716
0.0475675,0.0427264496908
0.0476771,0.0430665093064
0.047787,0.0433724231439
0.0478972,0.0437291576705
0.0480076,0.0440541265852
0.0481183,0.0444028706564
0.0482292,0.0447241183693
0.0483404,0.0450666706592
0.0484518,0.0454216757694
0.0485635,0.0457892554505
0.0486754,0.0461087178755
0.0487876,0.046510256883
0.0489001,0.0468652233472
0.0490128,0.0472132449795
0.0491258,0.0475520750854
0.0492391,0.0479292596857
0.0493526,0.0482700092441
0.0494664,0.0486578748737
0.0495804,0.0490405775756
0.0496947,0.049435675128
0.0498092,0.0498103985447
0.0499241,0.0501957998182
0.0500391,0.0505755233279
0.0501545,0.0509587825682
0.0502701,0.0513740614063
0.050386,0.0517490369103
0.0505022,0.0521835464429
0.0506186,0.0525478894445
0.0507353,0.0529645132882
0.0508522,0.0533685140516
0.0509694,0.0537971555487
0.0510869,0.0541741776971
0.0512047,0.0546164704177
0.0513227,0.0550356469735
0.0514411,0.0555010283411
0.0515596,0.0558999920958
0.0516785,0.0563111982893
0.0517976,0.0567741028771
0.051917,0.0572022843004
0.0520367,0.0576191729318
0.0521567,0.0581096780734
0.0522769,0.0585644928049
0.0523974,0.0590312054567
0.0525182,0.0594495401536
0.0526393,0.0599487861404
0.0527606,0.0604183838369
0.0528822,0.0608915369687
0.0530042,0.0613693839981
0.0531263,0.0618298505856
0.0532488,0.0623162354877
0.0533716,0.0627844559106
0.0534946,0.0632798891235
0.0536179,0.0637918372053
0.0537415,0.0643137639347
0.0538654,0.0647655046812
0.0539896,0.0653157322847
0.054114,0.0658183629791
0.0542388,0.0663452279246
0.0543638,0.0668549716546
0.0544891,0.0673729957465
0.0546147,0.0678870832905
0.0547406,0.0684488208261
0.0548668,0.0689822486717
0.0549933,0.0694997037492
0.0551201,0.0701005234006
0.0552471,0.0706262757581
0.0553745,0.0711969833762
0.0555022,0.0717642075246
0.0556301,0.0723365389332
0.0557583,0.072891433354
0.0558869,0.0734337100578
0.0560157,0.0740866071031
0.0561448,0.0746312919349
0.0562743,0.0752055678275
0.056404,0.0758155802314
0.056534,0.0764671210662
0.0566643,0.077044287115
0.056795,0.0776657810835
0.0569259,0.0782900705612
0.0570571,0.0789493335434
0.0571887,0.0795287256034
0.0573205,0.0802142702021
0.0574526,0.0809073289514
0.0575851,0.0814843618373
0.0577178,0.0821763465882
0.0578509,0.0828469138356
0.0579842,0.0835169422312
0.0581179,0.08420264112
0.0582519,0.0849545111715
0.0583862,0.0855620889818
0.0585207,0.0863217440668
0.0586557,0.086983889831
0.0587909,0.0877662145996
0.0589264,0.08847569807
0.0590622,0.0891714620338
0.0591984,0.0899809510303
0.0593349,0.0907254065643
0.0594716,0.0914701908516
0.0596087,0.0922324160361
0.0597461,0.0929992429199
0.0598839,0.0937742895861
0.0600219,0.0945845332056
0.0601603,0.095409702641
0.060299,0.0962577902035
0.060438,0.0970391477249
0.0605773,0.097929175873
0.0607169,0.0987564257366
0.0608569,0.0996228507495
0.0609972,0.100489243253
0.0611378,0.101368112216
0.0612787,0.102269226652
0.06142,0.103155353835
0.0615616,0.10412015023
0.0617035,0.105105012535
0.0618458,0.106009585286
0.0619883,0.107009472338
0.0621312,0.108014441521
0.0622744,0.109055184975
0.062418,0.110086486377
0.0625619,0.11112220516
0.0627061,0.112161113488
0.0628507,0.113322915109
0.0629956,0.114462903339
0.0631408,0.115655068568
0.0632863,0.11691752414
0.0634322,0.11812921343
0.0635784,0.119467082867
0.063725,0.120757750965
0.0638719,0.122171330902
0.0640191,0.12365412935
0.0641667,0.125234797412
0.0643146,0.126764871303
0.0644629,0.12847872786
0.0646115,0.130215027764
0.0647605,0.132106384372
0.0649097,0.13408185303
0.0650594,0.136032291922
0.0652094,0.138094804644
0.0653597,0.140336096366
0.0655103,0.142691104132
0.0656614,0.14505232587
0.0658127,0.147521362859
0.0659644,0.150066250226
0.0661165,0.152699175936
0.0662689,0.155490567402
0.0664217,0.158327135168
0.0665748,0.161154635583
0.0667283,0.164109724277
0.0668821,0.167081798474
0.0670363,0.17013105558
0.0671908,0.173226433672
0.0673457,0.176225560882
0.0675009,0.179384888872
0.0676566,0.182576855501
0.0678125,0.185660494336
0.0679688,0.188616309551
0.0681255,0.191659241704
0.0682826,0.194618072353
0.06844,0.1976903294
0.0685978,0.200616382248
0.0687559,0.203492735593
0.0689144,0.206322673189
0.0690732,0.209047900225
0.0692325,0.21188475528
0.0693921,0.214470197094
0.069552,0.217187629012
0.0697124,0.219855076997
0.0698731,0.222463763849
0.0700342,0.225026827352
0.0701956,0.227523320237
0.0703574,0.230017914194
0.0705196,0.232446108621
0.0706822,0.234906598643
0.0708451,0.237528625404
0.0710084,0.239884425824
0.0711721,0.242482983672
0.0713362,0.245040725168
0.0715006,0.247507034781
0.0716655,0.25005651525
0.0718307,0.252601808212
0.0719963,0.255177247429
0.0721622,0.257834639805
0.0723286,0.260652416421
0.0724953,0.263286178063
0.0726624,0.26605740823
0.0728299,0.268837942532
0.0729978,0.271794593045
0.0731661,0.274743201588
0.0733348,0.27777892487
0.0735038,0.280731806916
0.0736733,0.284076941048
0.0738431,0.287086288015
0.0740133,0.290383264609
0.0741839,0.293826437597
0.0743549,0.29715779118
0.0745264,0.300467966076
0.0746982,0.30418464373
0.0748704,0.307760858012
0.0750429,0.311344300769
0.0752159,0.315249921551
0.0753893,0.319047181364
0.0755631,0.322997905706
0.0757373,0.326710897564
0.0759119,0.330670746183
0.0760869,0.334884624452
0.0762623,0.339157717723
0.0764381,0.343380559568
0.0766143,0.347641347628
0.0767909,0.351788146469
0.0769679,0.356461562124
0.0771454,0.360920651251
0.0773232,0.365538411451
0.0775015,0.370157848771
0.0776801,0.374792418658
0.0778592,0.379586816105
0.0780387,0.384265937833
0.0782186,0.389294228372
0.0783989,0.394105148359
0.0785796,0.399057939057
0.0787608,0.40425076863
0.0789423,0.409267769407
0.0791243,0.414407628724
0.0793067,0.419689589228
0.0794895,0.424993161589
0.0796728,0.430129980822
0.0798564,0.435472583081
0.0800405,0.440781581072
0.080225,0.446298039447
0.08041,0.451797103777
0.0805953,0.457232577478
0.0807811,0.462841712771
0.0809673,0.468263438036
0.081154,0.473922910894
0.0813411,0.47946912569
0.0815286,0.484925804056
0.0817165,0.490386272779
0.0819049,0.496113813622
0.0820937,0.501524159193
0.082283,0.507167781751
0.0824726,0.512780320771
0.0826628,0.518327157093
0.0828533,0.523885621577
0.0830443,0.529427612245
0.0832357,0.534841916668
0.0834276,0.540194965804
0.0836199,0.545785519739
0.0838127,0.551312480331
0.0840059,0.556668546159
0.0841996,0.561990184395
0.0843937,0.567359114519
0.0845882,0.572847912198
0.0847832,0.578119443155
0.0849787,0.583301825461
0.0851746,0.588769432962
0.0853709,0.593861102845
0.0855677,0.598956905832
0.085765,0.604263097495
0.0859627,0.609457475272
0.0861608,0.614486250713
0.0863595,0.619535637987
0.0865585,0.624501852607
0.0867581,0.629514500369
0.0869581,0.63439270933
0.0871585,0.639371509715
0.0873594,0.644228143177
0.0875608,0.649105921396
0.0877627,0.654051875314
0.087965,0.658845972507
0.0881678,0.663858865729
0.088371,0.668782182283
0.0885747,0.673546540263
0.0887789,0.678618674493
0.0889836,0.683450832555
0.0891887,0.688615828539
0.0893943,0.693588769421
0.0896004,0.698603432636
0.0898069,0.703857226043
0.090014,0.709047285387
0.0902215,0.714214107356
0.0904294,0.719537285622
0.0906379,0.724958895426
0.0908469,0.73029979304
0.0910563,0.735753073101
0.0912662,0.741202714343
0.0914766,0.746861745359
0.0916874,0.752410229488
0.0918988,0.758065154189
0.0921107,0.763749102626
0.092323,0.769476116152
0.0925358,0.775246200863
0.0927491,0.780924713113
0.0929629,0.786738302704
0.0931772,0.792579432828
0.093392,0.798383109147
0.0936073,0.804206619142
0.0938231,0.810061703866
0.0940394,0.815957893459
0.0942562,0.821791215032
0.0944735,0.827640368852
0.0946913,0.833416039082
0.0949095,0.839277162788
0.0951283,0.845039672162
0.0953476,0.850879522979
0.0955674,0.856615846096
0.0957877,0.862400498548
0.0960085,0.868136635679
0.0962299,0.873915759849
0.0964517,0.879653635972
0.096674,0.885321270486
0.0968969,0.890992334222
0.0971203,0.896696875294
0.0973442,0.902296188449
0.0975686,0.907939685099
0.0977935,0.913542249101
0.0980189,0.91913793859
0.0982449,0.924731329607
0.0984713,0.930295739856
0.0986983,0.935838661525
0.0989259,0.941351064273
0.0991539,0.946925745382
0.0993825,0.952468350754
0.0996116,0.957896360826
0.0998412,0.963450817902
0.100071,0.968909954877
0.100302,0.974380581157
0.100533,0.979932666845
0.100765,0.985381431036
0.100997,0.990821666583
0.10123,0.99629222181
0.101464,1.0017767682
0.101697,1.0072848685
0.101932,1.01271927157
0.102167,1.01818187814
0.102402,1.02369314806
0.102638,1.02915692591
0.102875,1.03462537255
0.103112,1.04010839908
0.10335,1.04558695043
0.103588,1.05107809483
0.103827,1.05657983596
0.104066,1.06209257059
0.104306,1.06763762206
0.104547,1.07315765348
0.104788,1.07867319989
0.105029,1.08419288732
0.105271,1.08974909339
0.105514,1.09535004221
0.105757,1.10089318556
0.106001,1.10649887811
0.106245,1.11210561291
0.10649,1.11769162694
0.106736,1.1233082904
0.106982,1.12896988873
0.107228,1.13460128863
0.107476,1.14026219873
0.107723,1.14592913989
0.107972,1.15161817177
0.108221,1.1573447164
0.10847,1.16304914932
0.10872,1.16879053348
0.108971,1.17453650341
0.109222,1.18033316973
0.109474,1.18611875382
0.109726,1.19192223445
0.109979,1.19775574536
0.110233,1.20358953028
0.110487,1.20947240513
0.110741,1.2153739395
0.110997,1.22130956327
0.111253,1.22724271585
0.111509,1.23317014008
0.111766,1.23919883885
0.112024,1.24514923018
0.112282,1.2511677496
0.112541,1.25716444734
0.1128,1.26318277968
0.11306,1.2692385502
0.113321,1.27526057684
0.113582,1.28130669404
0.113844,1.28734141879
0.114106,1.29330989541
0.114369,1.29931318373
0.114633,1.30526924301
0.114897,1.31118462417
0.115162,1.31705122648
0.115428,1.32286170514
0.115694,1.32855358636
0.11596,1.33420231651
0.116228,1.33972522728
0.116496,1.34511740758
0.116764,1.35042552088
0.117033,1.35556482315
0.117303,1.36054867212
0.117574,1.36537844861
0.117845,1.37000551446
0.118116,1.37449556354
0.118389,1.37875512154
0.118662,1.38285048348
0.118935,1.38672222067
0.119209,1.39042651093
0.119484,1.39393589354
0.119759,1.39726361791
0.120036,1.40042282437
0.120312,1.40343118816
0.12059,1.40630987185
0.120868,1.40910514297
0.121146,1.41179229006
0.121425,1.41445944001
0.121705,1.41708922902
0.121986,1.41968753549
0.122267,1.42230797842
0.122549,1.42497099355
0.122832,1.42770698466
0.123115,1.43051467852
0.123398,1.43338371713
0.123683,1.43634837271
0.123968,1.43937325217
0.124254,1.44256489679
0.12454,1.44580832521
0.124827,1.44920779163
0.125115,1.45269407216
0.125404,1.45629238176
0.125693,1.45999453988
0.125982,1.46386411586
0.126273,1.46778719816
0.126564,1.47186549196
0.126856,1.47604175148
0.127148,1.48034341283
0.127441,1.48473020278
0.127735,1.48919459019
0.128029,1.49375878842
0.128325,1.49840102951
0.12862,1.50310398564
0.128917,1.50787865188
0.129214,1.51267671319
0.129512,1.51753905275
0.129811,1.52244124576
0.13011,1.52736095707
0.13041,1.53230183929
0.13071,1.53726912571
0.131012,1.5422122526
0.131314,1.54719108619
0.131616,1.55216137144
0.13192,1.55713732021
0.132224,1.56211485717
0.132529,1.56706536191
0.132834,1.57204883784
0.13314,1.57698802658
0.133447,1.58194492734
0.133755,1.58687850028
0.134063,1.59180714567
0.134372,1.59672610731
0.134682,1.6016489245
0.134993,1.60654451076
0.135304,1.61144809506
0.135616,1.61635654476
0.135928,1.6212355105
0.136242,1.62610451775
0.136556,1.6309599154
0.136871,1.6358350878
0.137186,1.64067923622
0.137502,1.64549026573
0.137819,1.65030433112
0.138137,1.6550989955
0.138455,1.65986523282
0.138775,1.66463592937
0.139094,1.66934281648
0.139415,1.67405913073
0.139737,1.67872902333
0.140059,1.68338700356
0.140382,1.68801580054
0.140705,1.69261828734
0.141029,1.69720164177
0.141355,1.70176997361
0.14168,1.70631840492
0.142007,1.71086628349
0.142334,1.71541275851
0.142663,1.71997143088
0.142991,1.72453450785
0.143321,1.72913076767
0.143651,1.73376887864
0.143983,1.73842940729
0.144314,1.74314922801
0.144647,1.74794591239
0.144981,1.75281889011
0.145315,1.75775450683
0.14565,1.76278474202
0.145986,1.76791805088
0.146322,1.77311119356
0.146659,1.77841505314
0.146997,1.78382538231
0.147336,1.78931467903
0.147676,1.79487909396
0.148016,1.80053445129
0.148358,1.8062569656
0.1487,1.8120520513
0.149042,1.81787455197
0.149386,1.82374222848
0.14973,1.82963602747
0.150076,1.8355471014
0.150421,1.84144602961
0.150768,1.84734771503
0.151116,1.85320345326
0.151464,1.8590361708
0.151813,1.86482544597
0.152163,1.87054795511
0.152514,1.87619230921
0.152866,1.88176537058
0.153218,1.88727291138
0.153571,1.89267800599
0.153925,1.89798616438
0.15428,1.90320578832
0.154636,1.90831625161
0.154992,1.91334041453
0.15535,1.91826714666
0.155708,1.92310105793
0.156067,1.92786476661
0.156426,1.93254521616
0.156787,1.93716746162
0.157148,1.94173019688
0.157511,1.94626513572
0.157874,1.95078914173
0.158238,1.95528874436
0.158602,1.95982126101
0.158968,1.96436883846
0.159335,1.96898977043
0.159702,1.97366634039
0.16007,1.97844246707
0.160439,1.9833290025
0.160809,1.98835107615
0.16118,1.9935040325
0.161551,1.99882265421
0.161923,2.00430192132
0.162297,2.00996723204
0.162671,2.01582521433
0.163046,2.02187135342
0.163422,2.0281148091
0.163798,2.03455726139
0.164176,2.04117953689
0.164555,2.04800500503
0.164934,2.05501020317
0.165314,2.06221032075
0.165695,2.06958666195
0.166077,2.07713173117
0.16646,2.08484382806
0.166844,2.09271416229
0.167228,2.10073351054
0.167614,2.10889968115
0.168,2.11721526364
0.168388,2.1256584485
0.168776,2.13422690955
0.169165,2.14292426139
0.169555,2.15173153105
0.169946,2.1606406134
0.170337,2.16965129049
0.17073,2.17874493858
0.171124,2.18790957577
0.171518,2.19713582273
0.171913,2.20640890253
0.17231,2.21570948218
0.172707,2.22501618851
0.173105,2.23432221795
0.173504,2.24359539599
0.173904,2.25282873381
0.174305,2.26200623674
0.174707,2.27110547594
0.17511,2.28012701316
0.175513,2.28905246083
0.175918,2.2978811807
0.176323,2.30660837743
0.17673,2.31524359365
0.177137,2.32378137494
0.177546,2.33224439365
0.177955,2.34065012459
0.178365,2.34901373395
0.178776,2.35736632529
0.179188,2.3657392326
0.179601,2.37416956942
0.180015,2.38269822912
0.18043,2.39137592224
0.180846,2.40020705707
0.181263,2.40922395081
0.181681,2.41838888106
0.1821,2.42765598402
0.18252,2.43693380772
0.182941,2.44613763281
0.183362,2.45516062796
0.183785,2.46394823807
0.184209,2.47247759052
0.184633,2.48075728593
0.185059,2.48883046487
0.185485,2.49674938594
0.185913,2.50458341587
0.186342,2.51238072644
0.186771,2.52016181624
0.187202,2.52796581909
0.187633,2.53579520219
0.188066,2.54364410501
0.188499,2.55152040026
0.188934,2.55942160915
0.189369,2.56734635025
0.189806,2.57529024015
0.190244,2.58325449065
0.190682,2.59123209343
0.191122,2.59923390317
0.191562,2.60724988469
0.192004,2.61529325698
0.192446,2.62335182895
0.19289,2.63143629011
0.193335,2.6395366298
0.19378,2.647657236
0.194227,2.65580750062
0.194675,2.66397832394
0.195124,2.67217495103
0.195573,2.68039549478
0.196024,2.68864105503
0.196476,2.69691572858
0.196929,2.70521433984
0.197383,2.71354457547
0.197838,2.72190269423
0.198294,2.73028456692
0.198751,2.73869901795
0.199209,2.7471429711
0.199669,2.75562360541
0.200129,2.76412425203
0.20059,2.77266509791
0.201053,2.78123392573
0.201516,2.78983845617
0.201981,2.79847287173
0.202446,2.80714900012
0.202913,2.81585417597
0.203381,2.8245951075
0.20385,2.83337026194
0.20432,2.84218395324
0.204791,2.85103607567
0.205263,2.85992597986
0.205736,2.86885167144
0.20621,2.87781857598
0.206685,2.88682848323
0.207162,2.89587202205
0.207639,2.90496596578
0.208118,2.91410240222
0.208598,2.92328377962
0.209079,2.93250981668
0.209561,2.94177944739
0.210044,2.95110349214
0.210528,2.96048159396
0.211013,2.96991141508
0.2115,2.97939585212
0.211987,2.98894180141
0.212476,2.99854985087
0.212966,3.00822621072
0.213457,3.0179748935
0.213949,3.02779866876
0.214442,3.03771045986
0.214936,3.04770391442
0.215432,3.05779741881
0.215928,3.06799280068
0.216426,3.07830270752
0.216925,3.0887258206
0.217425,3.09927940519
0.217926,3.10995894937
0.218429,3.12077708411
0.218932,3.13173352692
0.219437,3.14282859615
0.219943,3.15405506271
0.22045,3.16539786908
0.220958,3.17684467014
0.221467,3.18836824033
0.221978,3.19993757674
0.22249,3.2115070146
0.223003,3.22302605303
0.223517,3.23443334987
0.224032,3.24566163499
0.224548,3.25662656264
0.225066,3.26724533393
0.225585,3.27743162543
0.226105,3.28709627166
0.226626,3.29614104363
0.227149,3.3044879653
0.227672,3.31206125877
0.228197,3.31878663226
0.228723,3.32462274107
0.22925,3.32953622852
0.229779,3.33351073774
0.230308,3.33656177756
0.230839,3.33872401419
0.231372,3.34005745388
0.231905,3.34064647902
0.232439,3.34059785676
0.232975,3.34004074848
0.233512,3.3391179287
0.234051,3.33798478887
0.23459,3.33681732311
0.235131,3.33577995471
0.235673,3.33504691085
0.236216,3.33478404837
0.236761,3.33514787033
0.237307,3.33628009638
0.237854,3.33829781719
0.238402,3.34131036858
0.238952,3.34539140317
0.239502,3.3505970189
0.240055,3.35695449521
0.240608,3.36447597677
0.241163,3.37314634657
0.241718,3.38293153005
0.242276,3.3937846256
0.242834,3.40564814315
0.243394,3.41845440639
0.243955,3.4321283819
0.244517,3.44659574346
0.245081,3.46177993517
0.245646,3.47761430422
0.246212,3.49402945628
0.24678,3.51097188328
0.247349,3.52838430162
0.247919,3.54622944052
0.248491,3.56447057793
0.249063,3.58308774585
0.249638,3.602062931
0.250213,3.62139370802
0.25079,3.64108127313
0.251368,3.66113415698
0.251947,3.68157028786
0.252528,3.70241562634
0.25311,3.7236970695
0.253694,3.74545841333
0.254279,3.76773785641
0.254865,3.79058290114
0.255452,3.81404630512
0.256041,3.8381845691
0.256631,3.86305874527
0.257223,3.88872833713
0.257816,3.91525947113
0.25841,3.94271274235
0.259006,3.97115679687
0.259603,4.00064954867
0.260202,4.03124831676
0.260801,4.0630042534
0.261403,4.09595906565
0.262005,4.13014238206
0.262609,4.16557127031
0.263215,4.20224899418
0.263821,4.2401548868
0.264429,4.27925136845
0.265039,4.31948025556
0.26565,4.36075531906
0.266262,4.40296895063
0.266876,4.44598897069
0.267491,4.48966037714
0.268108,4.53380082155
0.268726,4.57821715989
0.269346,4.62268937778
0.269967,4.666991279
0.270589,4.71088081964
0.271213,4.7541153863
0.271838,4.79644783837
0.272464,4.83764190019
0.273093,4.87747004777
0.273722,4.91573070958
0.274353,4.95224829463
0.274986,4.98689076948
0.275619,5.01957370374
0.276255,5.05027788672
0.276892,5.07905273823
0.27753,5.10602717892
0.27817,5.13141092714
0.278811,5.15547588076
0.279454,5.17855110865
0.280098,5.20096494516
0.280744,5.22300606949
0.281391,5.24485028254
0.282039,5.26648565954
0.28269,5.28764575733
0.283341,5.30776107699
0.283994,5.32594515255
0.284649,5.34102101411
0.285305,5.351600656
0.285963,5.35619797671
0.286622,5.35337309033
0.287283,5.34188657407
0.287945,5.32081831047
0.288609,5.28968067042
0.289274,5.24846217273
0.289941,5.19763240953
0.29061,5.13809852166
0.291279,5.07111614092
0.291951,4.99818203241
0.292624,4.92090867893
0.293299,4.8409143866
0.293975,4.75971253261
0.294652,4.67864061027
0.295332,4.59881119107
0.296012,4.52108871218
0.296695,4.44609968097
0.297379,4.37425207711
0.298064,4.30577243925
0.298751,4.24074678708
0.29944,4.17915327369
0.30013,4.12090343371
0.300822,4.06586293633
0.301516,4.01387592642
0.302211,3.96477424215
0.302907,3.91839069573
0.303606,3.87456072358
0.304306,3.83312286082
0.305007,3.79392579198
0.30571,3.75682139276
0.306415,3.72167038468
0.307121,3.68833674409
0.307829,3.65669193222
0.308539,3.62661409116
0.30925,3.59798367393
0.309963,3.57069042026
0.310678,3.54462839475
0.311394,3.51969767115
0.312112,3.49580426924
0.312831,3.4728607442
0.313552,3.45078557595
0.314275,3.42950369837
0.315,3.40894635108
0.315726,3.38905097251
0.316453,3.3697599938
0.317183,3.35102235153
0.317914,3.33279246923
0.318647,3.3150311425
0.319382,3.29770295759
0.320118,3.28077777766
0.320856,3.26422993556
0.321595,3.24803895578
0.322337,3.23218767549
0.32308,3.2166610817
0.323825,3.20145074482
0.324571,3.18654907998
0.325319,3.17195074494
0.326069,3.15765486444
0.326821,3.14366209063
0.327574,3.1299749542
0.328329,3.11659850498
0.329086,3.10353926826
0.329845,3.09080648275
0.330605,3.07841058857
0.331367,3.06636312255
0.332131,3.05467840648
0.332897,3.04337165012
0.333664,3.03246058284
0.334434,3.02196162548
0.335205,3.01189655663
0.335977,3.00228389265
0.336752,2.99314498144
0.337528,2.98450129252
0.338306,2.97637434878
0.339086,2.96878516069
0.339868,2.96175312601
0.340651,2.9553004867
0.341436,2.94944525257
0.342224,2.94420798154
0.343012,2.93960956676
0.343803,2.93567208384
0.344596,2.9324219062
0.34539,2.92989100215
0.346186,2.92811540181
0.346984,2.92714217082
0.347784,2.92702110015
0.348586,2.92780766882
0.34939,2.92955253184
0.350195,2.93229312892
0.351002,2.93603793254
0.351811,2.94074415552
0.352622,2.94629691504
0.353435,2.95247734009
0.35425,2.95894057482
0.355067,2.96519238934
0.355885,2.97057513332
0.356706,2.9742647544
0.357528,2.97528736953
0.358352,2.97254321825
0.359178,2.96485171798
0.360006,2.95100419809
0.360836,2.92982458341
0.361668,2.90023379083
0.362502,2.86130864163
0.363337,2.8123397606
0.364175,2.75287903906
0.365014,2.68277612632
0.365856,2.60220756421
0.366699,2.51168832214
0.367544,2.4120726434
0.368392,2.30453550727
0.369241,2.19053946332
0.370092,2.0717817525
0.370945,1.95012671751
0.3718,1.82752350025
0.372658,1.70591591392
0.373517,1.58715009031
0.374378,1.47288638437
0.375241,1.36452448411
0.376106,1.26314773723
0.376973,1.16949027166
0.377842,1.08393255474
0.378713,1.00652036416
0.379586,0.937008546395
0.380461,0.874919701242
0.381338,0.819612589373
0.382217,0.770351766907
0.383098,0.726371206107
0.383981,0.686926838986
0.384866,0.651334497981
0.385754,0.618994018683
0.386643,0.589399391914
0.387534,0.562137706818
0.388427,0.536882288549
0.389323,0.513379337081
0.39022,0.491434371091
0.39112,0.470898295133
0.392021,0.451655128582
0.392925,0.433612121104
0.393831,0.416691262902
0.394739,0.400824173352
0.395649,0.385947911417
0.396561,0.37200263252
0.397475,0.358930063192
0.398391,0.346673202545
0.39931,0.335175928993
0.40023,0.324383259046
0.401153,0.314241707058
0.402078,0.304699636426
0.403004,0.295707787894
0.403934,0.287219113853
0.404865,0.279189631885
0.405798,0.271578376929
0.406733,0.264347222574
0.407671,0.2574613984
0.408611,0.250889029218
0.409553,0.244601454382
0.410497,0.238572759048
0.411443,0.232779824726
0.412392,0.227202215107
0.413342,0.221821731933
0.414295,0.216622499254
0.41525,0.211590571177
0.416207,0.206713837713
0.417167,0.201981792612
0.418129,0.197385371934
0.419092,0.19291670636
0.420059,0.188569069297
0.421027,0.184336725606
0.421998,0.180214639927
0.42297,0.176198583069
0.423945,0.172284824173
0.424923,0.16847015255
0.425902,0.164751777349
0.426884,0.161127213787
0.427868,0.157594267847
0.428854,0.15415092697
0.429843,0.150795409358
0.430834,0.147525981215
0.431827,0.144341129728
0.432823,0.141239274685
0.43382,0.138218990504
0.43482,0.135278870837
0.435823,0.132417512855
0.436827,0.129633503308
0.437834,0.126925488808
0.438844,0.124292055993
0.439855,0.121731847552
0.440869,0.11924343432
0.441886,0.116825397123
0.442904,0.114476335728
0.443925,0.11219477985
0.444949,0.10997929148
0.445974,0.10782837836
0.447002,0.105740595795
0.448033,0.10371444088
0.449066,0.101748440218
0.450101,0.0998411043651
0.451138,0.097990872909
0.452178,0.0961963205988
0.453221,0.0944559054616
0.454266,0.0927681383766
0.455313,0.091131529751
0.456362,0.089544587592
0.457414,0.0880058392485
0.458469,0.0865138455151
0.459526,0.085067100115
0.460585,0.0836641989616
0.461647,0.0823037177936
0.462711,0.0809842333939
0.463778,0.0797043671086
0.464847,0.0784627592403
0.465918,0.0772580522907
0.466992,0.0760889090309
0.468069,0.0749540322687
0.469148,0.073852164381
0.47023,0.0727820384515
0.471313,0.071742446752
0.4724,0.0707321533019
0.473489,0.0697500154534
0.47458,0.0687948828555
0.475675,0.067865652548
0.476771,0.0669612177958
0.47787,0.0660805413329
0.478972,0.0652225712382
0.480076,0.0643863550196
0.481183,0.0635708967519
0.482292,0.0627752636277
0.483404,0.0619985655747
0.484518,0.0612399288046
0.485635,0.0604985068752
0.486754,0.0597734945958
0.487876,0.0590640951091
0.489001,0.0583695703181
0.490128,0.0576892096608
0.491258,0.0570222982999
0.492391,0.0563681891318
0.493526,0.0557262366871
0.494664,0.0550958656946
0.495804,0.054476469658
0.496947,0.053867509274
0.498092,0.0532684713518
0.499241,0.0526788363514
0.500391,0.052098171447
0.501545,0.0515259976448
0.502701,0.0509619085953
0.50386,0.050405503
0.505022,0.0498564233411
0.506186,0.0493142952568
0.507353,0.0487787963586
0.508522,0.0482496276809
0.509694,0.0477264999414
0.510869,0.0472091277103
0.512047,0.0466972789961
0.513227,0.0461907149393
0.514411,0.0456892152396
0.515596,0.0451925862512
0.516785,0.044700643405
0.517976,0.0442132292754
0.51917,0.0437301729213
0.520367,0.0432513503558
0.521567,0.0427766180338
0.522769,0.0423058772092
0.523974,0.0418390104785
0.525182,0.0413759296852
0.526393,0.0409165572389
0.527606,0.0404608183038
0.528822,0.0400086435004
0.530042,0.0395599809976
0.531263,0.0391147843891
0.532488,0.0386729945102
0.533716,0.0382346024314
0.534946,0.0377995650571
0.536179,0.0373678597932
0.537415,0.0369394689521
0.538654,0.036514381589
0.539896,0.0360925886932
0.54114,0.035674091332
0.542388,0.0352588656477
0.543638,0.0348469304957
0.544891,0.0344382904394
0.546147,0.0340329375118
0.547406,0.0336308933615
0.548668,0.0332321645515
0.549933,0.0328367474846
0.551201,0.0324446740789
0.552471,0.0320559459594
0.553745,0.0316705720966
0.555022,0.0312885789465
0.556301,0.030909980402
0.557583,0.0305347783675
0.558869,0.030162992635
0.560157,0.0297946378411
0.561448,0.0294297230928
0.562743,0.0290682730133
0.56404,0.0287102906512
0.56534,0.028355787477
0.566643,0.0280047760984
0.56795,0.0276572708327
0.569259,0.0273132752466
0.570571,0.0269727933569
0.571887,0.0266358421655
0.573205,0.0263024275251
0.574526,0.0259725419616
0.575851,0.0256461984003
0.577178,0.0253233994432
0.578509,0.0250041425807
0.579842,0.0246884312822
0.581179,0.0243762624155
0.582519,0.0240676330789
0.583862,0.0237625445493
0.585207,0.0234609849939
0.586557,0.0231629515248
0.587909,0.0228684447681
0.589264,0.0225774434426
0.590622,0.0222899434357
0.591984,0.0220059382585
0.593349,0.0217254129367
0.594716,0.0214483556785
0.596087,0.0211747562166
0.597461,0.0209045958918
0.598839,0.0206378606538
0.600219,0.0203745376242
0.601603,0.0201146047595
0.60299,0.0198580477422
0.60438,0.0196048462924
0.605773,0.01935498298
0.607169,0.019108437786
0.608569,0.0188651877107
0.609972,0.0186252147711
0.611378,0.0183884944646
0.612787,0.0181550046743
0.6142,0.0179247211615
0.615616,0.0176976243942
0.617035,0.0174736891366
0.618458,0.0172528884521
0.619883,0.0170351992539
0.621312,0.0168205984312
0.622744,0.0166090566581
0.62418,0.0164005505753
0.625619,0.0161950531498
0.627061,0.015992539517
0.628507,0.0157929810704
0.629956,0.0155963538845
0.631408,0.0154026289018
0.632863,0.0152117800712
0.634322,0.0150237795696
0.635784,0.0148386003912
0.63725,0.0146562166682
0.638719,0.0144765979648
0.640191,0.0142997194106
0.641667,0.0141255540377
0.643146,0.0139540722813
0.644629,0.013785248695
0.646115,0.0136190539875
0.647605,0.01345546129
0.649097,0.0132944450069
0.650594,0.0131359756741
0.652094,0.0129800274863
0.653597,0.0128265736722
0.655103,0.0126755862369
0.656614,0.0125270400885
0.658127,0.0123809065229
0.659644,0.0122371584377
0.661165,0.0120957733168
0.662689,0.0119567203157
0.664217,0.0118199764331
0.665748,0.0116855130336
0.667283,0.0115533062536
0.668821,0.0114233294645
0.670363,0.0112955576353
0.671908,0.0111699651949
0.673457,0.0110465273753
0.675009,0.0109252175205
0.676566,0.0108060118555
0.678125,0.010688883174
0.679688,0.0105738088241
0.681255,0.0104607667294
0.682826,0.0103497277885
0.6844,0.0102406692852
0.685978,0.0101335689506
0.687559,0.0100283979448
0.689144,0.00992513571316
0.690732,0.00982375866421
0.692325,0.00972424104538
0.693921,0.00962656140317
0.69552,0.00953069136243
0.697124,0.00943661195405
0.698731,0.00934429581125
0.700342,0.00925372051119
0.701956,0.00916486155461
0.703574,0.00907769467449
0.705196,0.00899219738711
0.706822,0.00890834440503
0.708451,0.00882611030533
0.710084,0.00874547282511
0.711721,0.00866640680716
0.713362,0.00858888719279
0.715006,0.00851288743196
0.716655,0.00843838454719
0.718307,0.00836535066987
0.719963,0.00829376201344
0.721622,0.00822359057768
0.723286,0.00815480981797
0.724953,0.00808739290411
0.726624,0.00802131275505
0.728299,0.00795654010973
0.729978,0.00789304699838
0.731661,0.00783080509342
0.733348,0.00776978213638
0.735038,0.00770994951174
0.736733,0.00765127445434
0.738431,0.0075937270755
0.740133,0.00753727267552
0.741839,0.007481877827
0.743549,0.00742750802081
0.745264,0.00737412946262
0.746982,0.00732170321709
0.748704,0.00727019360089
0.750429,0.00721956144867
0.752159,0.00716976728989
0.753893,0.00712077072928
0.755631,0.00707253119196
0.757373,0.00702500265362
0.759119,0.00697814519557
0.760869,0.00693191087119
0.762623,0.00688625333842
0.764381,0.00684112572489
0.766143,0.00679648005739
0.767909,0.00675226552969
0.769679,0.00670843134516
0.771454,0.00666492443429
0.773232,0.00662169293077
0.775015,0.00657868068522
0.776801,0.00653583407842
0.778592,0.00649309562987
0.780387,0.00645040935564
0.782186,0.00640771742976
0.783989,0.00636496042839
0.785796,0.00632208037813
0.787608,0.00627901992839
0.789423,0.00623571692304
0.791243,0.00619211309884
0.793067,0.00614815014327
0.794895,0.00610376952487
0.796728,0.00605891289901
0.798564,0.00601352367263
0.800405,0.00596754586764
0.80225,0.00592092467697
0.8041,0.00587360815171
0.805953,0.00582554425846
0.807811,0.00577668551843
0.809673,0.00572698610734
0.81154,0.00567640092088
0.813411,0.00562489321579
0.815286,0.00557242259564
0.817165,0.0055189579778
0.819049,0.00546446991322
0.820937,0.00540893365492
0.82283,0.0053523278722
0.824726,0.00529463692612
0.826628,0.00523585087535
0.828533,0.00517596137021
0.830443,0.00511496818912
0.832357,0.00505287679093
0.834276,0.00498969389318
0.836199,0.00492543577671
0.838127,0.0048601222919
0.840059,0.00479377698561
0.841996,0.00472643099305
0.843937,0.00465811792958
0.845882,0.00458887812178
0.847832,0.00451875608418
0.849787,0.0044477994184
0.851746,0.00437606057269
0.853709,0.00430359574109
0.855677,0.00423046420142
0.85765,0.00415672882604
0.859627,0.00408245390787
0.861608,0.00400770642922
0.863595,0.00393255664306
0.865585,0.00385707329092
0.867581,0.00378132884767
0.869581,0.003705395419
0.871585,0.00362934534364
0.873594,0.00355325054816
0.875608,0.00347718239581
0.877627,0.00340121260341
0.87965,0.0033254108942
0.881678,0.00324984559509
0.88371,0.00317458333992
0.885747,0.00309968883013
0.887789,0.00302522479527
0.889836,0.00295125153335
0.891887,0.00287782728179
0.893943,0.00280500636481
0.896004,0.00273284272347
0.898069,0.00266138461427
0.90014,0.00259067963474
0.902215,0.00252077189494
0.904294,0.00245170263597
0.906379,0.00238350951078
0.908469,0.00231622828451
0.910563,0.00224989127124
0.912662,0.00218452800952
0.914766,0.00212016596313
0.916874,0.00205682890033
0.918988,0.00199453920837
0.921107,0.00193331563278
0.92323,0.00187317519476
0.925358,0.00181413227493
0.927491,0.00175619946197
0.929629,0.00169938657789
0.931772,0.00164370209734
0.93392,0.00158915248928
0.936073,0.00153574152567
0.938231,0.00148347261221
0.940394,0.00143234619803
0.942562,0.00138236230417
0.944735,0.00133351884707
0.946913,0.00128581252475
0.949095,0.00123923880829
0.951283,0.00119379206234
0.953476,0.00114946539778
0.955674,0.00110625098578
0.957877,0.00106414000757
0.960085,0.00102312297516
0.962299,0.000983189105249
0.964517,0.000944327317135
0.96674,0.000906525787109
0.968969,0.000869771918322
0.971203,0.000834052814862
0.973442,0.000799354667665
0.975686,0.000765663640703
0.977935,0.000732965229582
0.980189,0.000701244907583
0.982449,0.000670487447621
0.984713,0.000640677708349
0.986983,0.000611800150874
0.989259,0.000583839167113
0.991539,0.000556778936748
0.993825,0.000530603676148
0.996116,0.000505297435574
0.998412,0.000480844169655
1.00071,0.00045722806871
1.00302,0.000434433149896
1.00533,0.000412443535777
1.00765,0.000391243528506
1.00997,0.00037081735983
1.0123,0.00035114943578
1.01464,0.000332224470408
1.01697,0.000314027100823
1.01932,0.000296542261693
1.02167,0.00027975498419
1.02402,0.000263650682922
1.02638,0.000248214764009
1.02875,0.000233432956233
1.03112,0.000219291262478
1.0335,0.000205775791869
1.03588,0.000192872986515
1.03827,0.000180569519267
1.04066,0.000168852341013
1.04306,0.000157708582458
1.04547,0.000147125733089
1.04788,0.000137091418583
1.05029,0.000127593618448
1.05271,0.000118620549943
1.05514,0.000110160691555
1.05757,0.000102202765579
1.06001,9.47357714036e-05
1.06245,8.77489489451e-05
1.0649,8.12318114794e-05
1.06736,7.51741293157e-05
1.06982,6.95658844655e-05
1.07228,6.43973717757e-05
1.07476,5.96590566741e-05
1.07723,5.53417072576e-05
1.07972,5.143628703e-05
1.08221,4.79300977806e-05
1.0847,4.47686700471e-05
1.0872,4.1931445166e-05
1.08971,3.94114331107e-05
1.09222,3.70880950864e-05
1.09474,3.4858479003e-05
1.09726,3.27205350112e-05
1.09979,3.06722350235e-05
1.10233,2.87116023151e-05
1.10487,2.68367012045e-05
1.10741,2.50456328537e-05
1.10997,2.33365474773e-05
1.11253,2.1707639636e-05
1.11509,2.01571405413e-05
1.11766,1.86833200319e-05
1.12024,1.72839928231e-05
1.12282,1.59518592971e-05
1.12541,1.46838558407e-05
1.128,1.34785705771e-05
1.1306,1.23346245512e-05
1.13321,1.12506739389e-05
1.13582,1.02254081787e-05
1.13844,9.25754875319e-06
1.14106,8.34610882145e-06
1.14369,7.49060933159e-06
1.14633,6.68987106826e-06
1.14897,5.94269413744e-06
1.15162,5.24791688169e-06
1.15428,4.60440696933e-06
1.15694,4.01106406396e-06
1.1596,3.46681972057e-06
1.16228,2.96924313514e-06
1.16496,2.51527136007e-06
1.16764,2.10396795872e-06
1.17033,1.73444349435e-06
1.17303,1.40583275533e-06
1.17574,1.11729540037e-06
1.17845,8.68014968812e-07
1.18116,6.57197509853e-07
1.18389,4.84072244652e-07
1.18662,3.47889565212e-07
1.18935,2.47921452704e-07
1.19209,1.83460280627e-07
1.19484,1.50969993454e-07
1.19759,1.29149854873e-07
1.20036,1.13653892e-07
1.20312,1.04352681173e-07
1.2059,9.93218023239e-08
1.20868,9.46631362964e-08
1.21146,9.0236538271e-08
1.21425,8.60298394638e-08
1.21705,8.20315474667e-08
1.21986,7.82307724489e-08
1.22267,7.46172560975e-08
1.22549,7.11812623294e-08
1.22832,6.79136210918e-08
1.23115,6.48056212679e-08
1.23398,6.18490435953e-08
1.23683,5.90361163247e-08
1.23968,5.6359471147e-08
1.24254,5.38121437284e-08
1.2454,5.13875415064e-08
1.24827,4.90794257089e-08
1.25115,4.68818804343e-08
1.25404,4.47893151152e-08
1.25693,4.27964356806e-08
1.25982,4.08982219349e-08
1.26273,3.90899263692e-08
1.26564,3.73670391389e-08
1.26856,3.57252945133e-08
1.27148,3.41606573633e-08
1.27441,3.26692874408e-08
1.27735,3.1247559223e-08
1.28029,2.98920371353e-08
1.28325,2.85994427513e-08
1.2862,2.7366691746e-08
1.28917,2.61908521664e-08
1.29214,2.50691324302e-08
1.29512,2.39988965265e-08
1.29811,2.29776387517e-08
1.3011,2.20029803442e-08
1.3041,2.10726697734e-08
1.3071,2.01845648301e-08
1.31012,1.93366311842e-08
1.31314,1.85269422492e-08
1.31616,1.77536668579e-08
1.3192,1.70150656894e-08
1.32224,1.63094875104e-08
1.32529,1.56353613996e-08
1.32834,1.49911985658e-08
1.3314,1.43755831796e-08
1.33447,1.37871682882e-08
1.33755,1.32246793924e-08
1.34063,1.26868967867e-08
1.34372,1.21726660639e-08
1.34682,1.16808925829e-08
1.34993,1.12105291383e-08
1.35304,1.076058438e-08
1.35616,1.03301121991e-08
1.35928,9.91821584709e-09
1.36242,9.52404015492e-09
1.36556,9.14677300391e-09
1.36871,8.78564083391e-09
1.37186,8.43990712957e-09
1.37502,8.10887187533e-09
1.37819,7.79186622812e-09
1.38137,7.48825819353e-09
1.38455,7.19744046999e-09
1.38775,6.91883968886e-09
1.39094,6.65190608607e-09
1.39415,6.39611792344e-09
1.39737,6.15097746699e-09
1.40059,5.91601089461e-09
1.40382,5.69076766304e-09
1.40705,5.47481526728e-09
1.41029,5.26774537517e-09
1.41355,5.06916632846e-09
1.4168,4.87870454409e-09
1.42007,4.69600600326e-09
1.42334,4.52073087883e-09
1.42663,4.35255598096e-09
1.42991,4.19117384207e-09
1.43321,4.03628936347e-09
1.43651,3.88762249399e-09
1.43983,3.74490561972e-09
1.44314,3.60788302138e-09
1.44647,3.47631131356e-09
1.44981,3.34995691412e-09
1.45315,3.22859851618e-09
1.4565,3.11202363565e-09
1.45986,3.00002993544e-09
1.46322,2.89242337807e-09
1.46659,2.78902008046e-09
1.46997,2.68964295326e-09
1.47336,2.59412386595e-09
1.47676,2.50230156031e-09
1.48016,2.41402219906e-09
1.48358,2.32913805779e-09
1.487,2.24750966054e-09
1.49042,2.16900200699e-09
1.49386,2.09348656978e-09
1.4973,2.02084075038e-09
1.50076,1.9509469426e-09
1.50421,1.88369266179e-09
1.50768,1.81897076481e-09
1.51116,1.75667842231e-09
1.51464,1.6967171146e-09
1.51813,1.63899283463e-09
1.52163,1.58341579125e-09
1.52514,1.52989933187e-09
1.52866,1.47836158325e-09
1.53218,1.42872299728e-09
1.53571,1.38090834854e-09
1.53925,1.33484527785e-09
1.5428,1.29046419409e-09
1.54636,1.24769909481e-09
1.54992,1.20648622907e-09
1.5535,1.16676458201e-09
1.55708,1.12847614662e-09
1.56067,1.09156464342e-09
1.56426,1.05597686227e-09
1.56787,1.02166105911e-09
1.57148,9.8856843928e-10
1.57511,9.56651471777e-10
1.57874,9.25865219414e-10
1.58238,8.96166142888e-10
1.58602,8.67512709031e-10
1.58968,8.39865059425e-10
1.59335,8.13185033659e-10
1.59702,7.87435808489e-10
1.6007,7.62582232867e-10
1.60439,7.38590608401e-10
1.60809,7.15428459424e-10
1.6118,6.93064582437e-10
1.61551,6.71469404285e-10
1.61923,6.50614121462e-10
1.62297,6.30471195168e-10
1.62671,6.11014188871e-10
1.63046,5.92217958702e-10
1.63422,5.74057903348e-10
1.63798,5.5651076036e-10
1.64176,5.39554100312e-10
1.64555,5.23166285069e-10
1.64934,5.0732664098e-10
1.65314,4.92015179137e-10
1.65695,4.77212816707e-10
1.66077,4.62901129352e-10
1.6646,4.49062483251e-10
1.66844,4.35679763406e-10
1.67228,4.22736813171e-10
1.67614,4.10217785185e-10
1.68,3.98107613008e-10
1.68388,3.8639179198e-10
1.68776,3.75056312895e-10
1.69165,3.64087772327e-10
1.69555,3.53473256079e-10
1.69946,3.43200310024e-10
1.70337,3.33256954277e-10
1.7073,3.23631717269e-10
1.71124,3.14313470517e-10
1.71518,3.05291600935e-10
1.71913,2.96555797823e-10
1.7231,2.88096221207e-10
1.72707,2.79903298448e-10
1.73105,2.71967919856e-10
1.73504,2.64281263329e-10
1.73904,2.56834815258e-10
1.74305,2.49620409297e-10
1.74707,2.4263015989e-10
1.7511,2.35856465558e-10
1.75513,2.29291996925e-10
1.75918,2.22929771095e-10
1.76323,2.16762920821e-10
1.7673,2.107849657e-10
1.77137,2.04989539843e-10
1.77546,1.99370597915e-10
1.77955,1.9392227928e-10
1.78365,1.88638921493e-10
1.78776,1.83515059584e-10
1.79188,1.78545459382e-10
1.79601,1.73725055597e-10
1.80015,1.6904895178e-10
1.8043,1.64512440935e-10
1.80846,1.60110962862e-10
1.81263,1.55840150508e-10
1.81681,1.51695751085e-10
1.821,1.4767370001e-10
1.8252,1.43770049768e-10
1.82941,1.39980976034e-10
1.83362,1.36302813275e-10
1.83785,1.32732031143e-10
1.84209,1.29265197491e-10
1.84633,1.25899025867e-10
1.85059,1.22630299747e-10
1.85485,1.19455951185e-10
1.85913,1.16373013903e-10
1.86342,1.13378592613e-10
1.86771,1.1046993544e-10
1.87202,1.07644351295e-10
1.87633,1.04899239673e-10
1.88066,1.02232108998e-10
1.88499,9.96405472171e-11
1.88934,9.71222103745e-11
1.89369,9.46748407103e-11
1.89806,9.22962430273e-11
1.90244,8.99843257396e-11
1.90682,8.77370451806e-11
1.91122,8.55524175025e-11
1.91562,8.34285475836e-11
1.92004,8.13636008814e-11
1.92446,7.93557690441e-11
1.9289,7.74033406597e-11
1.93335,7.55046609437e-11
1.9378,7.36580946521e-11
1.94227,7.18620938697e-11
1.94675,7.01151486657e-11
1.95124,6.84157951205e-11
1.95573,6.67626243526e-11
1.96024,6.51542610846e-11
1.96476,6.35893831846e-11
1.96929,6.20667234839e-11
1.97383,6.05850215995e-11
1.97838,5.9143089477e-11
1.98294,5.77397559444e-11
1.98751,5.63739101001e-11
1.99209,5.50444514128e-11
1.99669,5.37503250367e-11
2.00129,5.24905191206e-11
2.0059,5.12640370313e-11
2.01053,5.00699227802e-11
2.01516,4.8907243334e-11
2.01981,4.77751106987e-11
2.02446,4.66726401687e-11
2.02913,4.559899555e-11
2.03381,4.45533561311e-11
2.0385,4.35349396363e-11
2.0432,4.25429607434e-11
2.04791,4.15766871368e-11
2.05263,4.0635397973e-11
2.05736,3.9718387611e-11
2.0621,3.8824985942e-11
2.06685,3.79545298151e-11
2.07162,3.71063808208e-11
2.07639,3.62799272384e-11
2.08118,3.54745656151e-11
2.08598,3.46897200201e-11
2.09079,3.39248213685e-11
2.09561,3.31793305687e-11
2.10044,3.24527081983e-11
2.10528,3.17444474692e-11
2.11013,3.10540486363e-11
2.115,3.03810246511e-11
2.11987,2.97249093856e-11
2.12476,2.90852450779e-11
2.12966,2.84615914054e-11
2.13457,2.78535172591e-11
2.13949,2.72606120921e-11
2.14442,2.66824655562e-11
2.14936,2.61186896001e-11
2.15432,2.55689003318e-11
2.15928,2.5032730583e-11
2.16426,2.45098161817e-11
2.16925,2.39998181196e-11
2.17425,2.35023916785e-11
2.17926,2.30172098507e-11
2.18429,2.25439556737e-11
2.18932,2.20823168541e-11
2.19437,2.16319919283e-11
2.19943,2.11926939673e-11
2.2045,2.07641307548e-11
2.20958,2.03460353451e-11
2.21467,1.99381306487e-11
2.21978,1.95401651666e-11
2.2249,1.91518813766e-11
2.23003,1.87730346503e-11
2.23517,1.84033860495e-11
2.24032,1.80427034334e-11
2.24548,1.76907618434e-11
2.25066,1.73473427332e-11
2.25585,1.70122307623e-11
2.26105,1.66852214751e-11
2.26626,1.63661132753e-11
2.27149,1.60547075992e-11
2.27672,1.57508172976e-11
2.28197,1.55375229565e-11
2.28723,1.53712124943e-11
2.2925,1.52092310774e-11
2.29779,1.50514875602e-11
2.30308,1.48978925628e-11
2.30839,1.47483632326e-11
2.31372,1.46028139156e-11
2.31905,1.44611620435e-11
2.32439,1.43233318171e-11
2.32975,1.41892410372e-11
2.33512,1.4058816456e-11
2.34051,1.39319840798e-11
2.3459,1.3808669806e-11
2.35131,1.36888054717e-11
2.35673,1.35723215541e-11
2.36216,1.34591498321e-11
2.36761,1.33492276886e-11
2.37307,1.32424884036e-11
2.37854,1.31388721133e-11
2.38402,1.30383167678e-11
2.38952,1.29407636195e-11
2.39502,1.2846153902e-11
2.40055,1.27544331295e-11
2.40608,1.26655442123e-11
2.41163,1.25794347521e-11
2.41718,1.24960515028e-11
2.42276,1.241534371e-11
2.42834,1.233726164e-11
2.43394,1.22617567965e-11
2.43955,1.21887810618e-11
2.44517,1.211828814e-11
2.45081,1.20502327365e-11
2.45646,1.19845725233e-11
2.46212,1.19212610814e-11
2.4678,1.18602595643e-11
2.47349,1.1801524775e-11
2.47919,1.17450188752e-11
2.48491,1.16907008601e-11
2.49063,1.16385318402e-11
2.49638,1.15884771766e-11
2.50213,1.15404994977e-11
2.5079,1.14945638116e-11
2.51368,1.14506352654e-11
2.51947,1.14086786542e-11
2.52528,1.13686637599e-11
2.5311,1.13305571027e-11
2.53694,1.12943279086e-11
2.54279,1.12599452102e-11
2.54865,1.12273783968e-11
2.55452,1.119660072e-11
2.56041,1.1167582121e-11
2.56631,1.11402950713e-11
2.57223,1.11147129307e-11
2.57816,1.10908101335e-11
2.5841,1.10685590175e-11
2.59006,1.10479363396e-11
2.59603,1.10289170494e-11
2.60202,1.10114782109e-11
2.60801,1.09955960684e-11
2.61403,1.09812455899e-11
2.62005,1.09684082123e-11
2.62609,1.09570602973e-11
2.63215,1.09471831548e-11
2.63821,1.09387531735e-11
2.64429,1.09317527469e-11
2.65039,1.09261619784e-11
2.6565,1.09219613686e-11
2.66262,1.09191317416e-11
2.66876,1.09176569627e-11
2.67491,1.091751882e-11
2.68108,1.09186996227e-11
2.68726,1.09211824623e-11
2.69346,1.09249523012e-11
2.69967,1.09299929364e-11
2.70589,1.09362881288e-11
2.71213,1.09438231604e-11
2.71838,1.09525841214e-11
2.72464,1.09625566401e-11
2.73093,1.09737264201e-11
2.73722,1.09860797365e-11
2.74353,1.09996046156e-11
2.74986,1.10142867089e-11
2.75619,1.10301153594e-11
2.76255,1.10470771483e-11
2.76892,1.10651610996e-11
2.7753,1.1084354929e-11
2.7817,1.11046476856e-11
2.78811,1.11260299662e-11
2.79454,1.1148488603e-11
2.80098,1.11720157043e-11
2.80744,1.11966009405e-11
2.81391,1.12222333516e-11
2.82039,1.12489050294e-11
2.8269,1.12766074026e-11
2.83341,1.13053282653e-11
2.83994,1.13350631136e-11
2.84649,1.1365801735e-11
2.85305,1.13975357081e-11
2.85963,1.14302587033e-11
2.86622,1.14639615788e-11
2.87283,1.14986365446e-11
2.87945,1.15342792288e-11
2.88609,1.15708801913e-11
2.89274,1.16084338822e-11
2.89941,1.16469341573e-11
2.9061,1.16863733349e-11
2.91279,1.17267476556e-11
2.91951,1.17680489922e-11
2.92624,1.18102744183e-11
2.93299,1.18534151513e-11
2.93975,1.18974686749e-11
2.94652,1.19424284533e-11
2.95332,1.19882901082e-11
2.96012,1.20350493452e-11
2.96695,1.20827024248e-11
2.97379,1.21312429496e-11
2.98064,1.21806681896e-11
2.98751,1.2230974207e-11
2.9944,1.22821565883e-11
3.0013,1.23342118599e-11
3.00822,1.23871376216e-11
3.01516,1.24409292527e-11
3.02211,1.24955843133e-11
3.02907,1.25510995671e-11
3.03606,1.26074714536e-11
3.04306,1.26646982927e-11
3.05007,1.27227773671e-11
3.0571,1.27817062741e-11
3.06415,1.28414820251e-11
3.07121,1.29021037463e-11
3.07829,1.29635686397e-11
3.08539,1.3025874861e-11
3.0925,1.30890207393e-11
3.09963,1.31530036931e-11
3.10678,1.32178244828e-11
3.11394,1.32834800013e-11
3.12112,1.33499697804e-11
3.12831,1.34172923566e-11
3.13552,1.34854472728e-11
3.14275,1.35544332002e-11
3.15,1.36242485249e-11
3.15726,1.3694894282e-11
3.16453,1.37663675245e-11
3.17183,1.38386713504e-11
3.17914,1.39118033491e-11
3.18647,1.39857627239e-11
3.19382,1.40605498129e-11
3.20118,1.41361658502e-11
3.20856,1.42126101611e-11
3.21595,1.42898815667e-11
3.22337,1.43679818823e-11
3.2308,1.44469120949e-11
3.23825,1.45266710614e-11
3.24571,1.46072593025e-11
3.25319,1.46886802545e-11
3.26069,1.47709321575e-11
3.26821,1.48540161787e-11
3.27574,1.49379330007e-11
3.28329,1.50226853715e-11
3.29086,1.51082738599e-11
3.29845,1.5194697046e-11
3.30605,1.52819598735e-11
3.31367,1.53700611569e-11
3.32131,1.54590038258e-11
3.32897,1.55487894001e-11
3.33664,1.56394190748e-11
3.34434,1.5730894152e-11
3.35205,1.58232178213e-11
3.35977,1.59163910039e-11
3.36752,1.60104146011e-11
3.37528,1.61052938676e-11
3.38306,1.62010275085e-11
3.39086,1.62976184335e-11
3.39868,1.63950708005e-11
3.40651,1.64933845022e-11
3.41436,1.65925651585e-11
3.42224,1.66926123106e-11
3.43012,1.67935290819e-11
3.43803,1.68953186987e-11
3.44596,1.69979851381e-11
3.4539,1.71015285882e-11
3.46186,1.72059523377e-11
3.46984,1.73112604465e-11
3.47784,1.74174561395e-11
3.48586,1.75245411025e-11
3.4939,1.763252018e-11
3.50195,1.77413944657e-11
3.51002,1.78511700209e-11
3.51811,1.79618469664e-11
3.52622,1.80734308868e-11
3.53435,1.81859239816e-11
3.5425,1.82993306185e-11
3.55067,1.8413653246e-11
3.55885,1.85288993032e-11
3.56706,1.86450685206e-11
3.57528,1.87621645231e-11
3.58352,1.88801929694e-11
3.59178,1.89991571406e-11
3.60006,1.91190614857e-11
3.60836,1.92399095952e-11
3.61668,1.93617061954e-11
3.62502,1.94844546468e-11
3.63337,1.96081579202e-11
3.64175,1.97328238991e-11
3.65014,1.98584538008e-11
3.65856,1.99850522789e-11
3.66699,2.01126254879e-11
3.67544,2.02411771798e-11
3.68392,2.03707107559e-11
3.69241,2.05012325016e-11
3.70092,2.06327462914e-11
3.70945,2.07652571915e-11
3.718,2.08987706951e-11
3.72658,2.10332906782e-11
3.73517,2.11688220171e-11
3.74378,2.13053675875e-11
3.75241,2.14429377353e-11
3.76106,2.15815343165e-11
3.76973,2.17211609102e-11
3.77842,2.18618270807e-11
3.78713,2.20035340244e-11
3.79586,2.21462900556e-11
3.80461,2.229009711e-11
3.81338,2.24349648648e-11
3.82217,2.25808959518e-11
3.83098,2.27278961405e-11
3.83981,2.28759721462e-11
3.84866,2.30251293134e-11
3.85754,2.31753735505e-11
3.86643,2.33267106739e-11
3.87534,2.34791447123e-11
3.88427,2.36326836408e-11
3.89323,2.37873323276e-11
3.9022,2.39430981603e-11
3.9112,2.40999850611e-11
3.92021,2.42580026941e-11
3.92925,2.44171530265e-11
3.93831,2.45774443164e-11
3.94739,2.47388836791e-11
3.95649,2.49014769685e-11
3.96561,2.50652296198e-11
3.97475,2.52301484296e-11
3.98391,2.53962403148e-11
3.9931,2.55635117239e-11
4.0023,2.57319708598e-11
4.01153,2.59016215185e-11
4.02078,2.60724719151e-11
4.03004,2.62445285118e-11
4.03934,2.64178017391e-11
4.04865,2.65922925884e-11
4.05798,2.67680080666e-11
4.06733,2.69449620721e-11
4.07671,2.71231546756e-11
4.08611,2.73025990018e-11
4.09553,2.74832960579e-11
4.10497,2.76652575805e-11
4.11443,2.78484891479e-11
4.12392,2.80329988755e-11
4.13342,2.8218793595e-11
4.14295,2.84058809374e-11
4.1525,2.85942705843e-11
4.16207,2.87839649237e-11
4.17167,2.89749791997e-11
4.18129,2.91673113555e-11
4.19092,2.93609797521e-11
4.20059,2.95559828391e-11
4.21027,2.97523367536e-11
4.21998,2.99500419909e-11
4.2297,3.01491138929e-11
4.23945,3.03495517562e-11
4.24923,3.05513734444e-11
4.25902,3.07545782664e-11
4.26884,3.09591819446e-11
4.27868,3.1165189693e-11
4.28854,3.13726096235e-11
4.29843,3.1581447823e-11
4.30834,3.17917176057e-11
4.31827,3.20034244751e-11
4.32823,3.22165790197e-11
4.3382,3.24311871633e-11
4.3482,3.26472604125e-11
4.35823,3.28648038883e-11
4.36827,3.30838308016e-11
4.37834,3.33043504128e-11
4.38844,3.35263665063e-11
4.39855,3.3749889793e-11
4.40869,3.39749342498e-11
4.41886,3.42015041769e-11
4.42904,3.4429612688e-11
4.43925,3.46592647728e-11
4.44949,3.48904706503e-11
4.45974,3.51232416094e-11
4.47002,3.53575847282e-11
4.48033,3.55935134968e-11
4.49066,3.58310332603e-11
4.50101,3.6070157877e-11
4.51138,3.631089368e-11
4.52178,3.65532503731e-11
4.53221,3.67972401307e-11
4.54266,3.70428738973e-11
4.55313,3.72901575016e-11
4.56362,3.7539103704e-11
4.57414,3.77897233737e-11
4.58469,3.80420230788e-11
4.59526,3.82960177114e-11
4.60585,3.85517170916e-11
4.61647,3.88091408706e-11
4.62711,3.90683340643e-11
4.63778,3.93294764626e-11
4.64847,3.95932083678e-11
4.65918,3.98617871929e-11
4.66992,4.01425259525e-11
4.68069,4.04570841003e-11
4.69148,4.08641368116e-11
4.7023,4.15089099855e-11
4.71313,4.27195891302e-11
4.724,4.51727099348e-11
4.73489,5.0138723338e-11
4.7458,5.97867182241e-11
4.75675,7.74734709616e-11
4.76771,1.078852236e-10
4.7787,1.56878048335e-10
4.78972,2.30913557878e-10
4.80076,3.36121093593e-10
4.81183,4.77190278341e-10
4.82292,6.56422468699e-10
4.83404,8.73262183244e-10
4.84518,1.12447262023e-09
4.85635,1.404884999e-09
4.86754,1.70845567974e-09
4.87876,2.0292989403e-09
4.89001,2.36245430026e-09
4.90128,2.70434008496e-09
4.91258,3.05308402469e-09
4.92391,3.40921713253e-09
4.93526,3.7776282621e-09
4.94664,4.17227418693e-09
4.95804,4.62584925579e-09
4.96947,5.20692020388e-09
4.98092,6.04596403597e-09
4.99241,7.36803821604e-09
5.00391,9.5229794345e-09
5.01545,1.29958315116e-08
5.02701,1.83754804006e-08
5.0386,2.62648498984e-08
5.05022,3.71353423634e-08
5.06186,5.11576987704e-08
5.07353,6.80669288525e-08
5.08522,8.71234938334e-08
5.09694,1.0720595459e-07
5.10869,1.27020511143e-07
5.12047,1.45363067762e-07
5.13227,1.61347408612e-07
5.14411,1.74529798022e-07
5.15596,1.84905827467e-07
5.16785,1.92804742462e-07
5.17976,1.98736405142e-07
5.1917,2.03246709129e-07
5.20367,2.06817102525e-07
5.21567,2.09817470968e-07
5.22769,2.1250176974e-07
5.23974,2.15028187695e-07
5.25182,2.17487122171e-07
5.26393,2.19926979951e-07
5.27606,2.2237376389e-07
5.28822,2.24844772342e-07
5.30042,2.27358799428e-07
5.31263,2.29945010932e-07
5.32488,2.32652494792e-07
5.33716,2.3556035792e-07
5.34946,2.38787474712e-07
5.36179,2.42498726222e-07
5.37415,2.46903977436e-07
5.38654,2.52246738049e-07
5.39896,2.58781328493e-07
5.4114,2.66740935362e-07
5.42388,2.76303597559e-07
5.43638,2.87563644678e-07
5.44891,3.00517018659e-07
5.46147,3.15064121666e-07
5.47406,3.3102923091e-07
5.48668,3.48190480045e-07
5.49933,3.66312421437e-07
5.51201,3.8517220873e-07
5.52471,4.04575390485e-07
5.53745,4.2435772268e-07
5.55022,4.44375014746e-07
5.56301,4.64482690754e-07
5.57583,4.8450945324e-07
5.58869,5.04230176454e-07
5.60157,5.23344958895e-07
5.61448,5.41472651572e-07
5.62743,5.58167613959e-07
5.6404,5.72964146262e-07
5.6534,5.85445441328e-07
5.66643,5.95324643972e-07
5.6795,6.02517446908e-07
5.69259,6.07182977418e-07
5.70571,6.0971646685e-07
5.71887,6.10691691979e-07
5.73205,6.10766631001e-07
5.74526,6.10577330873e-07
5.75851,6.10648643184e-07
5.77178,6.11340998071e-07
5.78509,6.12841335721e-07
5.79842,6.15191406321e-07
5.81179,6.18338462472e-07
5.82519,6.22192749481e-07
5.83862,6.26679218092e-07
5.85207,6.31774860085e-07
5.86557,6.37531841345e-07
5.87909,6.44085306126e-07
5.89264,6.51648013171e-07
5.90622,6.60491851737e-07
5.91984,6.70919765239e-07
5.93349,6.83228142056e-07
5.94716,6.97668054387e-07
5.96087,7.14409661157e-07
5.97461,7.33517752924e-07
5.98839,7.54944148806e-07
6.00219,7.7853682217e-07
6.01603,8.04064066854e-07
6.0299,8.31247600516e-07
6.0438,8.59797061089e-07
6.05773,8.89439263817e-07
6.07169,9.19938436499e-07
6.08569,9.51105856266e-07
6.09972,9.82799795589e-07
6.11378,1.01491878897e-06
6.12787,1.04739024808e-06
6.142,1.08015676478e-06
6.15616,1.11316079214e-06
6.17035,1.14632823475e-06
6.18458,1.1795492757e-06
6.19883,1.21265838188e-06
6.21312,1.24541359143e-06
6.22744,1.27747807307e-06
6.2418,1.30840878264e-06
6.25619,1.33765772392e-06
6.27061,1.36458991996e-06
6.28507,1.38852160297e-06
6.29956,1.40877657145e-06
6.31408,1.42475802097e-06
6.32863,1.43603805724e-06
6.34322,1.44248376755e-06
6.35784,1.44446260071e-06
6.3725,1.44314215139e-06
6.38719,1.44076015815e-06
6.40191,1.44057020288e-06
6.41667,1.44620433879e-06
6.43146,1.46064599385e-06
6.44629,1.48546477881e-06
6.46115,1.52084354081e-06
6.47605,1.56625194449e-06
6.49097,1.62120474511e-06
6.50594,1.68579174863e-06
6.52094,1.7611258249e-06
6.53597,1.84992930096e-06
6.55103,1.95716635918e-06
6.56614,2.09032717059e-06
6.58127,2.25902681613e-06
6.59644,2.4740604807e-06
6.61165,2.74669902254e-06
6.62689,3.08918125882e-06
6.64217,3.51640849361e-06
6.65748,4.04723242646e-06
6.67283,4.70329301834e-06
6.68821,5.50530365953e-06
6.70363,6.46912384813e-06
6.71908,7.60391866244e-06
6.73457,8.91257917544e-06
6.75009,1.0393193284e-05
6.76566,1.20408324562e-05
6.78125,1.38490321899e-05
6.79688,1.58088518612e-05
6.81255,1.79016638821e-05
6.82826,2.0082890149e-05
6.844,2.22605726706e-05
6.85978,2.42834487817e-05
6.87559,2.59585302024e-05
6.89144,2.71048911677e-05
6.90732,2.76209066165e-05
6.92325,2.75228776458e-05
6.93921,2.69293251117e-05
6.9552,2.60054730425e-05
6.97124,2.49072812561e-05
6.98731,2.37536604932e-05
7.00342,2.26273963197e-05
7.01956,2.15883710751e-05
7.03574,2.06839815508e-05
7.05196,1.99513219135e-05
7.06822,1.94128827661e-05
7.08451,1.90708144028e-05
7.10084,1.89051627208e-05
7.11721,1.88790923963e-05
7.13362,1.89495516253e-05
7.15006,1.90780688024e-05
7.16655,1.92366414265e-05
7.18307,1.94075593009e-05
7.19963,1.95794595128e-05
7.21622,1.97428536949e-05
7.23286,1.98870378544e-05
7.24953,1.99988351291e-05
7.26624,2.00628334807e-05
7.28299,2.00629050446e-05
7.29978,1.99852365198e-05
7.31661,1.98231578485e-05
7.33348,1.95827523126e-05
7.35038,1.92866514246e-05
7.36733,1.89729916072e-05
7.38431,1.86890627428e-05
7.40133,1.84825890166e-05
7.41839,1.83947611599e-05
7.43549,1.8457121994e-05
7.45264,1.86911662913e-05
7.46982,1.91081346197e-05
7.48704,1.97074375872e-05
7.50429,2.04744159655e-05
7.52159,2.1379533082e-05
7.53893,2.23808735861e-05
7.55631,2.34299587043e-05
7.57373,2.44787281949e-05
7.59119,2.54847720795e-05
7.60869,2.64130948757e-05
7.62623,2.72346811676e-05
7.64381,2.79238430444e-05
7.66143,2.84563436804e-05
7.67909,2.88096411203e-05
7.69679,2.89654495633e-05
7.71454,2.89139982389e-05
7.73232,2.86585189654e-05
7.75015,2.82178732817e-05
7.76801,2.76253205447e-05
7.78592,2.69230125676e-05
7.80387,2.61540425077e-05
7.82186,2.53553577402e-05
7.83989,2.45540345512e-05
7.85796,2.37673507641e-05
7.87608,2.30053064679e-05
7.89423,2.2273785138e-05
7.91243,2.15772732831e-05
7.93067,2.09207416722e-05
7.94895,2.03107660784e-05
7.96728,1.97555177286e-05
7.98564,1.92631154646e-05
8.00405,1.88383484432e-05
8.0225,1.8479431052e-05
8.041,1.81779573331e-05
8.05953,1.79240644732e-05
8.07811,1.77145085673e-05
8.09673,1.75578967329e-05
8.1154,1.747275983e-05
8.13411,1.74804560858e-05
8.15286,1.75993595175e-05
8.17165,1.7844728659e-05
8.19049,1.82321222303e-05
8.20937,1.87783180174e-05
8.2283,1.94964178864e-05
8.24726,2.03885403286e-05
8.26628,2.14430431444e-05
8.28533,2.26397342729e-05
8.30443,2.3958567837e-05
8.32357,2.53835783898e-05
8.34276,2.68986071169e-05
8.36199,2.84800179695e-05
8.38127,3.00947450268e-05
8.40059,3.17064500397e-05
8.41996,3.32851370827e-05
8.43937,3.48133296996e-05
8.45882,3.62859366255e-05
8.47832,3.77059340009e-05
8.49787,3.90795203056e-05
8.51746,4.04130877612e-05
8.53709,4.17124663751e-05
8.55677,4.29839352414e-05
8.5765,4.42367224609e-05
8.59627,4.54867825991e-05
8.61608,4.676114009e-05
8.63595,4.81006656602e-05
8.65585,4.95579726447e-05
8.67581,5.11873177137e-05
8.69581,5.30267495059e-05
8.71585,5.50779642359e-05
8.73594,5.72931478192e-05
8.75608,5.95770107543e-05
8.77627,6.18055389108e-05
8.7965,6.38547505925e-05
8.81678,6.56279997643e-05
8.8371,6.70722318376e-05
8.85747,6.81796368316e-05
8.87789,6.89773701984e-05
8.89836,6.95114140521e-05
8.91887,6.98302880774e-05
8.93943,6.99722063521e-05
8.96004,6.99572029108e-05
8.98069,6.97848828526e-05
9.0014,6.94380852247e-05
9.02215,6.88921852037e-05
9.04294,6.81277483438e-05
9.06379,6.71421402925e-05
9.08469,6.59547879014e-05
9.10563,6.46031546377e-05
9.12662,6.31309739783e-05
9.14766,6.15747114966e-05
9.16874,5.99550193206e-05
9.18988,5.82772398981e-05
9.21107,5.65398439512e-05
9.2323,5.47457291824e-05
9.25358,5.29104996029e-05
9.27491,5.10641745106e-05
9.29629,4.92465099371e-05
9.31772,4.74988893393e-05
9.3392,4.58567192668e-05
9.36073,4.4344840932e-05
9.38231,4.29767135469e-05
9.40394,4.17563995921e-05
9.42562,4.06818078956e-05
9.44735,3.97477257743e-05
9.46913,3.89477995907e-05
9.49095,3.8275365769e-05
9.51283,3.77239436113e-05
9.53476,3.72889076696e-05
9.55674,3.69718140401e-05
9.57877,3.67867538115e-05
9.60085,3.67643307727e-05
9.62299,3.6947540597e-05
9.64517,3.73783062029e-05
9.6674,3.80818190823e-05
9.68969,3.90588262628e-05
9.71203,4.02896298144e-05
9.73442,4.17442890155e-05
9.75686,4.33916331558e-05
9.77935,4.52046477218e-05
9.80189,4.71643744415e-05
9.82449,4.92640219004e-05
9.84713,5.15110188696e-05
9.86983,5.39224800161e-05
9.89259,5.6511165574e-05
9.91539,5.92668485842e-05
9.93825,6.21482427204e-05
9.96116,6.51016425369e-05
9.98412,6.81041916138e-05
10.0071,7.12001300311e-05
10.0302,7.44913364789e-05
10.0533,7.80776701105e-05
10.0765,8.19896127069e-05
10.0997,8.61636385062e-05
10.123,9.04721517943e-05
10.1464,9.47768179508e-05
10.1697,9.89673628251e-05
10.1932,0.000102970939464
10.2167,0.000106740453074
10.2402,0.000110237541749
10.2638,0.000113421230641
10.2875,0.000116246369118
10.3112,0.000118671524393
10.335,0.000120672742189
10.3588,0.000122255393949
10.3827,0.000123453876046
10.4066,0.000124312026128
10.4306,0.000124852780339
10.4547,0.000125067348522
10.4788,0.000124951219428
10.5029,0.000124570568835
10.5271,0.000124093522408
10.5514,0.000123739045594
10.5757,0.000123685846098
10.6001,0.0001240371192
10.6245,0.000124869143813
10.649,0.000126278103875
10.6736,0.000128336437585
10.6982,0.000130993726242
10.7228,0.000134049023725
10.7476,0.00013725872511
10.7723,0.000140500617439
10.7972,0.000143854890953
10.8221,0.000147541581462
10.847,0.000151774022918
10.872,0.00015663527013
10.8971,0.00016204121346
10.9222,0.000167782439789
10.9474,0.000173598213032
10.9726,0.000179240857448
10.9979,0.000184513698283
11.0233,0.000189285244696
11.0487,0.00019348872347
11.0741,0.000197113507262
11.0997,0.000200191044091
11.1253,0.000202777399513
11.1509,0.000204934069572
11.1766,0.000206710507755
11.2024,0.000208131757014
11.2282,0.000209194160381
11.2541,0.00020987127595
11.28,0.000210130700399
11.306,0.000209958874439
11.3321,0.000209385312215
11.3582,0.000208492719057
11.3844,0.000207398475236
11.4106,0.000206204251563
11.4369,0.000204930285803
11.4633,0.000203469184046
11.4897,0.000201594967449
11.5162,0.000199038710752
11.5428,0.000195603494619
11.5694,0.000191264082875
11.596,0.000186201202416
11.6228,0.000180754511319
11.6496,0.000175319462186
11.6764,0.000170235392033
11.7033,0.000165706610944
11.7303,0.00016177517625
11.7574,0.00015834233777
11.7845,0.000155226135575
11.8116,0.000152244420314
11.8389,0.00014931382885
11.8662,0.000146546371559
11.8935,0.000144307113817
11.9209,0.000143184604798
11.9484,0.000143844057017
11.9759,0.000146789591929
12.0036,0.000152131163345
12.0312,0.000159479171128
12.059,0.000168037208147
12.0868,0.000176849207917
12.1146,0.000185064584525
12.1425,0.000192084644418
12.1705,0.000197551236444
12.1986,0.00020124998875
12.2267,0.000203040215939
12.2549,0.000202868221628
12.2832,0.000200831773606
12.3115,0.000197219052865
12.3398,0.00019247087575
12.3683,0.000187078286118
12.3968,0.000181471899877
12.4254,0.000175987609285
12.454,0.000171138782546
12.4827,0.000168485325175
12.5115,0.000170587626996
12.5404,0.000177627992582
12.5693,0.000185894924933
12.5982,0.000192265427937
12.6273,0.000196537869684
12.6564,0.000199539585891
12.6856,0.000201829187934
12.7148,0.000203684269815
12.7441,0.000205279886319
12.7735,0.000206757594071
12.8029,0.000208233238241
12.8325,0.00020978890287
12.862,0.000211473032769
12.8917,0.000213308508459
12.9214,0.000215300149192
12.9512,0.000217439695276
12.9811,0.000219711144103
13.011,0.000222098365318
13.041,0.000224594109195
13.071,0.000227207810108
13.1012,0.000229968501174
13.1314,0.000232923247299
13.1616,0.000236133517293
13.192,0.000239670887166
13.2224,0.000243613170976
13.2529,0.000248043354136
13.2834,0.000253053081563
13.314,0.000258747629191
13.3447,0.000265244726121
13.3755,0.000272668066207
13.4063,0.000281142750362
13.4372,0.000290772912142
13.4682,0.000301418953072
13.4993,0.000311804044316
13.5304,0.000318534223008
13.5616,0.00031825858866
13.5928,0.000311973462426
13.6242,0.000303640442463
13.6556,0.000295346763335
13.6871,0.000286985905844
13.7186,0.000278154847262
13.7502,0.000268712978445
13.7819,0.000258640569526
13.8137,0.000247930923731
13.8455,0.000236526797602
13.8775,0.000224267396617
13.9094,0.000210886122953
13.9415,0.000196084259083
13.9737,0.000179704943723
14.0059,0.000162112894398
14.0382,0.000144726262317
14.0705,0.000129763231709
14.1029,0.00011847903065
14.1355,0.0001102798719
14.168,0.000104300769737
14.2007,0.000100332213973
14.2334,9.82107385851e-05
14.2663,9.76162960215e-05
14.2991,9.82977552815e-05
14.3321,0.000100125679111
14.3651,0.000102994315657
14.3983,0.000106664105144
14.4314,0.000110596138853
14.4647,0.000113946903272
14.4981,0.000115930956996
14.5315,0.000116386511603
14.565,0.000115928080541
14.5986,0.000115421710399
14.6322,0.000115367489503
14.6659,0.000115793651058
14.6997,0.000116530831896
14.7336,0.000117438186764
14.7676,0.000118449759947
14.8016,0.000119542426657
14.8358,0.000120708169963
14.87,0.000121943632589
14.9042,0.00012324772743
14.9386,0.000124621075607
14.973,0.000126065432497
15.0076,0.000127583051944
15.0421,0.000129176225686
15.0768,0.000130845873142
15.1116,0.000132586876744
15.1464,0.000134376680029
15.1813,0.000136160747218
15.2163,0.000137857240111
15.2514,0.000139407708554
15.2866,0.000140850768536
15.3218,0.000142334996224
15.3571,0.000144031379027
15.3925,0.00014603013116
15.428,0.000148325082123
15.4636,0.000150875638791
15.4992,0.000153665533181
15.535,0.000156720116785
15.5708,0.000160098281285
15.6067,0.000163882597299
15.6426,0.000168175288026
15.6787,0.000173103600717
15.7148,0.000178864959605
15.7511,0.000185951107755
15.7874,0.000195947655623
15.8238,0.000213455465408
15.8602,0.000248638436148
15.8968,0.000316873493504
15.9335,0.00043047280848
15.9702,0.00058450881707
16.007,0.000750837892177
16.0439,0.000892080605761
16.0809,0.000985528688986
16.118,0.00103412265233
16.1551,0.00105704037269
16.1923,0.00107325795943
16.2297,0.00109224705482
16.2671,0.00111396836253
16.3046,0.001133139723
16.3422,0.00114351640249
16.3798,0.00114072908279
16.4176,0.00112353506702
16.4555,0.0010934656115
16.4934,0.00105314157786
16.5314,0.00100436597068
16.5695,0.000947586663347
16.6077,0.000883301729992
16.646,0.000813945538691
16.6844,0.000744110652545
16.7228,0.000678766622268
16.7614,0.000621224315182
16.8,0.000572471092885
16.8388,0.000531845385814
16.8776,0.000498049095042
16.9165,0.000469802488299
16.9555,0.000446077453681
16.9946,0.000426110386214
17.0337,0.000409350318059
17.073,0.000395403054163
17.1124,0.000383984623585
17.1518,0.000374887513813
17.1913,0.000367961457477
17.231,0.000363106864117
17.2707,0.000360277705172
17.3105,0.00035948904935
17.3504,0.000360817104923
17.3904,0.000364367889262
17.4305,0.000370181779538
17.4707,0.0003780582336
17.511,0.000387349261726
17.5513,0.00039685542599
17.5918,0.000404985356077
17.6323,0.000410225820446
17.673,0.000411738321809
17.7137,0.000409731342064
17.7546,0.000405338592219
17.7955,0.000400046828847
17.8365,0.000395022324684
17.8776,0.000390732145981
17.9188,0.000387021238442
17.9601,0.000383489264661
18.0015,0.000379857010007
18.043,0.000376100070645
18.0846,0.000372347279448
18.1263,0.000368701953461
18.1681,0.00036514404392
18.21,0.000361558423988
18.252,0.000357828631771
18.2941,0.000353912053907
18.3362,0.000349856889621
18.3785,0.000345771449222
18.4209,0.000341779302584
18.4633,0.000337984625207
18.5059,0.000334456666111
18.5485,0.000331229987528
18.5913,0.000328312854837
18.6342,0.000325697596218
18.6771,0.000323369361433
18.7202,0.000321311091276
18.7633,0.000319504765656
18.8066,0.000317930017629
18.8499,0.000316560462366
18.8934,0.000315359014883
18.9369,0.000314272980658
18.9806,0.000313230473425
19.0244,0.000312141285547
19.0682,0.000310909371901
19.1122,0.000309461166342
19.1562,0.000307785085286
19.2004,0.00030595731617
19.2446,0.000304124666574
19.289,0.000302437106945
19.3335,0.000300966232554
19.378,0.000299664040844
19.4227,0.000298389098004
19.4675,0.000296976523908
19.5124,0.000295304581307
19.5573,0.000293326128699
19.6024,0.00029106454716
19.6476,0.00028859117466
19.6929,0.000286000524194
19.7383,0.000283390243286
19.7838,0.000280847563066
19.8294,0.000278440425607
19.8751,0.000276212846061
19.9209,0.00027418327901
19.9669,0.000272346207974
20.0129,0.00027067557715
20.059,0.00026912967615
20.1053,0.000267656673879
20.1516,0.000266199687026
20.1981,0.000264701354646
20.2446,0.000263107207625
20.2913,0.000261367941482
20.3381,0.000259441158849
20.385,0.000257292057111
20.432,0.000254894265822
20.4791,0.000252230190671
20.5263,0.000249291859392
20.5736,0.000246081258547
20.621,0.00024261082157
20.6685,0.000238903417813
20.7162,0.000234991844187
20.7639,0.000230917351612
20.8118,0.00022672801146
20.8598,0.000222475991629
20.9079,0.000218214576725
20.9561,0.00021399528357
21.0044,0.000209864617779
21.0528,0.000205861619736
21.1013,0.000202016028482
21.15,0.000198347092961
21.1987,0.000194863683912
21.2476,0.000191564966083
21.2966,0.000188442141386
21.3457,0.000185480570794
21.3949,0.000182662223886
21.4442,0.000179968033657
21.4936,0.000177379940459
21.5432,0.000174882446955
21.5928,0.000172463470824
21.6426,0.000170114547952
21.6925,0.000167830549654
21.7425,0.000165608846074
21.7926,0.000163448479017
21.8429,0.000161349065961
21.8932,0.000159310081787
21.9437,0.000157330273646
21.9943,0.000155407321948
22.045,0.000153537788094
22.0958,0.000151717253038
22.1467,0.000149940572831
22.1978,0.000148202137569
22.249,0.000146496166906
22.3003,0.00014481701246
22.3517,0.00014315943693
22.4032,0.000141518729793
22.4548,0.00013989106973
22.5066,0.000138273520203
22.5585,0.000136664272995
22.6105,0.000135062608028
22.6626,0.000133468910664
22.7149,0.00013188460225
22.7672,0.000130311915573
22.8197,0.000128753751934
22.8723,0.000127213420775
22.925,0.000125694431007
22.9779,0.00012420024404
23.0308,0.000122734140708
23.0839,0.000121299072915
23.1372,0.000119897592421
23.1905,0.000118531800679
23.2439,0.000117203348856
23.2975,0.00011591356636
23.3512,0.000114663523339
23.4051,0.000113454160078
23.459,0.000112286365688
23.5131,0.00011116104616
23.5673,0.000110079053239
23.6216,0.000109041063172
23.6761,0.000108047453331
23.7307,0.000107098191198
23.7854,0.000106192755595
23.8402,0.000105330182409
23.8952,0.000104509157571
23.9502,0.000103728143419
24.0055,0.000102985483872
24.0608,0.000102279531334
24.1163,0.000101608702785
24.1718,0.000100971510846
24.2276,0.000100366624285
24.2834,9.97928828468e-05
24.3394,9.92492983787e-05
24.3955,9.873512122e-05
24.4517,9.82497520318e-05
24.5081,9.77927483976e-05
24.5646,9.73638200393e-05
24.6212,9.69627130063e-05
24.678,9.65892188485e-05
24.7349,9.62432116143e-05
24.7919,9.59247960442e-05
24.8491,9.56346235211e-05
24.9063,9.53742633294e-05
24.9638,9.51464188724e-05
25.0213,9.49548485119e-05
25.079,9.48037364546e-05
25.1368,9.46967672999e-05
25.1947,9.46364401272e-05
25.2528,9.4623965928e-05
25.311,9.46599762036e-05
25.3694,9.47457312882e-05
25.4279,9.4884391925e-05
25.4865,9.5082441299e-05
25.5452,9.53513157868e-05
25.6041,9.57095374352e-05
25.6631,9.61845528249e-05
25.7223,9.68131914533e-05
25.7816,9.76384612594e-05
25.841,9.87016539316e-05
25.9006,0.000100029401327
25.9603,0.000101618793209
26.0202,0.000103425175211
26.0801,0.00010535875599
26.1403,0.00010729359207
26.2005,0.000109088524769
26.2609,0.00011061457276
26.3215,0.000111780145877
26.3821,0.000112546252675
26.4429,0.000112927646627
26.5039,0.000112981350547
26.565,0.000112787910687
26.6262,0.000112432106496
26.6876,0.00011198835475
26.7491,0.000111512954927
26.8108,0.000111042834468
26.8726,0.000110598361791
26.9346,0.00011018814403
26.9967,0.000109813612449
27.0589,0.000109472626716
27.1213,0.000109161792802
27.1838,0.000108877726312
27.2464,0.000108617477045
27.3093,0.000108378674333
27.3722,0.000108159441107
27.4353,0.000107958231359
27.4986,0.000107773746868
27.5619,0.000107604845202
27.6255,0.000107450461656
27.6892,0.000107309640999
27.753,0.00010718145095
27.817,0.000107065056329
27.8811,0.000106959646344
27.9454,0.000106864506195
28.0098,0.000106778981307
28.0744,0.000106702519642
28.1391,0.000106634664302
28.2039,0.000106575058132
28.269,0.00010652343668
28.3341,0.000106479649306
28.3994,0.000106443635339
28.4649,0.000106415424037
28.5305,0.000106395085756
28.5963,0.000106382777413
28.6622,0.000106378684163
28.7283,0.000106383012737
28.7945,0.000106396026204
28.8609,0.000106418014158
28.9274,0.000106449318823
28.9941,0.000106490323735
29.061,0.000106541492924
29.1279,0.000106603418977
29.1951,0.000106676841738
29.2624,0.000106762685438
29.3299,0.000106862121279
29.3975,0.000106976494668
29.4652,0.000107107341284
29.5332,0.000107256142685
29.6012,0.000107424083699
29.6695,0.000107611573735
29.7379,0.000107817825224
29.8064,0.000108040321271
29.8751,0.000108274487587
29.944,0.000108513707985
30.013,0.000108749814554
30.0822,0.000108974128674
30.1516,0.00010917888253
30.2211,0.000109358890604
30.2907,0.000109513076227
30.3606,0.000109645290406
30.4306,0.000109764413123
30.5007,0.000109883424903
30.571,0.000110017859618
30.6415,0.000110183826078
30.7121,0.000110396186346
30.7829,0.000110667307777
30.8539,0.000111006612412
30.925,0.000111420870897
30.9963,0.000111915344378
31.0678,0.000112495223659
31.1394,0.000113167051553
31.2112,0.000113939453856
31.2831,0.0001148223361
31.3552,0.000115824001744
31.4275,0.000116945452934
31.5,0.000118172935604
31.5726,0.000119470423057
31.6453,0.000120775408277
31.7183,0.000122001433635
31.7914,0.000123048993276
31.8647,0.000123823715822
31.9382,0.000124256976607
32.0118,0.000124322189289
32.0856,0.000124041113222
32.1595,0.000123477812636
32.2337,0.000122722689128
32.308,0.000121872357923
32.3825,0.000121011876328
32.4571,0.000120203620056
32.5319,0.000119484285506
32.6069,0.000118868105227
32.6821,0.000118353380025
32.7574,0.000117929474462
32.8329,0.000117582325783
32.9086,0.000117298033885
32.9845,0.000117064486861
33.0605,0.000116871893507
33.1367,0.0001167125903
33.2131,0.000116580594064
33.2897,0.000116471232302
33.3664,0.000116380812208
33.4434,0.000116306313532
33.5205,0.000116245325291
33.5977,0.000116195877323
33.6752,0.000116156368741
33.7528,0.0001161254852
33.8306,0.000116102132872
33.9086,0.000116085439125
33.9868,0.000116074618029
34.0651,0.000116069014812
34.1436,0.000116068004994
34.2224,0.000116071074655
34.3012,0.000116077716311
34.3803,0.000116087513585
34.4596,0.000116100054231
34.539,0.000116115003742
34.6186,0.000116132066305
34.6984,0.000116150992577
34.7784,0.00011617155172
34.8586,0.000116193552194
34.939,0.000116216851026
35.0195,0.000116241292859
35.1002,0.000116266751779
35.1811,0.000116293116594
35.2622,0.000116320272909
35.3435,0.000116348100258
35.425,0.000116376502291
35.5067,0.000116405373284
35.5885,0.000116434621472
35.6706,0.000116464163817
35.7528,0.000116493862946
35.8352,0.000116523681541
35.9178,0.000116553500201
36.0006,0.00011658325909
36.0836,0.000116612884531
36.1668,0.000116642309394
36.2502,0.000116671489157
36.3337,0.000116700410935
36.4175,0.000116729094392
36.5014,0.000116757592702
36.5856,0.000116786064759
36.6699,0.000116814786054
36.7544,0.000116844194579
36.8392,0.000116874919717
36.9241,0.000116907829506
37.0092,0.000116944065759
37.0945,0.000116984964453
37.18,0.000117032009583
37.2658,0.000117086726909
37.3517,0.000117150408725
37.4378,0.000117224009647
37.5241,0.000117307940269
37.6106,0.000117401917216
37.6973,0.000117504908033
37.7842,0.000117615196458
37.8713,0.000117730541736
37.9586,0.000117848392578
38.0461,0.000117966079855
38.1338,0.00011808109966
38.2217,0.000118191235629
38.3098,0.000118294711771
38.3981,0.000118390202624
38.4866,0.000118476833133
38.5754,0.000118554135322
38.6643,0.000118622057494
38.7534,0.000118680874227
38.8427,0.000118731273813
38.9323,0.000118774350552
39.022,0.00011881167754
39.112,0.000118845306114
39.2021,0.000118877885954
39.2925,0.0001189125476
39.3831,0.000118952949455
39.4739,0.000119002983088
39.5649,0.000119066656402
39.6561,0.000119147672846
39.7475,0.000119249129845
39.8391,0.000119372946425
39.931,0.000119519548029
40.023,0.000119687483953
40.1153,0.000119873244232
40.2078,0.000120071274451
40.3004,0.000120274425223
40.3934,0.000120474404437
40.4865,0.000120662800941
40.5798,0.00012083194005
40.6733,0.000120975881066
40.7671,0.000121091185884
40.8611,0.000121177370319
40.9553,0.000121236966194
41.0497,0.000121275136423
41.1443,0.0001212990836
41.2392,0.000121317131182
41.3342,0.000121337882032
41.4295,0.000121369417388
41.525,0.00012141874003
41.6207,0.000121491384584
41.7167,0.000121591319665
41.8129,0.000121720986922
41.9092,0.000121881426439
42.0059,0.000122072485577
42.1027,0.00012229300907
42.1998,0.000122541039247
42.297,0.000122814021961
42.3945,0.000123109002588
42.4923,0.000123422844802
42.5902,0.000123752346013
42.6884,0.000124094511919
42.7868,0.000124446594865
42.8854,0.000124806211283
42.9843,0.000125171387203
43.0834,0.000125540579941
43.1827,0.00012591255185
43.2823,0.000126286443635
43.382,0.000126661596433
43.482,0.00012703758392
43.5823,0.000127414073054
43.6827,0.000127790862417
43.7834,0.000128167805555
43.8844,0.000128544784214
43.9855,0.000128921740014
44.0869,0.000129298594657
44.1886,0.000129675329679
44.2904,0.000130051882986
44.3925,0.000130428264561
44.4949,0.000130804431163
44.5974,0.000131180386253
44.7002,0.000131556112076
44.8033,0.00013193161421
44.9066,0.000132306884766
45.0101,0.000132681935176
45.1138,0.000133056755686
45.2178,0.000133431365362
45.3221,0.000133805782076
45.4266,0.000134180008152
45.5313,0.000134554062354
45.6362,0.000134927958405
45.7414,0.000135301711175
45.8469,0.000135675342848
45.9526,0.000136048903048
46.0585,0.000136422397247
46.1647,0.000136795864043
46.2711,0.000137169350166
46.3778,0.0001375429138
46.4847,0.000137916591418
46.5918,0.000138290489363
46.6992,0.000138664692717
46.8069,0.000139039335284
46.9148,0.000139414558479
47.023,0.000139790543517
47.1313,0.000140167549771
47.24,0.000140545847842
47.3489,0.000140925801175
47.458,0.00014130778465
47.5675,0.000141692294954
47.6771,0.000142079809463
47.787,0.000142470889392
47.8972,0.000142866129854
48.0076,0.000143266094217
48.1183,0.000143671375561
48.2292,0.000144082471686
48.3404,0.000144499838819
48.4518,0.000144923873995
48.5635,0.000145354784289
48.6754,0.000145792678792
48.7876,0.000146237566548
48.9001,0.000146689273151
49.0128,0.000147147502096
49.1258,0.00014761186405
49.2391,0.000148081853626
49.3526,0.000148556871915
49.4664,0.000149036359886
49.5804,0.000149519644366
49.6947,0.000150006138015
49.8092,0.000150495218212
49.9241,0.000150986347726
50.0391,0.000151478984526
50.1545,0.0001519727166
50.2701,0.000152467159601
50.386,0.000152961963089
50.5022,0.000153456865041
50.6186,0.000153951648514
50.7353,0.000154446139032
50.8522,0.000154940211247
50.9694,0.000155433712725
51.0869,0.000155926624087
51.2047,0.000156418807521
51.3227,0.000156910264852
51.4411,0.000157400963459
51.5596,0.000157890856219
51.6785,0.000158379933009
51.7976,0.000158868176354
51.917,0.000159355580423
52.0367,0.000159842131093
52.1567,0.000160327859679
52.2769,0.000160812710468
52.3974,0.000161296722104
52.5182,0.000161779912111
52.6393,0.00016226223442
52.7606,0.000162743712421
52.8822,0.000163224349801
53.0042,0.000163704149973
53.1263,0.000164183088599
53.2488,0.00016466116493
53.3716,0.000165138394236
53.4946,0.000165614711905
53.6179,0.000166090142147
53.7415,0.000166564647886
53.8654,0.000167038198419
53.9896,0.000167510757734
54.114,0.000167982316136
54.2388,0.00016845278149
54.3638,0.000168922139962
54.4891,0.000169390335196
54.6147,0.000169857289544
54.7406,0.00017032299476
54.8668,0.000170787320368
54.9933,0.000171250267662
55.1201,0.000171711708929
55.2471,0.000172171587259
55.3745,0.000172629839681
55.5022,0.000173086393602
55.6301,0.000173541178009
55.7583,0.000173994097425
55.8869,0.000174445074775
56.0157,0.000174894065022
56.1448,0.000175340962291
56.2743,0.000175785724119
56.404,0.000176228271722
56.534,0.000176668487385
56.6643,0.000177106389669
56.795,0.00017754185107
56.9259,0.000177974810094
57.0571,0.000178405234138
57.1887,0.000178833063333
57.3205,0.000179258262514
57.4526,0.000179680750603
57.5851,0.000180100478343
57.7178,0.000180517434838
57.8509,0.000180931573572
57.9842,0.000181342877728
58.1179,0.000181751295445
58.2519,0.000182156806327
58.3862,0.000182559421817
58.5207,0.000182959157385
58.6557,0.000183355997529
58.7909,0.000183749962686
58.9264,0.000184141130565
59.0622,0.000184529535261
59.1984,0.000184915328692
59.3349,0.000185298650433
59.4716,0.000185679759777
59.6087,0.000186058873587
59.7461,0.000186436446165
59.8839,0.000186812959761
60.0219,0.00018718903341
60.1603,0.000187565478902
60.299,0.000187943222936
60.438,0.000188323515022
60.5773,0.000188707639218
60.7169,0.000189097213684
60.8569,0.000189494050487
60.9972,0.000189900079818
61.1378,0.000190317394868
61.2787,0.000190748220747
61.42,0.000191194625952
61.5616,0.000191658646163
61.7035,0.000192142009262
61.8458,0.000192645917418
61.9883,0.000193170975954
62.1312,0.000193716861602
62.2744,0.000194282336792
62.418,0.000194864727874
62.5619,0.000195460074913
62.7061,0.000196062803327
62.8507,0.00019666569948
62.9956,0.000197259963651
63.1408,0.000197835187718
63.2863,0.000198379511768
63.4322,0.000198879932007
63.5784,0.000199322499408
63.725,0.00019969279335
63.8719,0.000199976227282
64.0191,0.000200158591107
64.1667,0.000200226432648
64.3146,0.00020016760935
64.4629,0.000199971505864
64.6115,0.000199629619641
64.7605,0.000199135494041
64.9097,0.000198485287535
65.0594,0.000197677599519
65.2094,0.000196713458846
65.3597,0.000195596472292
65.5103,0.000194332408815
65.6614,0.000192929198455
65.8127,0.000191396550651
65.9644,0.000189745794009
66.1165,0.000187989663913
66.2689,0.00018614180921
66.4217,0.000184216879999
66.5748,0.000182230075882
66.7283,0.000180197051251
66.8821,0.000178133701205
67.0363,0.000176055939112
67.1908,0.000173979670721
67.3457,0.000171920274441
67.5009,0.000169892693726
67.6566,0.000167911099045
67.8125,0.000165988437867
67.9688,0.000164136406947
68.1255,0.000162364962405
68.2826,0.000160682062052
68.44,0.000159093623637
68.5978,0.000157602963265
68.7559,0.000156211129383
68.9144,0.000154916523439
69.0732,0.000153715162206
69.2325,0.000152600913653
69.3921,0.000151565719912
69.552,0.000150600061886
69.7124,0.000149693527713
69.8731,0.000148835221388
70.0342,0.000148014390831
70.1956,0.000147220938494
70.3574,0.000146445938804
70.5196,0.000145681954624
70.6822,0.000144923435889
70.8451,0.000144166727538
71.0084,0.000143410399445
71.1721,0.000142654836888
71.3362,0.000141902243159
71.5006,0.000141156354253
71.6655,0.000140422103446
71.8307,0.000139705196742
71.9963,0.000139011745449
72.1622,0.000138347896331
72.3286,0.000137719462943
72.4953,0.000137131715434
72.6624,0.000136589049375
72.8299,0.000136094834855
72.9978,0.000135651460685
73.1661,0.000135260051973
73.3348,0.000134920753921
73.5038,0.000134632701424
73.6733,0.000134394091149
73.8431,0.000134202472294
74.0133,0.000134054809351
74.1839,0.000133947651204
74.3549,0.000133877459317
74.5264,0.000133840602741
74.6982,0.000133833663917
74.8704,0.000133853491392
75.0429,0.000133897378057
75.2159,0.000133963183222
75.3893,0.000134049281359
75.5631,0.000134154816658
75.7373,0.000134279555868
75.9119,0.000134423881984
76.0869,0.000134588964807
76.2623,0.000134776437592
76.4381,0.000134988512315
76.6143,0.000135227777817
76.7909,0.000135497063426
76.9679,0.000135799472471
77.1454,0.000136138067509
77.3232,0.000136515759138
77.5015,0.000136935130155
77.6801,0.000137398511625
77.8592,0.00013790748232
78.0387,0.000138462992694
78.2186,0.000139065145738
78.3989,0.000139713190359
78.5796,0.000140405343711
78.7608,0.000141138790654
78.9423,0.000141909763862
79.1243,0.000142713224838
79.3067,0.000143543413758
79.4895,0.000144393336799
79.6728,0.000145255309277
79.8564,0.000146120862702
80.0405,0.000146980860587
80.225,0.000147825692883
80.41,0.00014864552405
80.5953,0.000149430232103
80.7811,0.000150169768312
80.9673,0.000150854365992
81.154,0.0001514744831
81.3411,0.000152021218789
81.5286,0.000152486318636
81.7165,0.000152862439789
81.9049,0.000153142954407
82.0937,0.00015332251932
82.283,0.000153396786124
82.4726,0.00015336254745
82.6628,0.000153217746853
82.8533,0.000152961557392
83.0443,0.000152594443137
83.2357,0.000152117813918
83.4276,0.000151534238659
83.6199,0.000150847246615
83.8127,0.000150061354377
84.0059,0.000149181813928
84.1996,0.000148214637913
84.3937,0.000147166351767
84.5882,0.000146043982021
84.7832,0.000144854961517
84.9787,0.000143606733043
85.1746,0.000142307218975
85.3709,0.000140963966212
85.5677,0.000139584763996
85.765,0.000138176992804
85.9627,0.00013674783731
86.1608,0.00013530434217
86.3595,0.000133852837929
86.5585,0.000132399421173
86.7581,0.000130949869959
86.9581,0.000129509178711
87.1585,0.000128082019274
87.3594,0.000126672557766
87.5608,0.000125284329139
87.7627,0.000123920656734
87.965,0.000122584016516
88.1678,0.000121276733118
88.371,0.000120000507792
88.5747,0.000118756806582
88.7789,0.000117546593702
88.9836,0.000116370586774
89.1887,0.000115229107487
89.3943,0.000114122319745
89.6004,0.000113050049599
89.8069,0.000112011966228
90.014,0.000111007579924
90.2215,0.000110036216662
90.4294,0.000109097052783
90.6379,0.000108189297305
90.8469,0.00010731194084
91.0563,0.000106463928959
91.2662,0.000105644305464
91.4766,0.000104851881583
91.6874,0.000104085701126
91.8988,0.000103344593728
92.1107,0.000102627461344
92.323,0.000101933300659
92.5358,0.00010126112002
92.7491,0.000100609848256
92.9629,9.99785345578e-05
93.1772,9.9366321661e-05
93.392,9.87721745575e-05
93.6073,9.819535435e-05
93.8231,9.76350339358e-05
94.0394,9.70903669998e-05
94.2562,9.65607580442e-05
94.4735,9.60454354929e-05
94.6913,9.55436859318e-05
94.9095,9.50550010912e-05
95.1283,9.45787128087e-05
95.3476,9.41142933655e-05
95.5674,9.36612601342e-05
95.7877,9.32191560237e-05
96.0085,9.27874222903e-05
96.2299,9.23656764998e-05
96.4517,9.19535240358e-05
96.674,9.15505633366e-05
96.8969,9.11564050042e-05
97.1203,9.07707571072e-05
97.3442,9.03933108166e-05
97.5686,9.00236929533e-05
97.7935,8.96616797153e-05
98.0189,8.93069396633e-05
98.2449,8.89593083507e-05
98.4713,8.86184019626e-05
98.6983,8.82841317303e-05
98.9259,8.79562174822e-05
99.1539,8.76344370841e-05
99.3825,8.73186311442e-05
99.6116,8.70085043724e-05
99.8412,8.67040014988e-05
100.071,8.64049126965e-05
100.302,8.61109794689e-05
100.533,8.58221664647e-05
100.765,8.55382592108e-05
100.997,8.52591816115e-05
101.23,8.49846722419e-05
101.464,8.47146817542e-05
101.697,8.44490919623e-05
101.932,8.41876900753e-05
102.167,8.39304220604e-05
102.402,8.36771651433e-05
102.638,8.34277864859e-05
102.875,8.31821929337e-05
103.112,8.29401897881e-05
103.35,8.27018696346e-05
103.588,8.24670250498e-05
103.827,8.22354665689e-05
104.066,8.2007250922e-05
104.306,8.17822459807e-05
104.547,8.15603142245e-05
104.788,8.13414530814e-05
105.029,8.1125437008e-05
105.271,8.09124046114e-05
105.514,8.07021005637e-05
105.757,8.04945757973e-05
106.001,8.02897138976e-05
106.245,8.00874073729e-05
106.49,7.98875626331e-05
106.736,7.96901799341e-05
106.982,7.94953312489e-05
107.228,7.93027133543e-05
107.476,7.91123390361e-05
107.723,7.89242381729e-05
107.972,7.87382969063e-05
108.221,7.85544932415e-05
108.47,7.83727197903e-05
108.72,7.81930429935e-05
108.971,7.80152826095e-05
109.222,7.78394700149e-05
109.474,7.76655183574e-05
109.726,7.74933996932e-05
109.979,7.73231087731e-05
110.233,7.71545708921e-05
110.487,7.69877496902e-05
110.741,7.68225715396e-05
110.997,7.66591058626e-05
111.253,7.64972192013e-05
111.509,7.63369239188e-05
111.766,7.61781641984e-05
112.024,7.60209481794e-05
112.282,7.58651102e-05
112.541,7.57108103155e-05
112.8,7.55578391319e-05
113.06,7.54063791352e-05
113.321,7.52561169942e-05
113.582,7.51073240301e-05
113.844,7.49597360037e-05
114.106,7.48134264565e-05
114.369,7.46683780961e-05
114.633,7.45245582575e-05
114.897,7.43818862259e-05
115.162,7.42404061563e-05
115.428,7.41000538081e-05
115.694,7.39607611649e-05
115.96,7.38226280587e-05
116.228,7.36855367797e-05
116.496,7.35494767684e-05
116.764,7.34143480449e-05
117.033,7.3280354207e-05
117.303,7.31472247789e-05
117.574,7.301506884e-05
117.845,7.28837560079e-05
118.116,7.27534372457e-05
118.389,7.26238934698e-05
118.662,7.24952504645e-05
118.935,7.23674640667e-05
119.209,7.2240482354e-05
119.484,7.21141997028e-05
119.759,7.19887177395e-05
120.036,7.18640037116e-05
120.312,7.17399771808e-05
120.59,7.16166585359e-05
120.868,7.14940054634e-05
121.146,7.13719457072e-05
121.425,7.12505577322e-05
121.705,7.11297955672e-05
121.986,7.10095394345e-05
122.267,7.08899348129e-05
122.549,7.07708455085e-05
122.832,7.06521917309e-05
123.115,7.05341467974e-05
123.398,7.04164850924e-05
123.683,7.02994035823e-05
123.968,7.01827117302e-05
124.254,7.00663548766e-05
124.54,6.99505173248e-05
124.827,6.98349969885e-05
125.115,6.97198330526e-05
125.404,6.96049246333e-05
125.693,6.9490467473e-05
125.982,6.93762115729e-05
126.273,6.92623225284e-05
126.564,6.91487109726e-05
126.856,6.90352735185e-05
127.148,6.89221391354e-05
127.441,6.88091193749e-05
127.735,6.86964208657e-05
128.029,6.8583930848e-05
128.325,6.84715097451e-05
128.62,6.83593555156e-05
128.917,6.82473134744e-05
129.214,6.81354311596e-05
129.512,6.80236829351e-05
129.811,6.7912086016e-05
130.11,6.7800638552e-05
130.41,6.76892660212e-05
130.71,6.75779943513e-05
131.012,6.74668853767e-05
131.314,6.73558644393e-05
131.616,6.72450140394e-05
131.92,6.71342995381e-05
132.224,6.70236304743e-05
132.529,6.69131504793e-05
132.834,6.68027927361e-05
133.14,6.66926361394e-05
133.447,6.65825078636e-05
133.755,6.64727066405e-05
134.063,6.63629937379e-05
134.372,6.62536668003e-05
134.682,6.61444392961e-05
134.993,6.60353958629e-05
135.304,6.59265977383e-05
135.616,6.58182345177e-05
135.928,6.57101124429e-05
136.242,6.56023641666e-05
136.556,6.54949424836e-05
136.871,6.538793185e-05
137.186,6.5281390492e-05
137.502,6.51752073235e-05
137.819,6.50695118205e-05
138.137,6.49643878905e-05
138.455,6.48598162252e-05
138.775,6.47557921319e-05
139.094,6.46523833084e-05
139.415,6.45495986265e-05
139.737,6.44475863487e-05
140.059,6.43462035435e-05
140.382,6.42455714885e-05
140.705,6.41457863036e-05
141.029,6.40466714628e-05
141.355,6.39485218987e-05
141.68,6.38513193251e-05
142.007,6.3754859849e-05
142.334,6.36594575023e-05
142.663,6.35650604726e-05
142.991,6.3471588878e-05
143.321,6.33791362366e-05
143.651,6.32877956384e-05
143.983,6.31975461796e-05
144.314,6.31082330714e-05
144.647,6.30201974963e-05
144.981,6.29333849678e-05
145.315,6.28475493072e-05
145.65,6.27629423117e-05
145.986,6.26794990719e-05
146.322,6.25972769545e-05
146.659,6.25163530387e-05
146.997,6.2436642259e-05
147.336,6.23580152777e-05
147.676,6.22807810864e-05
148.016,6.22048194742e-05
148.358,6.21299969822e-05
148.7,6.20564547326e-05
149.042,6.19841607843e-05
149.386,6.19131251657e-05
149.73,6.18432647696e-05
150.076,6.17747651982e-05
150.421,6.17072692946e-05
150.768,6.1641163195e-05
151.116,6.1576236144e-05
151.464,6.15123416692e-05
151.813,6.14498224086e-05
152.163,6.1388448748e-05
152.514,6.13280680791e-05
152.866,6.12689589691e-05
153.218,6.12107944132e-05
153.571,6.11538567954e-05
153.925,6.10979088938e-05
154.28,6.10431677162e-05
154.636,6.0989403571e-05
154.992,6.0936505102e-05
155.35,6.0884738223e-05
155.708,6.08338803903e-05
156.067,6.07839323901e-05
156.426,6.07349633631e-05
156.787,6.06867792722e-05
157.148,6.06396245161e-05
157.511,6.05932059007e-05
157.874,6.05477248042e-05
158.238,6.05029766935e-05
158.602,6.04589383637e-05
158.968,6.04156330169e-05
159.335,6.03731682407e-05
159.702,6.03313841174e-05
160.07,6.02903911252e-05
160.439,6.024989505e-05
160.809,6.02100872603e-05
161.18,6.01710097022e-05
161.551,6.01324914399e-05
161.923,6.00943474946e-05
162.297,6.00571047571e-05
162.671,6.00202676761e-05
163.046,5.99840345903e-05
163.422,5.99482925146e-05
163.798,5.99128700107e-05
164.176,5.98779412444e-05
164.555,5.98436772751e-05
164.934,5.98097787962e-05
165.314,5.97763809062e-05
165.695,5.97433691226e-05
166.077,5.97105890912e-05
166.46,5.96783940711e-05
166.844,5.96464816304e-05
167.228,5.96151039083e-05
167.614,5.95839547049e-05
168,5.95530422799e-05
168.388,5.95226551934e-05
168.776,5.94924883667e-05
169.165,5.94626822841e-05
169.555,5.94331654915e-05
169.946,5.94039258165e-05
170.337,5.93750204754e-05
170.73,5.93463971259e-05
171.124,5.93179306871e-05
171.518,5.92899626175e-05
171.913,5.92618983436e-05
172.31,5.92344400084e-05
172.707,5.92071568159e-05
173.105,5.91801632792e-05
173.504,5.91531481176e-05
173.904,5.91264902079e-05
174.305,5.91002615292e-05
174.707,5.90739545234e-05
175.11,5.90479513315e-05
175.513,5.90222769981e-05
175.918,5.89969126296e-05
176.323,5.89714018094e-05
176.73,5.89464060399e-05
177.137,5.89215682161e-05
177.546,5.88966539263e-05
177.955,5.88722379359e-05
178.365,5.88479315186e-05
178.776,5.88238147201e-05
179.188,5.8799797102e-05
179.601,5.87761848448e-05
180.015,5.87524317918e-05
180.43,5.87290090635e-05
180.846,5.87057911924e-05
181.263,5.86827735648e-05
181.681,5.8660065653e-05
182.1,5.86372983139e-05
182.52,5.86147301938e-05
182.941,5.85924120683e-05
183.362,5.85701166155e-05
183.785,5.85482808242e-05
184.209,5.8526551599e-05
184.633,5.85047723807e-05
185.059,5.84832718443e-05
185.485,5.8461994326e-05
185.913,5.84408305267e-05
186.342,5.84197148432e-05
186.771,5.8398863132e-05
187.202,5.83782652897e-05
187.633,5.83576892983e-05
188.066,5.83373971139e-05
188.499,5.83170728726e-05
188.934,5.82969246434e-05
189.369,5.8277043426e-05
189.806,5.82573951784e-05
190.244,5.82376757354e-05
190.682,5.82184234022e-05
191.122,5.81992191727e-05
191.562,5.81800328769e-05
192.004,5.81610657466e-05
192.446,5.81421078708e-05
192.89,5.81235014703e-05
193.335,5.8104907646e-05
193.78,5.8086620085e-05
194.227,5.80681839862e-05
194.675,5.80502517378e-05
195.124,5.80323244686e-05
195.573,5.8014644878e-05
196.024,5.79970371066e-05
196.476,5.79794605489e-05
196.929,5.79621270868e-05
197.383,5.79449258822e-05
197.838,5.7927667393e-05
198.294,5.79109343372e-05
198.751,5.78941041501e-05
199.209,5.78774630342e-05
199.669,5.78611513199e-05
200.129,5.78446437285e-05
200.59,5.7828509002e-05
201.053,5.78124781832e-05
201.516,5.77964334078e-05
201.981,5.77806654787e-05
202.446,5.77649550303e-05
202.913,5.7749471728e-05
203.381,5.77342959011e-05
203.85,5.77190109611e-05
204.32,5.77036794522e-05
204.791,5.76888533327e-05
205.263,5.76740907627e-05
205.736,5.76592143354e-05
206.21,5.76447241013e-05
206.685,5.76304791946e-05
207.162,5.76161041353e-05
207.639,5.7601924049e-05
208.118,5.75880286152e-05
208.598,5.7574056466e-05
209.079,5.7560157346e-05
209.561,5.75464697536e-05
210.044,5.75330743462e-05
210.528,5.75196939041e-05
211.013,5.75065356318e-05
211.5,5.74935277963e-05
211.987,5.74802694339e-05
212.476,5.74675796598e-05
212.966,5.74547512939e-05
213.457,5.74422253464e-05
213.949,5.742991413e-05
214.442,5.74175786413e-05
214.936,5.74050631111e-05
215.432,5.7393243899e-05
215.928,5.73814176567e-05
216.426,5.73694143291e-05
216.925,5.73577240986e-05
217.425,5.73461157629e-05
217.926,5.73348860885e-05
218.429,5.73232752655e-05
218.932,5.73119786795e-05
219.437,5.73008525388e-05
219.943,5.72902934281e-05
220.45,5.7279243892e-05
220.958,5.72687450066e-05
221.467,5.72580405044e-05
221.978,5.72475285987e-05
222.49,5.7237333274e-05
223.003,5.72269780248e-05
223.517,5.72169194133e-05
224.032,5.72067684294e-05
224.548,5.71970511038e-05
225.066,5.71873232568e-05
225.585,5.71776658742e-05
226.105,5.71684668222e-05
226.626,5.7158747349e-05
227.149,5.7149396494e-05
227.672,5.71404921508e-05
228.197,5.71313338643e-05
228.723,5.71222345522e-05
229.25,5.71139350403e-05
229.779,5.71049351091e-05
230.308,5.70964988515e-05
230.839,5.70880924858e-05
231.372,5.70795227323e-05
231.905,5.70715745082e-05
232.439,5.70632973577e-05
232.975,5.70550274937e-05
233.512,5.70471884718e-05
234.051,5.703997943e-05
234.59,5.70321473791e-05
235.131,5.70244617599e-05
235.673,5.70171169085e-05
236.216,5.70097845658e-05
236.761,5.70028590434e-05
237.307,5.69954270223e-05
237.854,5.69884908931e-05
238.402,5.69814770352e-05
238.952,5.69746365712e-05
239.502,5.69679413488e-05
240.055,5.69612440873e-05
240.608,5.69550842947e-05
241.163,5.69488800994e-05
241.718,5.69423400759e-05
242.276,5.69366663397e-05
242.834,5.69304688801e-05
243.394,5.69248677834e-05
243.955,5.69187568409e-05
244.517,5.69130828233e-05
245.081,5.69075954115e-05
245.646,5.69023974318e-05
246.212,5.68968918195e-05
246.78,5.68913690329e-05
247.349,5.68865264848e-05
247.919,5.68814910937e-05
248.491,5.68766395154e-05
249.063,5.68718632253e-05
249.638,5.68664562235e-05
250.213,5.68621497388e-05
250.79,5.68578934335e-05
251.368,5.68536306434e-05
251.947,5.6848677187e-05
252.528,5.68446361338e-05
253.11,5.68405868078e-05
253.694,5.68361926204e-05
254.279,5.68330173454e-05
254.865,5.68287709548e-05
255.452,5.68248930299e-05
256.041,5.68218458221e-05
256.631,5.68180135369e-05
257.223,5.68143066256e-05
257.816,5.68114495829e-05
258.41,5.68081962977e-05
259.006,5.68044506414e-05
259.603,5.68017594651e-05
260.202,5.67990063286e-05
260.801,5.67962801857e-05
261.403,5.67932562285e-05
262.005,5.67906057836e-05
262.609,5.67881142048e-05
263.215,5.67858679411e-05
263.821,5.67829915596e-05
264.429,5.67811412186e-05
265.039,5.677864211e-05
265.65,5.67766118334e-05
266.262,5.67746930562e-05
266.876,5.67727856725e-05
267.491,5.6770896185e-05
268.108,5.67691022061e-05
268.726,5.67678274616e-05
269.346,5.67665929101e-05
269.967,5.6765103239e-05
270.589,5.67634818572e-05
271.213,5.6762262848e-05
271.838,5.67610926681e-05
272.464,5.67603668379e-05
273.093,5.67589759895e-05
273.722,5.67584489994e-05
274.353,5.67578259598e-05
274.986,5.67568898888e-05
275.619,5.67560247286e-05
276.255,5.67558675332e-05
276.892,5.67558699764e-05
277.53,5.67556345433e-05
278.17,5.67548604553e-05
278.811,5.67548632813e-05
279.454,5.6754974046e-05
280.098,5.6754634905e-05
280.744,5.67550291358e-05
281.391,5.67547409187e-05
282.039,5.67558751841e-05
282.69,5.67560658183e-05
283.341,5.67565557259e-05
283.994,5.67569246306e-05
284.649,5.67578253799e-05
285.305,5.67585594673e-05
285.963,5.67591341355e-05
286.622,5.67602226695e-05
287.283,5.6761532272e-05
287.945,5.67617838389e-05
288.609,5.67632436325e-05
289.274,5.67647849639e-05
289.941,5.67662705529e-05
290.61,5.67676706483e-05
291.279,5.67691019427e-05
291.951,5.67708048254e-05
292.624,5.67718274654e-05
293.299,5.6774232063e-05
293.975,5.67761271289e-05
294.652,5.67778175502e-05
295.332,5.67798650513e-05
296.012,5.67818098052e-05
296.695,5.67845663302e-05
297.379,5.67865444024e-05
298.064,5.6788654083e-05
298.751,5.67914455929e-05
299.44,5.67937089065e-05
300.13,5.67961892059e-05
300.822,5.67998878768e-05
301.516,5.6802172307e-05
302.211,5.68049871744e-05
302.907,5.68080753052e-05
303.606,5.68114311877e-05
304.306,5.68140982425e-05
305.007,5.68173465176e-05
305.71,5.68209029279e-05
306.415,5.68234021472e-05
307.121,5.68266195802e-05
307.829,5.6831284198e-05
308.539,5.68342120423e-05
309.25,5.68370263449e-05
309.963,5.68422980465e-05
