wl,n
0.0275043,0.877031408467
0.0275677,0.877167547176
0.0276312,0.877286077969
0.0276949,0.877386476049
0.0277587,0.877468369225
0.0278227,0.877531520976
0.0278869,0.877575814969
0.0279512,0.877601241106
0.0280156,0.877607883144
0.0280802,0.877595907919
0.0281449,0.877565556209
0.0282098,0.877517135257
0.0282748,0.877451013001
0.02834,0.877367614074
0.0284053,0.877267417698
0.0284708,0.877150957672
0.0285364,0.877018824787
0.0286022,0.876871672295
0.0286682,0.876710225523
0.0287342,0.876535297847
0.0288005,0.876347817795
0.0288669,0.876148879483
0.0289334,0.875939857136
0.0290001,0.875722858378
0.029067,0.8755007937
0.029134,0.875271743505
0.0292011,0.875035188915
0.0292685,0.87479128717
0.0293359,0.874540478073
0.0294036,0.87428339468
0.0294713,0.874020831996
0.0295393,0.873753736162
0.0296074,0.873483202801
0.0296756,0.873210479968
0.029744,0.872936973418
0.0298126,0.872664252804
0.0298813,0.872394057801
0.0299502,0.87212830327
0.0300193,0.871869082601
0.0300885,0.871618668358
0.0301578,0.871379509243
0.0302273,0.871154222388
0.030297,0.870945579854
0.0303669,0.870756488246
0.0304369,0.870589960327
0.030507,0.870449077617
0.0305774,0.870336943152
0.0306478,0.870256623845
0.0307185,0.870211082334
0.0307893,0.870203098771
0.0308603,0.870235183692
0.0309314,0.870309483965
0.0310027,0.870427684718
0.0310742,0.870590911061
0.0311458,0.870799634322
0.0312176,0.871053588169
0.0312896,0.871351700406
0.0313617,0.871692046227
0.031434,0.872071828235
0.0315065,0.872487387503
0.0315791,0.872934248464
0.0316519,0.87340719849
0.0317249,0.873900400835
0.031798,0.87440753743
0.0318713,0.874921976025
0.0319448,0.875436954576
0.0320184,0.875945774858
0.0320922,0.876441997047
0.0321662,0.876919627493
0.0322404,0.877373293093
0.0323147,0.877798397246
0.0323892,0.878191254293
0.0324638,0.878549201249
0.0325387,0.878870687315
0.0326137,0.879155343003
0.0326889,0.879404031425
0.0327642,0.879618884435
0.0328398,0.879803325691
0.0329155,0.879962081357
0.0329913,0.880101177076
0.0330674,0.880227917008
0.0331436,0.880350837328
0.03322,0.880479622628
0.0332966,0.880624969694
0.0333734,0.880798379585
0.0334503,0.881011856845
0.0335274,0.881277495254
0.0336047,0.881606934543
0.0336822,0.882010683531
0.0337598,0.88249732364
0.0338376,0.883072632599
0.0339156,0.883738699212
0.0339938,0.884493130939
0.0340722,0.885328478253
0.0341507,0.886232003251
0.0342294,0.887185896116
0.0343084,0.888167989078
0.0343874,0.889152939996
0.0344667,0.890113773045
0.0345462,0.891023594422
0.0346258,0.891857266723
0.0347056,0.892592836961
0.0347856,0.893212566081
0.0348658,0.893703485891
0.0349462,0.894057490593
0.0350268,0.894271035452
0.0351075,0.894344553515
0.0351884,0.894281711583
0.0352695,0.894088614704
0.0353509,0.893773043542
0.0354323,0.893343779912
0.035514,0.892810049007
0.0355959,0.892181085811
0.0356779,0.891465818942
0.0357602,0.890672656977
0.0358426,0.889809358918
0.0359253,0.888882970283
0.0360081,0.887899807986
0.0360911,0.886865479853
0.0361743,0.885784927441
0.0362577,0.884662483572
0.0363413,0.883501938335
0.036425,0.882306609287
0.036509,0.881079413108
0.0365932,0.879822937165
0.0366775,0.878539510324
0.0367621,0.877231273022
0.0368468,0.875900247081
0.0369317,0.874548406085
0.0370169,0.873177747405
0.0371022,0.871790367094
0.0371877,0.870388538965
0.0372735,0.86897479916
0.0373594,0.867552037416
0.0374455,0.866123595957
0.0375318,0.864693376502
0.0376184,0.863265955084
0.0377051,0.861846703206
0.037792,0.860441912113
0.0378791,0.859058914462
0.0379664,0.857706194296
0.038054,0.856393471756
0.0381417,0.855131743457
0.0382296,0.853933252979
0.0383177,0.852811359252
0.0384061,0.851780264694
0.0384946,0.850854562179
0.0385833,0.85004856299
0.0386723,0.84937538093
0.0387614,0.848845774614
0.0388508,0.848466793309
0.0389404,0.84824033043
0.0390301,0.848161755531
0.0391201,0.848218854709
0.0392103,0.848391338316
0.0393007,0.848651150125
0.0393913,0.848963719576
0.0394821,0.849290144899
0.0395731,0.849590112518
0.0396643,0.849825198866
0.0397557,0.849962116502
0.0398474,0.849975485965
0.0399392,0.849849829606
0.0400313,0.849580651824
0.0401236,0.849174635385
0.0402161,0.848649098183
0.0403088,0.848030895541
0.0404017,0.847354922685
0.0404949,0.846662292312
0.0405882,0.845998164747
0.0406818,0.845409128196
0.0407756,0.84494000042
0.0408696,0.844629987164
0.0409638,0.844508313989
0.0410582,0.844589745314
0.0411528,0.844870756719
0.0412477,0.845327395088
0.0413428,0.845915853108
0.0414381,0.84657634768
0.0415336,0.847240050759
0.0416294,0.847837853313
0.0417253,0.848309084889
0.0418215,0.848608304083
0.0419179,0.848708932456
0.0420146,0.848603498046
0.0421114,0.848301136547
0.0422085,0.847823467209
0.0423058,0.847199976698
0.0424033,0.84646376135
0.0425011,0.845648099451
0.042599,0.844783997978
0.0426972,0.843898644242
0.0427957,0.843014589774
0.0428943,0.842149469922
0.0429932,0.841316082864
0.0430923,0.840522689303
0.0431917,0.839773433267
0.0432912,0.839068817481
0.043391,0.8384061918
0.043491,0.837780230453
0.0435913,0.837183385142
0.0436918,0.836606307801
0.0437925,0.836038240716
0.0438935,0.835467373664
0.0439946,0.83488116862
0.0440961,0.834266652834
0.0441977,0.83361068111
0.0442996,0.832900167992
0.0444017,0.832122290481
0.0445041,0.83126466191
0.0446067,0.830315477654
0.0447095,0.829263633595
0.0448126,0.828098818588
0.0449159,0.826811582676
0.0450194,0.82539338352
0.0451232,0.82383661434
0.0452272,0.822134617768
0.0453315,0.820281691234
0.045436,0.818273090844
0.0455407,0.816105042067
0.0456457,0.813774766723
0.0457509,0.81128053655
0.0458564,0.808621763745
0.0459621,0.805799137964
0.0460681,0.802814817021
0.0461743,0.799672674664
0.0462807,0.796378603019
0.0463874,0.792940859727
0.0464943,0.789370440477
0.0466015,0.785681447232
0.0467089,0.781891411799
0.0468166,0.77802152475
0.0469245,0.774096712847
0.0470327,0.770145505736
0.0471411,0.766199636877
0.0472498,0.762293335958
0.0473587,0.758462291318
0.0474679,0.754742290859
0.0475773,0.75116758654
0.047687,0.747769066952
0.0477969,0.744572359211
0.0479071,0.741596009148
0.0480175,0.738849901724
0.0481282,0.736334077904
0.0482392,0.734038079627
0.0483504,0.731940914127
0.0484618,0.730011678863
0.0485736,0.72821083549
0.0486855,0.72649207053
0.0487978,0.724804634153
0.0489102,0.723096007326
0.049023,0.721314714391
0.049136,0.719413079375
0.0492493,0.717349728801
0.0493628,0.715091676011
0.0494766,0.712615876609
0.0495907,0.709910207685
0.049705,0.706973878982
0.0498196,0.70381732281
0.0499344,0.700461630427
0.0500495,0.696937611393
0.0501649,0.693284555341
0.0502805,0.6895487769
0.0503964,0.685782025422
0.0505126,0.682039840817
0.0506291,0.678379933723
0.0507458,0.674860661081
0.0508628,0.67153965635
0.05098,0.668472657387
0.0510975,0.665712555534
0.0512153,0.663308668583
0.0513334,0.661306220008
0.0514517,0.659745989571
0.0515703,0.658664087664
0.0516892,0.658091798938
0.0518084,0.658055440148
0.0519278,0.658576182451
0.0520475,0.659669798742
0.0521675,0.661346310965
0.0522877,0.663609529325
0.0524083,0.666456494128
0.0525291,0.66987685056
0.0526502,0.67385220623
0.0527716,0.678355539896
0.0528932,0.683350745912
0.0530151,0.688792410742
0.0531373,0.694625922775
0.0532598,0.700788011686
0.0533826,0.707207795871
0.0535057,0.713808384389
0.053629,0.720509033301
0.0537526,0.727227798661
0.0538766,0.733884565738
0.0540008,0.740404275523
0.0541252,0.746720125563
0.05425,0.752776501908
0.0543751,0.758531408448
0.0545004,0.763958199557
0.0546261,0.769046486381
0.054752,0.773802166013
0.0548782,0.778246603601
0.0550047,0.782415068063
0.0551315,0.786354573647
0.0552586,0.790121307844
0.055386,0.793777831463
0.0555137,0.797390223158
0.0556416,0.801025314173
0.0557699,0.804748126273
0.0558985,0.808619592049
0.0560273,0.812694606383
0.0561565,0.817020433228
0.0562859,0.82163547395
0.0564157,0.826568392217
0.0565457,0.831837584754
0.0566761,0.837450985647
0.0568067,0.843406192538
0.0569377,0.849690903983
0.0570689,0.856283656727
0.0572005,0.86315484814
0.0573324,0.870268021737
0.0574645,0.877581382425
0.057597,0.885049493734
0.0577298,0.892625093595
0.0578629,0.900260950677
0.0579962,0.907911672788
0.0581299,0.915535374938
0.0582639,0.923095119191
0.0583983,0.930560051889
0.0585329,0.937906185176
0.0586678,0.945116796622
0.0588031,0.952182449698
0.0589386,0.959100665343
0.0590745,0.965875297528
0.0592107,0.972515681367
0.0593471,0.979035629905
0.059484,0.985452355493
0.0596211,0.991785384901
0.0597585,0.998055525928
0.0598963,1.00428392935
0.0600344,1.01049127546
0.0601728,1.01669710095
0.0603115,1.02291927011
0.0604505,1.02917358531
0.0605898,1.03547352521
0.0607295,1.04183009517
0.0608695,1.04825177219
0.0610098,1.05474452679
0.0611505,1.06131190463
0.0612914,1.06795515266
0.0614327,1.0746733765
0.0615744,1.08146371782
0.0617163,1.08832154289
0.0618586,1.09524063506
0.0620012,1.10221338621
0.0621441,1.10923098309
0.0622874,1.11628358616
0.0624309,1.12336049926
0.0625749,1.13045032923
0.0627191,1.1375411352
0.0628637,1.1446205675
0.0630086,1.1516759967
0.0631539,1.15869463308
0.0632994,1.16566363714
0.0634454,1.17257022185
0.0635916,1.17940174693
0.0637382,1.18614580605
0.0638851,1.1927903071
0.0640324,1.19932354619
0.06418,1.20573427553
0.064328,1.21201176577
0.0644763,1.21814586283
0.0646249,1.22412703965
0.0647739,1.2299464429
0.0649232,1.23559593515
0.0650729,1.24106813239
0.0652229,1.24635643739
0.0653732,1.25145506896
0.0655239,1.25635908746
0.065675,1.2610644168
0.0658264,1.26556786308
0.0659781,1.26986713037
0.0661302,1.27396083369
0.0662827,1.27784850963
0.0664354,1.28153062475
0.0665886,1.28500858209
0.0667421,1.2882847259
0.066896,1.29136234486
0.0670502,1.29424567385
0.0672047,1.29693989422
0.0673597,1.29945113271
0.0675149,1.30178645871
0.0676706,1.30395387973
0.0678266,1.30596233469
0.0679829,1.30782168449
0.0681396,1.30954269939
0.0682967,1.31113704217
0.0684542,1.3126172463
0.068612,1.3139966879
0.0687701,1.31528955004
0.0689287,1.31651077808
0.0690876,1.317676024
0.0692468,1.31880157813
0.0694065,1.31990428601
0.0695665,1.3210014482
0.0697268,1.32211070105
0.0698876,1.32324987602
0.0700487,1.32443683572
0.0702101,1.32568928496
0.070372,1.32702455564
0.0705342,1.32845936506
0.0706968,1.33000954815
0.0708598,1.33168976534
0.0710231,1.33351318941
0.0711869,1.33549117612
0.071351,1.3376329257
0.0715154,1.33994514411
0.0716803,1.34243171523
0.0718455,1.34509339708
0.0720112,1.34792755694
0.0721772,1.35092796131
0.0723436,1.35408463721
0.0725103,1.35738382092
0.0726775,1.36080800843
0.072845,1.36433611942
0.0730129,1.36794378202
0.0731813,1.37160374095
0.07335,1.37528638486
0.073519,1.37896038243
0.0736885,1.38259340969
0.0738584,1.38615294487
0.0740287,1.38960710157
0.0741993,1.39292546767
0.0743704,1.39607991555
0.0745418,1.39904534979
0.0747136,1.40180036136
0.0748859,1.40432776244
0.0750585,1.40661498198
0.0752315,1.4086543103
0.075405,1.41044298857
0.0755788,1.41198314669
0.075753,1.41328160032
0.0759276,1.41434952299
0.0761027,1.41520201353
0.0762781,1.41585758162
0.0764539,1.41633757481
0.0766302,1.41666557046
0.0768068,1.416866754
0.0769839,1.41696730295
0.0771614,1.41699379317
0.0773392,1.41697264082
0.0775175,1.41692959054
0.0776962,1.41688925733
0.0778753,1.41687472725
0.0780548,1.41690721945
0.0782348,1.41700581046
0.0784151,1.41718721971
0.0785959,1.41746565423
0.0787771,1.41785270932
0.0789587,1.41835732124
0.0791407,1.41898576744
0.0793231,1.41974170952
0.079506,1.42062627382
0.0796893,1.42163816455
0.079873,1.42277380454
0.0800571,1.42402749857
0.0802417,1.42539161493
0.0804266,1.42685678088
0.080612,1.42841208823
0.0807979,1.43004530576
0.0809841,1.4317430956
0.0811708,1.43349123127
0.0813579,1.43527481552
0.0815455,1.43707849663
0.0817335,1.43888668221
0.0819219,1.44068374995
0.0821107,1.44245425512
0.0823,1.44418313466
0.0824897,1.44585590813
0.0826799,1.44745887556
0.0828705,1.44897931222
0.0830615,1.45040566033
0.083253,1.45172771711
0.0834449,1.45293681856
0.0836373,1.45402601752
0.0838301,1.4549902542
0.0840233,1.45582651678
0.084217,1.45653398875
0.0844112,1.45711417948
0.0846057,1.45757103323
0.0848008,1.45791101197
0.0849963,1.45814314629
0.0851922,1.45827904874
0.0853886,1.45833288383
0.0855854,1.45832128876
0.0857827,1.45826323969
0.0859805,1.45817985867
0.0861787,1.4580941574
0.0863773,1.45803071523
0.0865765,1.45801528997
0.086776,1.45807436188
0.0869761,1.45823461264
0.0871766,1.4585223431
0.0873776,1.45896283537
0.087579,1.45957966658
0.0877809,1.46039398412
0.0879832,1.46142375428
0.088186,1.46268299946
0.0883893,1.46418104322
0.0885931,1.46592178716
0.0887973,1.46790305016
0.089002,1.47011600763
0.0892072,1.47254477561
0.0894128,1.47516619068
0.089619,1.47794983928
0.0898255,1.48085838664
0.0900326,1.48384824385
0.0902402,1.48687059004
0.0904482,1.48987273535
0.0906567,1.49279977231
0.0908657,1.49559642433
0.0910751,1.49820896706
0.0912851,1.50058707955
0.0914955,1.50268548292
0.0917064,1.50446524552
0.0919179,1.50589467289
0.0921297,1.50694974997
0.0923421,1.50761415255
0.092555,1.5078788866
0.0927684,1.50774164119
0.0929822,1.5072059516
0.0931966,1.50628026536
0.0934114,1.50497698944
0.0936267,1.5033115764
0.0938426,1.50130168631
0.0940589,1.49896644169
0.0942757,1.49632577797
0.094493,1.49339988157
0.0947109,1.49020870163
0.0949292,1.48677151945
0.095148,1.48310655998
0.0953674,1.47923063276
0.0955872,1.47515879393
0.0958076,1.4709040272
0.0960284,1.46647694968
0.0962498,1.4618855585
0.0964717,1.45713504778
0.0966941,1.45222774131
0.096917,1.44716320719
0.0971404,1.44193864377
0.0973643,1.43654965319
0.0975888,1.43099154599
0.0978137,1.42526134569
0.0980392,1.41936068033
0.0982652,1.41329975222
0.0984918,1.40710255669
0.0987188,1.40081346327
0.0989464,1.3945051605
0.0991745,1.3882877795
0.0994031,1.38231873396
0.0996322,1.37681243608
0.0998619,1.3720485881
0.100092,1.36837727413
0.100323,1.36621872546
0.100554,1.36605561708
0.100786,1.36841631222
0.101018,1.37384874603
0.101251,1.38288650658
0.101485,1.3960106433
0.101718,1.41361206563
0.101953,1.43595944812
0.102188,1.46317620873
0.102424,1.49522790335
0.10266,1.53191918095
0.102896,1.57289804501
0.103134,1.61766488355
0.103371,1.66558441053
0.10361,1.71589990623
0.103848,1.76775050207
0.104088,1.82019331154
0.104328,1.87223257207
0.104568,1.92285728715
0.104809,1.97108697957
0.105051,2.01602234013
0.105293,2.05689463311
0.105536,2.09310599476
0.105779,2.12425338776
0.106023,2.15013219
0.106267,2.17072015396
0.106512,2.186146892
0.106758,2.19665645193
0.107004,2.20257036387
0.107251,2.20425639062
0.107498,2.20210534065
0.107746,2.19651582532
0.107994,2.18788532836
0.108243,2.17660543168
0.108493,2.16305921802
0.108743,2.1476193947
0.108993,2.13064627724
0.109245,2.11248528026
0.109496,2.09346392616
0.109749,2.07388860137
0.110002,2.05404139413
0.110255,2.03417737359
0.11051,2.01452265627
0.110764,1.99527359811
0.11102,1.9765975317
0.111276,1.9586358046
0.111532,1.94151002971
0.111789,1.92542225096
0.112047,1.91027863398
0.112305,1.89600274795
0.112564,1.88255161696
0.112824,1.86988482792
0.113084,1.85795970104
0.113344,1.84673093271
0.113606,1.83615148983
0.113868,1.82617381728
0.11413,1.81675099912
0.114393,1.80783772851
0.114657,1.79939103879
0.114921,1.79137079713
0.115186,1.78373998663
0.115452,1.77646481366
0.115718,1.76951467967
0.115984,1.76286205494
0.116252,1.75648228676
0.11652,1.75035336907
0.116788,1.74445569439
0.117058,1.73877180382
0.117328,1.73328614558
0.117598,1.72798484945
0.117869,1.72285552055
0.118141,1.71788705459
0.118413,1.71306947427
0.118686,1.70839378625
0.11896,1.70385185683
0.119234,1.69943630461
0.119509,1.69514040821
0.119784,1.69095802684
0.12006,1.68688353225
0.120337,1.68291175018
0.120615,1.67903790994
0.120893,1.67525760095
0.121171,1.67156673505
0.121451,1.66796151378
0.121731,1.66443839979
0.122011,1.66099409189
0.122293,1.657625503
0.122574,1.65432974077
0.122857,1.65110409036
0.12314,1.64794599918
0.123424,1.64485306325
0.123709,1.64182301497
0.123994,1.63885371222
0.12428,1.6359431285
0.124566,1.63308934402
0.124853,1.63029053775
0.125141,1.62754498009
0.12543,1.6248510263
0.125719,1.62220711051
0.126009,1.61961174027
0.126299,1.61706349153
0.12659,1.61456100414
0.126882,1.61210297765
0.127174,1.60968816749
0.127468,1.60731538151
0.127761,1.60498347673
0.128056,1.60269135635
0.128351,1.60043796711
0.128647,1.59822229666
0.128944,1.59604337133
0.129241,1.59390025394
0.129539,1.59179204179
0.129837,1.58971786487
0.130137,1.5876768841
0.130437,1.58566828976
0.130737,1.58369130001
0.131039,1.58174515951
0.131341,1.57982913814
0.131644,1.57794252979
0.131947,1.57608465128
0.132251,1.57425484126
0.132556,1.57245245926
0.132862,1.57067688476
0.133168,1.56892751636
0.133475,1.56720377092
0.133783,1.56550508284
0.134091,1.56383090332
0.1344,1.56218069968
0.13471,1.56055395477
0.135021,1.55895016629
0.135332,1.55736884629
0.135644,1.5558095206
0.135956,1.55427172832
0.13627,1.55275502136
0.136584,1.55125896392
0.136899,1.54978313213
0.137214,1.54832711359
0.137531,1.54689050699
0.137848,1.54547292171
0.138166,1.54407397748
0.138484,1.54269330405
0.138803,1.54133054084
0.139123,1.53998533662
0.139444,1.53865734925
0.139765,1.53734624532
0.140088,1.53605169997
0.140411,1.53477339653
0.140734,1.53351102634
0.141059,1.53226428847
0.141384,1.53103288949
0.14171,1.52981654324
0.142036,1.52861497063
0.142364,1.52742789942
0.142692,1.526255064
0.143021,1.52509620524
0.143351,1.52395107027
0.143681,1.52281941229
0.144012,1.52170099043
0.144344,1.52059556956
0.144677,1.51950292012
0.145011,1.51842281798
0.145345,1.51735504429
0.14568,1.5162993853
0.146016,1.51525563225
0.146352,1.51422358122
0.14669,1.51320303302
0.147028,1.512193793
0.147367,1.511195671
0.147707,1.51020848116
0.148047,1.50923204185
0.148388,1.50826617555
0.14873,1.50731070871
0.149073,1.50636547167
0.149417,1.50543029854
0.149761,1.50450502713
0.150107,1.5035894988
0.150453,1.50268355841
0.150799,1.5017870542
0.151147,1.50089983772
0.151496,1.50002176374
0.151845,1.49915269015
0.152195,1.49829247789
0.152546,1.49744099088
0.152897,1.4965980959
0.15325,1.49576366258
0.153603,1.49493756329
0.153957,1.49411967306
0.154312,1.49330986953
0.154668,1.49250803287
0.155024,1.49171404573
0.155382,1.49092779318
0.15574,1.49014916262
0.156099,1.48937804375
0.156459,1.48861432849
0.156819,1.48785791095
0.157181,1.48710868735
0.157543,1.48636655598
0.157906,1.48563141715
0.15827,1.48490317313
0.158635,1.4841817281
0.159001,1.48346698813
0.159368,1.4827588611
0.159735,1.48205725668
0.160103,1.48136208625
0.160472,1.48067326291
0.160842,1.47999070141
0.161213,1.4793143181
0.161585,1.4786440309
0.161957,1.4779797593
0.16233,1.47732142425
0.162705,1.47666894818
0.16308,1.47602225494
0.163456,1.4753812698
0.163832,1.47474591936
0.16421,1.47411613158
0.164589,1.47349183569
0.164968,1.47287296222
0.165348,1.47225944291
0.16573,1.47165121073
0.166112,1.47104819983
0.166494,1.47045034552
0.166878,1.46985758423
0.167263,1.46926985349
0.167649,1.46868709194
0.168035,1.46810923924
0.168422,1.46753623611
0.168811,1.46696802424
0.1692,1.46640454636
0.16959,1.46584574611
0.169981,1.46529156812
0.170373,1.46474195791
0.170765,1.46419686192
0.171159,1.46365622746
0.171554,1.46312000272
0.171949,1.46258813672
0.172345,1.46206057933
0.172743,1.46153728119
0.173141,1.46101819377
0.17354,1.4605032693
0.17394,1.45999246077
0.174341,1.45948572192
0.174743,1.45898300721
0.175146,1.45848427182
0.17555,1.45798947162
0.175954,1.45749856318
0.17636,1.45701150371
0.176766,1.45652825112
0.177174,1.45604876391
0.177582,1.45557300127
0.177992,1.45510092296
0.178402,1.45463248936
0.178813,1.45416766145
0.179226,1.45370640079
0.179639,1.45324866951
0.180053,1.45279443028
0.180468,1.45234364636
0.180884,1.4518962815
0.181301,1.45145230001
0.181719,1.4510116667
0.182138,1.4505743469
0.182558,1.45014030643
0.182978,1.44970951159
0.1834,1.44928192918
0.183823,1.44885752645
0.184247,1.44843627111
0.184671,1.44801813135
0.185097,1.44760307578
0.185524,1.44719107344
0.185952,1.44678209382
0.18638,1.44637610682
0.18681,1.44597308274
0.187241,1.44557299231
0.187672,1.44517580664
0.188105,1.44478149724
0.188538,1.44439003599
0.188973,1.44400139516
0.189409,1.44361554738
0.189845,1.44323246567
0.190283,1.44285212337
0.190722,1.44247449419
0.191161,1.44209955218
0.191602,1.44172727175
0.192044,1.44135762761
0.192486,1.44099059482
0.19293,1.44062614875
0.193375,1.4402642651
0.193821,1.43990491986
0.194267,1.43954808935
0.194715,1.43919375018
0.195164,1.43884187924
0.195614,1.43849245374
0.196065,1.43814545116
0.196517,1.43780084926
0.19697,1.43745862608
0.197424,1.43711875994
0.197879,1.4367812294
0.198335,1.43644601332
0.198792,1.4361130908
0.199251,1.43578244119
0.19971,1.43545404411
0.20017,1.4351278794
0.200632,1.43480392717
0.201094,1.43448216774
0.201558,1.4341625817
0.202023,1.43384514985
0.202488,1.43352985322
0.202955,1.43321667306
0.203423,1.43290559086
0.203892,1.4325965883
0.204362,1.4322896473
0.204833,1.43198474998
0.205305,1.43168187866
0.205778,1.43138101588
0.206253,1.43108214437
0.206728,1.43078524706
0.207205,1.43049030709
0.207682,1.43019730776
0.208161,1.4299062326
0.208641,1.4296170653
0.209122,1.42932978974
0.209604,1.42904438998
0.210087,1.42876085026
0.210572,1.42847915501
0.211057,1.4281992888
0.211544,1.42792123641
0.212031,1.42764498276
0.21252,1.42737051296
0.21301,1.42709781225
0.213501,1.42682686606
0.213993,1.42655765997
0.214486,1.42629017973
0.214981,1.42602441121
0.215476,1.42576034047
0.215973,1.4254979537
0.216471,1.42523723725
0.21697,1.42497817759
0.21747,1.42472076137
0.217972,1.42446497536
0.218474,1.42421080647
0.218978,1.42395824176
0.219482,1.42370726842
0.219988,1.42345787377
0.220496,1.42321004526
0.221004,1.42296377049
0.221513,1.42271903717
0.222024,1.42247583315
0.222536,1.42223414639
0.223049,1.42199396499
0.223563,1.42175527716
0.224078,1.42151807123
0.224595,1.42128233567
0.225113,1.42104805904
0.225632,1.42081523003
0.226152,1.42058383745
0.226673,1.42035387021
0.227196,1.42012531734
0.227719,1.41989816796
0.228244,1.41967241134
0.22877,1.41944803681
0.229298,1.41922503384
0.229826,1.419003392
0.230356,1.41878310093
0.230887,1.41856415042
0.231419,1.41834653033
0.231953,1.41813023062
0.232488,1.41791524136
0.233024,1.41770155272
0.233561,1.41748915494
0.234099,1.41727803837
0.234639,1.41706819347
0.23518,1.41685961077
0.235722,1.41665228088
0.236265,1.41644619454
0.23681,1.41624134254
0.237356,1.41603771578
0.237903,1.41583530523
0.238451,1.41563410195
0.239001,1.4154340971
0.239552,1.41523528191
0.240104,1.41503764769
0.240658,1.41484118583
0.241213,1.41464588781
0.241769,1.41445174519
0.242326,1.41425874959
0.242885,1.41406689273
0.243444,1.41387616639
0.244006,1.41368656243
0.244568,1.4134980728
0.245132,1.41331068949
0.245697,1.4131244046
0.246263,1.41293921029
0.246831,1.41275509877
0.2474,1.41257206234
0.24797,1.41239009338
0.248542,1.41220918431
0.249115,1.41202932764
0.249689,1.41185051595
0.250265,1.41167274186
0.250842,1.41149599809
0.25142,1.41132027739
0.252,1.41114557261
0.252581,1.41097187663
0.253163,1.41079918242
0.253746,1.41062748299
0.254331,1.41045677143
0.254918,1.41028704088
0.255505,1.41011828454
0.256094,1.40995049567
0.256685,1.40978366759
0.257276,1.40961779368
0.257869,1.40945286737
0.258464,1.40928888217
0.25906,1.4091258316
0.259657,1.40896370929
0.260255,1.40880250888
0.260855,1.40864222408
0.261457,1.40848284867
0.262059,1.40832437647
0.262664,1.40816680134
0.263269,1.40801011721
0.263876,1.40785431805
0.264484,1.40769939789
0.265094,1.4075453508
0.265705,1.40739217091
0.266318,1.4072398524
0.266932,1.40708838948
0.267547,1.40693777643
0.268164,1.40678800757
0.268782,1.40663907727
0.269401,1.40649097993
0.270022,1.40634371002
0.270645,1.40619726203
0.271269,1.40605163053
0.271894,1.4059068101
0.272521,1.40576279538
0.273149,1.40561958106
0.273779,1.40547716186
0.27441,1.40533553254
0.275043,1.40519468793
0.275677,1.40505462286
0.276312,1.40491533225
0.276949,1.40477681101
0.277587,1.40463905414
0.278227,1.40450205663
0.278869,1.40436581356
0.279512,1.40423032002
0.280156,1.40409557113
0.280802,1.40396156209
0.281449,1.40382828808
0.282098,1.40369574438
0.282748,1.40356392625
0.2834,1.40343282904
0.284053,1.40330244809
0.284708,1.4031727788
0.285364,1.40304381662
0.286022,1.40291555701
0.286682,1.40278799546
0.287342,1.40266112753
0.288005,1.40253494879
0.288669,1.40240945484
0.289334,1.40228464133
0.290001,1.40216050392
0.29067,1.40203703834
0.29134,1.40191424033
0.292011,1.40179210565
0.292685,1.40167063012
0.293359,1.40154980957
0.294036,1.40142963988
0.294713,1.40131011695
0.295393,1.40119123671
0.296074,1.40107299512
0.296756,1.40095538819
0.29744,1.40083841192
0.298126,1.40072206239
0.298813,1.40060633567
0.299502,1.40049122788
0.300193,1.40037673516
0.300885,1.40026285368
0.301578,1.40014957965
0.302273,1.40003690928
0.30297,1.39992483884
0.303669,1.39981336462
0.304369,1.39970248291
0.30507,1.39959219007
0.305774,1.39948248246
0.306478,1.39937335647
0.307185,1.39926480851
0.307893,1.39915683505
0.308603,1.39904943253
0.309314,1.39894259747
0.310027,1.39883632639
0.310742,1.39873061583
0.311458,1.39862546237
0.312176,1.3985208626
0.312896,1.39841681315
0.313617,1.39831331066
0.31434,1.3982103518
0.315065,1.39810793328
0.315791,1.3980060518
0.316519,1.3979047041
0.317249,1.39780388697
0.31798,1.39770359717
0.318713,1.39760383153
0.319448,1.39750458688
0.320184,1.39740586007
0.320922,1.39730764798
0.321662,1.39720994752
0.322404,1.3971127556
0.323147,1.39701606917
0.323892,1.39691988519
0.324638,1.39682420066
0.325387,1.39672901258
0.326137,1.39663431797
0.326889,1.3965401139
0.327642,1.39644639742
0.328398,1.39635316564
0.329155,1.39626041565
0.329913,1.3961681446
0.330674,1.39607634963
0.331436,1.39598502791
0.3322,1.39589417663
0.332966,1.39580379301
0.333734,1.39571387427
0.334503,1.39562441765
0.335274,1.39553542043
0.336047,1.39544687988
0.336822,1.39535879332
0.337598,1.39527115807
0.338376,1.39518397145
0.339156,1.39509723084
0.339938,1.39501093361
0.340722,1.39492507715
0.341507,1.39483965888
0.342294,1.39475467622
0.343084,1.39467012661
0.343874,1.39458600753
0.344667,1.39450231645
0.345462,1.39441905087
0.346258,1.3943362083
0.347056,1.39425378627
0.347856,1.39417178234
0.348658,1.39409019406
0.349462,1.39400901901
0.350268,1.39392825479
0.351075,1.39384789902
0.351884,1.39376794931
0.352695,1.39368840331
0.353509,1.39360925868
0.354323,1.39353051309
0.35514,1.39345216423
0.355959,1.39337420981
0.356779,1.39329664754
0.357602,1.39321947516
0.358426,1.39314269042
0.359253,1.39306629108
0.360081,1.39299027492
0.360911,1.39291463973
0.361743,1.39283938332
0.362577,1.39276450351
0.363413,1.39268999814
0.36425,1.39261586504
0.36509,1.3925421021
0.365932,1.39246870718
0.366775,1.39239567817
0.367621,1.39232301297
0.368468,1.39225070951
0.369317,1.39217876572
0.370169,1.39210717953
0.371022,1.39203594891
0.371877,1.39196507183
0.372735,1.39189454626
0.373594,1.3918243702
0.374455,1.39175454166
0.375318,1.39168505867
0.376184,1.39161591925
0.377051,1.39154712145
0.37792,1.39147866333
0.378791,1.39141054295
0.379664,1.3913427584
0.38054,1.39127530778
0.381417,1.39120818919
0.382296,1.39114140075
0.383177,1.39107494058
0.384061,1.39100880683
0.384946,1.39094299765
0.385833,1.39087751121
0.386723,1.39081234568
0.387614,1.39074749925
0.388508,1.39068297011
0.389404,1.39061875648
0.390301,1.39055485657
0.391201,1.39049126862
0.392103,1.39042799086
0.393007,1.39036502156
0.393913,1.39030235897
0.394821,1.39024000137
0.395731,1.39017794704
0.396643,1.39011619427
0.397557,1.39005474138
0.398474,1.38999358668
0.399392,1.38993272849
0.400313,1.38987216516
0.401236,1.38981189501
0.402161,1.38975191642
0.403088,1.38969222775
0.404017,1.38963282737
0.404949,1.38957371367
0.405882,1.38951488504
0.406818,1.3894563399
0.407756,1.38939807664
0.408696,1.3893400937
0.409638,1.38928238951
0.410582,1.38922496251
0.411528,1.38916781116
0.412477,1.38911093391
0.413428,1.38905432924
0.414381,1.38899799562
0.415336,1.38894193154
0.416294,1.3888861355
0.417253,1.388830606
0.418215,1.38877534157
0.419179,1.38872034072
0.420146,1.38866560198
0.421114,1.3886111239
0.422085,1.38855690502
0.423058,1.3885029439
0.424033,1.38844923911
0.425011,1.38839578922
0.42599,1.38834259282
0.426972,1.38828964849
0.427957,1.38823695484
0.428943,1.38818451047
0.429932,1.388132314
0.430923,1.38808036404
0.431917,1.38802865924
0.432912,1.38797719823
0.43391,1.38792597965
0.43491,1.38787500217
0.435913,1.38782426443
0.436918,1.38777376513
0.437925,1.38772350292
0.438935,1.3876734765
0.439946,1.38762368456
0.440961,1.38757412579
0.441977,1.38752479891
0.442996,1.38747570263
0.444017,1.38742683568
0.445041,1.38737819677
0.446067,1.38732978465
0.447095,1.38728159806
0.448126,1.38723363575
0.449159,1.38718589649
0.450194,1.38713837902
0.451232,1.38709108213
0.452272,1.38704400459
0.453315,1.38699714519
0.45436,1.38695050272
0.455407,1.38690407597
0.456457,1.38685786376
0.457509,1.3868118649
0.458564,1.3867660782
0.459621,1.38672050248
0.460681,1.38667513659
0.461743,1.38662997935
0.462807,1.38658502962
0.463874,1.38654028624
0.464943,1.38649574807
0.466015,1.38645141397
0.467089,1.38640728281
0.468166,1.38636335347
0.469245,1.38631962483
0.470327,1.38627609578
0.471411,1.38623276521
0.472498,1.38618963201
0.473587,1.38614669511
0.474679,1.38610395341
0.475773,1.38606140581
0.47687,1.38601905126
0.477969,1.38597688868
0.479071,1.385934917
0.480175,1.38589313517
0.481282,1.38585154213
0.482392,1.38581013683
0.483504,1.38576891823
0.484618,1.3857278853
0.485736,1.38568703699
0.486855,1.3856463723
0.487978,1.38560589019
0.489102,1.38556558965
0.49023,1.38552546968
0.49136,1.38548552927
0.492493,1.38544576741
0.493628,1.38540618312
0.494766,1.3853667754
0.495907,1.38532754328
0.49705,1.38528848577
0.498196,1.38524960191
0.499344,1.38521089073
0.500495,1.38517235125
0.501649,1.38513398253
0.502805,1.3850957836
0.503964,1.38505775354
0.505126,1.38501989138
0.506291,1.3849821962
0.507458,1.38494466705
0.508628,1.38490730302
0.5098,1.38487010317
0.510975,1.38483306659
0.512153,1.38479619236
0.513334,1.38475947958
0.514517,1.38472292734
0.515703,1.38468653474
0.516892,1.38465030088
0.518084,1.38461422488
0.519278,1.38457830583
0.520475,1.38454254288
0.521675,1.38450693513
0.522877,1.38447148171
0.524083,1.38443618175
0.525291,1.3844010344
0.526502,1.38436603879
0.527716,1.38433119405
0.528932,1.38429649935
0.530151,1.38426195384
0.531373,1.38422755667
0.532598,1.384193307
0.533826,1.384159204
0.535057,1.38412524684
0.53629,1.38409143468
0.537526,1.38405776672
0.538766,1.38402424213
0.540008,1.38399086009
0.541252,1.38395761981
0.5425,1.38392452046
0.543751,1.38389156125
0.545004,1.38385874138
0.546261,1.38382606005
0.54752,1.38379351647
0.548782,1.38376110986
0.550047,1.38372883945
0.551315,1.38369670443
0.552586,1.38366470404
0.55386,1.38363283751
0.555137,1.38360110407
0.556416,1.38356950295
0.557699,1.3835380334
0.558985,1.38350669466
0.560273,1.38347548598
0.561565,1.38344440659
0.562859,1.38341345577
0.564157,1.38338263275
0.565457,1.38335193682
0.566761,1.38332136723
0.568067,1.38329092324
0.569377,1.38326060414
0.570689,1.38323040918
0.572005,1.38320033766
0.573324,1.38317038885
0.574645,1.38314056204
0.57597,1.38311085652
0.577298,1.38308127157
0.578629,1.38305180649
0.579962,1.38302246058
0.581299,1.38299323315
0.582639,1.38296412348
0.583983,1.38293513091
0.585329,1.38290625472
0.586678,1.38287749424
0.588031,1.38284884878
0.589386,1.38282031767
0.590745,1.38279190022
0.592107,1.38276359577
0.593471,1.38273540364
0.59484,1.38270732316
0.596211,1.38267935367
0.597585,1.38265149451
0.598963,1.38262374502
0.600344,1.38259610454
0.601728,1.38256857242
0.603115,1.38254114801
0.604505,1.38251383066
0.605898,1.38248661974
0.607295,1.38245951458
0.608695,1.38243251457
0.610098,1.38240561905
0.611505,1.38237882741
0.612914,1.382352139
0.614327,1.3823255532
0.615744,1.38229906939
0.617163,1.38227268694
0.618586,1.38224640524
0.620012,1.38222022367
0.621441,1.3821941416
0.622874,1.38216815843
0.624309,1.38214227356
0.625749,1.38211648637
0.627191,1.38209079626
0.628637,1.38206520264
0.630086,1.38203970489
0.631539,1.38201430243
0.632994,1.38198899465
0.634454,1.38196378098
0.635916,1.38193866082
0.637382,1.38191363359
0.638851,1.38188869868
0.640324,1.38186385555
0.6418,1.38183910359
0.64328,1.38181444223
0.644763,1.3817898709
0.646249,1.38176538902
0.647739,1.38174099604
0.649232,1.38171669136
0.650729,1.38169247444
0.652229,1.38166834471
0.653732,1.38164430162
0.655239,1.38162034459
0.65675,1.38159647307
0.658264,1.38157268651
0.659781,1.38154898436
0.661302,1.38152536607
0.662827,1.3815018311
0.664354,1.38147837889
0.665886,1.38145500888
0.667421,1.38143172058
0.66896,1.38140851341
0.670502,1.38138538685
0.672047,1.38136234034
0.673597,1.38133937339
0.675149,1.38131648543
0.676706,1.38129367596
0.678266,1.38127094443
0.679829,1.38124829032
0.681396,1.38122571311
0.682967,1.38120321229
0.684542,1.38118078732
0.68612,1.38115843771
0.687701,1.38113616291
0.689287,1.38111396244
0.690876,1.38109183577
0.692468,1.38106978239
0.694065,1.3810478018
0.695665,1.38102589349
0.697268,1.38100405695
0.698876,1.38098229168
0.700487,1.38096059719
0.702101,1.38093897297
0.70372,1.38091741852
0.705342,1.38089593337
0.706968,1.380874517
0.708598,1.38085316893
0.710231,1.38083188866
0.711869,1.3808106757
0.71351,1.38078952958
0.715154,1.3807684498
0.716803,1.38074743588
0.718455,1.38072648734
0.720112,1.38070560371
0.721772,1.38068478447
0.723436,1.3806640292
0.725103,1.38064333738
0.726775,1.38062270857
0.72845,1.38060214227
0.730129,1.38058163803
0.731813,1.38056119535
0.7335,1.38054081381
0.73519,1.38052049289
0.736885,1.38050023216
0.738584,1.38048003116
0.740287,1.38045988939
0.741993,1.38043980643
0.743704,1.3804197818
0.745418,1.38039981505
0.747136,1.38037990575
0.748859,1.38036005337
0.750585,1.38034025752
0.752315,1.38032051773
0.75405,1.38030083354
0.755788,1.38028120452
0.75753,1.38026163021
0.759276,1.38024211017
0.761027,1.38022264396
0.762781,1.38020323111
0.764539,1.38018387118
0.766302,1.38016456372
0.768068,1.38014530836
0.769839,1.38012610457
0.771614,1.38010695197
0.773392,1.38008785009
0.775175,1.38006879852
0.776962,1.3800497968
0.778753,1.38003084452
0.780548,1.38001194125
0.782348,1.3799930865
0.784151,1.37997427993
0.785959,1.37995552105
0.787771,1.37993680944
0.789587,1.3799181447
0.791407,1.37989952637
0.793231,1.37988095405
0.79506,1.37986242729
0.796893,1.37984394573
0.79873,1.37982550887
0.800571,1.37980711631
0.802417,1.37978876765
0.804266,1.37977046249
0.80612,1.37975220036
0.807979,1.37973398088
0.809841,1.37971580363
0.811708,1.37969766818
0.813579,1.37967957412
0.815455,1.37966152105
0.817335,1.37964350857
0.819219,1.37962553624
0.821107,1.37960760364
0.823,1.37958971039
0.824897,1.37957185605
0.826799,1.37955404027
0.828705,1.37953626259
0.830615,1.37951852261
0.83253,1.37950081994
0.834449,1.37948315417
0.836373,1.37946552491
0.838301,1.37944793171
0.840233,1.37943037422
0.84217,1.37941285203
0.844112,1.37939536474
0.846057,1.37937791189
0.848008,1.37936049316
0.849963,1.37934310812
0.851922,1.37932575636
0.853886,1.3793084375
0.855854,1.37929115115
0.857827,1.37927389688
0.859805,1.37925667431
0.861787,1.37923948306
0.863773,1.37922232273
0.865765,1.37920519293
0.86776,1.37918809324
0.869761,1.37917102332
0.871766,1.37915398269
0.873776,1.37913697104
0.87579,1.37911998793
0.877809,1.37910303301
0.879832,1.37908610586
0.88186,1.37906920609
0.883893,1.37905233335
0.885931,1.3790354872
0.887973,1.37901866729
0.89002,1.3790018732
0.892072,1.37898510456
0.894128,1.37896836098
0.89619,1.37895164208
0.898255,1.37893494746
0.900326,1.37891827673
0.902402,1.37890162956
0.904482,1.37888500547
0.906567,1.37886840411
0.908657,1.37885182514
0.910751,1.37883526813
0.912851,1.37881873273
0.914955,1.37880221855
0.917064,1.37878572517
0.919179,1.37876925217
0.921297,1.37875279931
0.923421,1.37873636609
0.92555,1.37871995217
0.927684,1.37870355711
0.929822,1.37868718057
0.931966,1.37867082222
0.934114,1.37865448159
0.936267,1.37863815836
0.938426,1.37862185209
0.940589,1.37860556245
0.942757,1.37858928902
0.94493,1.37857303145
0.947109,1.37855678931
0.949292,1.37854056227
0.95148,1.37852434992
0.953674,1.37850815189
0.955872,1.37849196776
0.958076,1.37847579717
0.960284,1.3784596398
0.962498,1.37844349515
0.964717,1.37842736295
0.966941,1.37841124274
0.96917,1.37839513415
0.971404,1.37837903686
0.973643,1.37836295038
0.975888,1.37834687443
0.978137,1.37833080848
0.980392,1.37831475231
0.982652,1.37829870548
0.984918,1.37828266757
0.987188,1.37826663819
0.989464,1.378250617
0.991745,1.37823460361
0.994031,1.37821859755
0.996322,1.37820259858
0.998619,1.37818660618
1.00092,1.37817062002
1.00323,1.3781546397
1.00554,1.37813866488
1.00786,1.37812269509
1.01018,1.37810672995
1.01251,1.37809076915
1.01485,1.37807481219
1.01718,1.37805885876
1.01953,1.37804290846
1.02188,1.37802696085
1.02424,1.37801101557
1.0266,1.37799507222
1.02896,1.3779791304
1.03134,1.37796318971
1.03371,1.37794724977
1.0361,1.37793131014
1.03848,1.3779153705
1.04088,1.37789943036
1.04328,1.37788348938
1.04568,1.37786754719
1.04809,1.37785160326
1.05051,1.37783565728
1.05293,1.37781970887
1.05536,1.37780375749
1.05779,1.37778780295
1.06023,1.37777184463
1.06267,1.37775588224
1.06512,1.37773991535
1.06758,1.37772394353
1.07004,1.37770796635
1.07251,1.37769198346
1.07498,1.37767599441
1.07746,1.37765999878
1.07994,1.37764399612
1.08243,1.37762798603
1.08493,1.37761196816
1.08743,1.37759594198
1.08993,1.37757990708
1.09245,1.37756386308
1.09496,1.37754780959
1.09749,1.377531746
1.10002,1.37751567212
1.10255,1.37749958744
1.1051,1.37748349136
1.10764,1.37746738364
1.1102,1.37745126377
1.11276,1.37743513128
1.11532,1.37741898576
1.11789,1.37740282681
1.12047,1.37738665385
1.12305,1.37737046652
1.12564,1.37735426439
1.12824,1.37733804694
1.13084,1.37732181378
1.13344,1.37730556439
1.13606,1.3772892983
1.13868,1.3772730151
1.1413,1.37725671438
1.14393,1.37724039546
1.14657,1.37722405813
1.14921,1.37720770162
1.15186,1.3771913257
1.15452,1.37717492971
1.15718,1.37715851336
1.15984,1.37714207588
1.16252,1.3771256171
1.1652,1.37710913634
1.16788,1.37709263303
1.17058,1.37707610682
1.17328,1.37705955722
1.17598,1.37704298349
1.17869,1.37702638538
1.18141,1.37700976233
1.18413,1.37699311357
1.18686,1.37697643888
1.1896,1.37695973742
1.19234,1.37694300899
1.19509,1.37692625287
1.19784,1.37690946838
1.2006,1.37689265522
1.20337,1.37687581275
1.20615,1.37685894025
1.20893,1.37684203738
1.21171,1.37682510342
1.21451,1.37680813794
1.21731,1.37679114021
1.22011,1.3767741097
1.22293,1.37675704572
1.22574,1.37673994773
1.22857,1.37672281519
1.2314,1.37670564733
1.23424,1.37668844376
1.23709,1.37667120354
1.23994,1.37665392641
1.2428,1.37663661138
1.24566,1.37661925785
1.24853,1.37660186533
1.25141,1.37658443299
1.2543,1.3765669603
1.25719,1.3765494464
1.26009,1.37653189058
1.26299,1.37651429226
1.2659,1.37649665071
1.26882,1.37647896514
1.27174,1.37646123491
1.27468,1.37644345906
1.27761,1.37642563696
1.28056,1.37640776793
1.28351,1.37638985104
1.28647,1.37637188551
1.28944,1.37635387051
1.29241,1.37633580529
1.29539,1.37631768894
1.29837,1.37629952063
1.30137,1.37628129943
1.30437,1.37626302454
1.30737,1.37624469516
1.31039,1.37622631005
1.31341,1.37620786864
1.31644,1.37618936968
1.31947,1.37617081249
1.32251,1.37615219564
1.32556,1.37613351852
1.32862,1.37611477991
1.33168,1.3760959787
1.33475,1.37607711396
1.33783,1.37605818451
1.34091,1.37603918938
1.344,1.37602012699
1.3471,1.37600099637
1.35021,1.37598179666
1.35332,1.3759625261
1.35644,1.37594318364
1.35956,1.37592376785
1.3627,1.37590427781
1.36584,1.37588471145
1.36899,1.37586506784
1.37214,1.37584534562
1.37531,1.375825543
1.37848,1.37580565847
1.38166,1.37578569033
1.38484,1.37576563738
1.38803,1.3757454973
1.39123,1.37572526892
1.39444,1.37570495044
1.39765,1.37568453944
1.40088,1.37566403464
1.40411,1.37564343358
1.40734,1.37562273466
1.41059,1.37560193523
1.41384,1.37558103327
1.4171,1.37556002687
1.42036,1.37553891304
1.42364,1.37551768965
1.42692,1.37549635422
1.43021,1.37547490366
1.43351,1.3754533353
1.43681,1.37543164645
1.44012,1.37540983386
1.44344,1.37538789389
1.44677,1.37536582404
1.45011,1.37534362013
1.45345,1.37532127866
1.4568,1.37529879545
1.46016,1.37527616677
1.46352,1.37525338831
1.4669,1.37523045522
1.47028,1.37520736269
1.47367,1.37518410566
1.47707,1.37516067898
1.48047,1.37513707699
1.48388,1.37511329312
1.4873,1.37508932116
1.49073,1.37506515478
1.49417,1.37504078669
1.49761,1.37501620936
1.50107,1.37499141456
1.50453,1.37496639395
1.50799,1.37494113874
1.51147,1.37491563943
1.51496,1.374889886
1.51845,1.37486386823
1.52195,1.37483757506
1.52546,1.37481099499
1.52897,1.37478411532
1.5325,1.37475692452
1.53603,1.37472940884
1.53957,1.3747015544
1.54312,1.37467334767
1.54668,1.3746447737
1.55024,1.37461581821
1.55382,1.37458646524
1.5574,1.37455669924
1.56099,1.37452650487
1.56459,1.37449586698
1.56819,1.37446476934
1.57181,1.3744331964
1.57543,1.37440113418
1.57906,1.37436856721
1.5827,1.37433548262
1.58635,1.37430186743
1.59001,1.37426771065
1.59368,1.37423300194
1.59735,1.37419773356
1.60103,1.37416189879
1.60472,1.37412549518
1.60842,1.37408852042
1.61213,1.37405097751
1.61585,1.37401287123
1.61957,1.3739742106
1.6233,1.37393500929
1.62705,1.37389528448
1.6308,1.37385505784
1.63456,1.37381435734
1.63832,1.37377321557
1.6421,1.37373167045
1.64589,1.37368976538
1.64968,1.37364755154
1.65348,1.37360508493
1.6573,1.3735624283
1.66112,1.37351965101
1.66494,1.3734768282
1.66878,1.37343404284
1.67263,1.37339138273
1.67649,1.37334894331
1.68035,1.37330682488
1.68422,1.37326513391
1.68811,1.37322398228
1.692,1.37318348607
1.6959,1.37314376644
1.69981,1.37310494719
1.70373,1.37306715636
1.70765,1.37303052288
1.71159,1.37299517868
1.71554,1.37296125458
1.71949,1.37292888189
1.72345,1.37289819087
1.72743,1.37286930916
1.73141,1.37284236066
1.7354,1.3728174652
1.7394,1.37279473702
1.74341,1.37277428484
1.74743,1.37275620853
1.75146,1.37274060037
1.7555,1.37272754185
1.75954,1.37271710691
1.7636,1.37270935407
1.76766,1.37270433327
1.77174,1.37270208076
1.77582,1.3727026197
1.77992,1.37270595774
1.78402,1.37271209115
1.78813,1.37272099888
1.79226,1.37273264706
1.79639,1.37274698624
1.80053,1.37276395356
1.80468,1.37278346962
1.80884,1.3728054428
1.81301,1.37282976571
1.81719,1.37285631924
1.82138,1.37288497238
1.82558,1.37291557993
1.82978,1.37294798798
1.834,1.37298203231
1.83823,1.3730175388
1.84247,1.37305432478
1.84671,1.37309220308
1.85097,1.37313097967
1.85524,1.37317045654
1.85952,1.37321043343
1.8638,1.37325070497
1.8681,1.37329107058
1.87241,1.37333132532
1.87672,1.37337126944
1.88105,1.3734107052
1.88538,1.37344943884
1.88973,1.37348728312
1.89409,1.37352405593
1.89845,1.37355958327
1.90283,1.37359369897
1.90722,1.37362624691
1.91161,1.37365707903
1.91602,1.37368605897
1.92044,1.37371305968
1.92486,1.373737968
1.9293,1.3737606804
1.93375,1.3737811052
1.93821,1.37379916353
1.94267,1.37381478824
1.94715,1.3738279252
1.95164,1.3738385292
1.95614,1.37384657078
1.96065,1.37385202907
1.96517,1.37385489525
1.9697,1.37385517002
1.97424,1.37385286655
1.97879,1.37384800595
1.98335,1.37384061832
1.98792,1.37383074426
1.99251,1.37381842947
1.9971,1.37380372896
2.0017,1.37378670471
2.00632,1.3737674217
2.01094,1.3737459549
2.01558,1.37372237951
2.02023,1.37369677697
2.02488,1.373669231
2.02955,1.37363982847
2.03423,1.37360865932
2.03892,1.37357581273
2.04362,1.37354138074
2.04833,1.3735054543
2.05305,1.37346812572
2.05778,1.37342948567
2.06253,1.37338962276
2.06728,1.37334862692
2.07205,1.37330658403
2.07682,1.37326357916
2.08161,1.37321969333
2.08641,1.37317500762
2.09122,1.37312959675
2.09604,1.37308353504
2.10087,1.37303689284
2.10572,1.37298973603
2.11057,1.37294212966
2.11544,1.37289413331
2.12031,1.37284580269
2.1252,1.37279719246
2.1301,1.37274835063
2.13501,1.37269932322
2.13993,1.37265015306
2.14486,1.37260087897
2.14981,1.37255153796
2.15476,1.3725021635
2.15973,1.37245278233
2.16471,1.37240342368
2.1697,1.37235410961
2.1747,1.37230486252
2.17972,1.37225570098
2.18474,1.37220664066
2.18978,1.37215769578
2.19482,1.37210887761
2.19988,1.37206019596
2.20496,1.37201165918
2.21004,1.37196327188
2.21513,1.37191503849
2.22024,1.37186696366
2.22536,1.3718190469
2.23049,1.37177128931
2.23563,1.37172368989
2.24078,1.37167624668
2.24595,1.37162895541
2.25113,1.37158181544
2.25632,1.3715348208
2.26152,1.37148796515
2.26673,1.37144124334
2.27196,1.37139465057
2.27719,1.37134818148
2.28244,1.37130182525
2.2877,1.37125557689
2.29298,1.37120942982
2.29826,1.37116337529
2.30356,1.37111740678
2.30887,1.37107151433
2.31419,1.37102569368
2.31953,1.37097993214
2.32488,1.37093422712
2.33024,1.37088856617
2.33561,1.37084294698
2.34099,1.3707973555
2.34639,1.37075179065
2.3518,1.37070623941
2.35722,1.37066069789
2.36265,1.37061515997
2.3681,1.3705696137
2.37356,1.37052405819
2.37903,1.37047848331
2.38451,1.37043288242
2.39001,1.37038725227
2.39552,1.37034158242
2.40104,1.37029586948
2.40658,1.37025011007
2.41213,1.37020429391
2.41769,1.37015841805
2.42326,1.37011247645
2.42885,1.37006646484
2.43444,1.37002037636
2.44006,1.36997420729
2.44568,1.36992795644
2.45132,1.36988161235
2.45697,1.36983517617
2.46263,1.36978864237
2.46831,1.36974200593
2.474,1.36969526186
2.4797,1.36964840901
2.48542,1.36960144195
2.49115,1.36955435613
2.49689,1.36950714957
2.50265,1.36945981946
2.50842,1.36941236224
2.5142,1.36936477205
2.52,1.36931704875
2.52581,1.36926918627
2.53163,1.36922118403
2.53746,1.36917304069
2.54331,1.36912474898
2.54918,1.3690763081
2.55505,1.36902771533
2.56094,1.36897896833
2.56685,1.36893006278
2.57276,1.36888100121
2.57869,1.36883177465
2.58464,1.36878238338
2.5906,1.36873282521
2.59657,1.36868309708
2.60255,1.36863319877
2.60855,1.36858312456
2.61457,1.36853287402
2.62059,1.36848244611
2.62664,1.3684318355
2.63269,1.36838104457
2.63876,1.36833006581
2.64484,1.36827890017
2.65094,1.36822754611
2.65705,1.36817599987
2.66318,1.36812426061
2.66932,1.36807232524
2.67547,1.36802019114
2.68164,1.36796785663
2.68782,1.36791532333
2.69401,1.36786258191
2.70022,1.36780963782
2.70645,1.36775648535
2.71269,1.36770312221
2.71894,1.36764954949
2.72521,1.36759576471
2.73149,1.36754176099
2.73779,1.36748754013
2.7441,1.36743309835
2.75043,1.36737843886
2.75677,1.36732355506
2.76312,1.36726844597
2.76949,1.36721310911
2.77587,1.36715754301
2.78227,1.3671017502
2.78869,1.36704572142
2.79512,1.3669894563
2.80156,1.36693295426
2.80802,1.36687621599
2.81449,1.36681923524
2.82098,1.36676201266
2.82748,1.36670454487
2.834,1.36664682946
2.84053,1.36658886795
2.84708,1.36653065473
2.85364,1.36647218836
2.86022,1.36641346632
2.86682,1.36635449004
2.87342,1.36629525302
2.88005,1.3662357553
2.88669,1.36617599306
2.89334,1.36611596681
2.90001,1.36605567385
2.9067,1.36599511013
2.9134,1.36593427173
2.92011,1.3658731593
2.92685,1.36581177287
2.93359,1.36575010503
2.94036,1.36568815511
2.94713,1.36562592513
2.95393,1.36556340118
2.96074,1.36550059938
2.96756,1.36543749316
2.9744,1.36537410258
2.98126,1.36531040707
2.98813,1.36524641502
2.99502,1.36518211615
3.00193,1.36511751174
3.00885,1.36505260047
3.01578,1.36498737226
3.02273,1.36492182854
3.0297,1.36485596959
3.03669,1.36478978297
3.04369,1.36472327019
3.0507,1.36465642231
3.05774,1.3645892453
3.06478,1.36452172309
3.07185,1.36445385651
3.07893,1.36438563922
3.08603,1.36431707032
3.09314,1.36424813357
3.10027,1.36417883903
3.10742,1.36410915836
3.11458,1.36403910641
3.12176,1.36396866085
3.12896,1.36389782634
3.13617,1.3638265818
3.1434,1.36375492819
3.15065,1.36368284185
3.15791,1.36361032184
3.16519,1.36353735031
3.17249,1.36346391823
3.1798,1.36339000248
3.18713,1.36331558776
3.19448,1.3632406546
3.20184,1.3631651754
3.20922,1.36308912958
3.21662,1.36301247308
3.22404,1.36293517989
3.23147,1.36285720703
3.23892,1.36277849356
3.24638,1.36269897547
3.25387,1.36261857954
3.26137,1.36253720592
3.26889,1.36245472248
3.27642,1.36237096973
3.28398,1.36228571591
3.29155,1.36219864683
3.29913,1.36210926968
3.30674,1.36201680038
3.31436,1.36191991924
3.322,1.36181661304
3.32966,1.36170467008
3.33734,1.36158390014
3.34503,1.36146023598
3.35274,1.3613484997
3.36047,1.36126731563
3.36822,1.36122432148
3.37598,1.36120306915
3.38376,1.36116919367
3.39156,1.36109828425
3.39938,1.3610024122
3.40722,1.36092708312
3.41507,1.36091526731
3.42294,1.36096770625
3.43084,1.36103618402
3.43874,1.36105711261
3.44667,1.36099361548
3.45462,1.36085049777
3.46258,1.36065919146
3.47056,1.36045813309
3.47856,1.36028627769
3.48658,1.36018190405
3.49462,1.36017018254
3.50268,1.36024174774
3.51075,1.36034640693
3.51884,1.36041750823
3.52695,1.36041074349
3.53509,1.3603241157
3.54323,1.36018664003
3.5514,1.36003247196
3.55959,1.35988346866
3.56779,1.359747113
3.57602,1.35962246808
3.58426,1.35950616469
3.59253,1.3593952524
3.60081,1.35928776624
3.60911,1.35918255102
3.61743,1.35907887624
3.62577,1.35897629588
3.63413,1.35887447974
3.6425,1.35877318899
3.6509,1.35867225464
3.65932,1.35857155285
3.66775,1.35847096949
3.67621,1.3583704312
3.68468,1.35826985979
3.69317,1.35816918513
3.70169,1.35806838863
3.71022,1.35796741598
3.71877,1.35786623447
3.72735,1.35776480109
3.73594,1.3576631111
3.74455,1.35756112478
3.75318,1.3574588401
3.76184,1.35735622969
3.77051,1.35725326086
3.7792,1.35714995022
3.78791,1.35704626641
3.79664,1.35694219434
3.8054,1.35683773923
3.81417,1.35673286622
3.82296,1.35662758817
3.83177,1.3565218874
3.84061,1.35641577536
3.84946,1.35630920157
3.85833,1.35620220407
3.86723,1.35609473496
3.87614,1.35598681117
3.88508,1.35587843417
3.89404,1.35576959006
3.90301,1.35566026423
3.91201,1.35555046041
3.92103,1.35544016965
3.93007,1.3553293999
3.93913,1.35521811308
3.94821,1.35510633024
3.95731,1.35499404599
3.96643,1.35488125065
3.97557,1.35476794832
3.98474,1.35465411204
3.99392,1.35453976601
4.00313,1.35442489121
4.01236,1.35430947668
4.02161,1.3541935346
4.03088,1.35407705321
4.04017,1.35396001328
4.04949,1.35384243538
4.05882,1.3537243142
4.06818,1.35360562319
4.07756,1.35348638567
4.08696,1.35336657316
4.09638,1.35324619252
4.10582,1.35312525865
4.11528,1.35300373481
4.12477,1.35288164019
4.13428,1.35275896097
4.14381,1.35263568763
4.15336,1.3525118349
4.16294,1.35238737819
4.17253,1.35226233272
4.18215,1.35213669058
4.19179,1.35201043804
4.20146,1.35188357177
4.21114,1.3517561027
4.22085,1.35162801074
4.23058,1.35149930357
4.24033,1.35136996657
4.25011,1.35124000683
4.2599,1.35110942388
4.26972,1.35097819598
4.27957,1.35084633843
4.28943,1.35071383582
4.29932,1.35058067308
4.30923,1.35044688305
4.31917,1.35031242737
4.32912,1.35017732233
4.3391,1.35004154778
4.3491,1.34990511609
4.35913,1.34976800991
4.36918,1.34963021214
4.37925,1.34949177457
4.38935,1.34935264363
4.39946,1.34921281721
4.40961,1.34907230915
4.41977,1.34893110315
4.42996,1.34878920932
4.44017,1.3486466155
4.45041,1.34850330917
4.46067,1.34835929372
4.47095,1.34821456615
4.48126,1.34806914178
4.49159,1.34792297193
4.50194,1.34777608166
4.51232,1.34762847564
4.52272,1.34748012023
4.53315,1.3473310497
4.5436,1.34718121209
4.55407,1.3470306423
4.56457,1.34687931104
4.57509,1.34672723624
4.58564,1.34657441736
4.59621,1.34642081139
4.60681,1.34626644208
4.61743,1.34611130311
4.62807,1.34595541136
4.63874,1.34579870025
4.64943,1.34564122746
4.66015,1.34548296437
4.67089,1.345323917
4.68166,1.3451640456
4.69245,1.34500337808
4.70327,1.3448419228
4.71411,1.3446796307
4.72498,1.34451655483
4.73587,1.34435261023
4.74679,1.3441879042
4.75773,1.34402230123
4.7687,1.34385588561
4.77969,1.3436886553
4.79071,1.34352057892
4.80175,1.34335159475
4.81282,1.34318181289
4.82392,1.34301114812
4.83504,1.34283964387
4.84618,1.34266723118
4.85736,1.34249398129
4.86855,1.34231982899
4.87978,1.34214478634
4.89102,1.34196886049
4.9023,1.34179204029
4.9136,1.34161436741
4.92493,1.34143574769
4.93628,1.34125620652
4.94766,1.34107576541
4.95907,1.34089439898
4.9705,1.34071209212
4.98196,1.34052886762
4.99344,1.34034471867
5.00495,1.34015961522
5.01649,1.33997355043
5.02805,1.33978654255
5.03964,1.33959862018
5.05126,1.33940968446
5.06291,1.3392197724
5.07458,1.33902891903
5.08628,1.33883706133
5.098,1.33864423697
5.10975,1.33845040147
5.12153,1.33825557581
5.13334,1.33805973114
5.14517,1.33786289617
5.15703,1.33766504331
5.16892,1.33746616417
5.18084,1.33726625916
5.19278,1.33706529036
5.20475,1.33686332745
5.21675,1.33666028427
5.22877,1.33645624413
5.24083,1.33625110092
5.25291,1.33604488865
5.26502,1.33583761697
5.27716,1.33562925279
5.28932,1.33541982759
5.30151,1.33520930057
5.31373,1.33499768971
5.32598,1.33478499615
5.33826,1.3345711121
5.35057,1.33435620214
5.3629,1.33414010277
5.37526,1.33392295604
5.38766,1.33370458352
5.40008,1.3334850918
5.41252,1.33326449802
5.425,1.33304269226
5.43751,1.33281975934
5.45004,1.33259563331
5.46261,1.33237037894
5.4752,1.33214389176
5.48782,1.3319161973
5.50047,1.33168734944
5.51315,1.33145725998
5.52586,1.33122594065
5.5386,1.33099346377
5.55137,1.33075975804
5.56416,1.33052479232
5.57699,1.33028853631
5.58985,1.33005109801
5.60273,1.32981238214
5.61565,1.32957238074
5.62859,1.32933111031
5.64157,1.32908861009
5.65457,1.32884477453
5.66761,1.32859960554
5.68067,1.32835322107
5.69377,1.32810547759
5.70689,1.32785639332
5.72005,1.32760599263
5.73324,1.32735426701
5.74645,1.32710117584
5.7597,1.32684673903
5.77298,1.32659101962
5.78629,1.32633383205
5.79962,1.3260752935
5.81299,1.32581532033
5.82639,1.32555400178
5.83983,1.32529127903
5.85329,1.32502714338
5.86678,1.32476158606
5.88031,1.32449459822
5.89386,1.32422617095
5.90745,1.32395629529
5.92107,1.3236849622
5.93471,1.32341216256
5.9484,1.32313788722
5.96211,1.32286212693
5.97585,1.32258487238
5.98963,1.3223061142
6.00344,1.32202584293
6.01728,1.32174404906
6.03115,1.321460723
6.04505,1.32117585508
6.05898,1.32088943559
6.07295,1.32060145471
6.08695,1.32031190256
6.10098,1.3200207692
6.11505,1.31972804459
6.12914,1.31943371865
6.14327,1.31913778119
6.15744,1.31884022195
6.17163,1.31854103062
6.18586,1.31824019679
6.20012,1.31793770997
6.21441,1.3176335596
6.22874,1.31732773503
6.24309,1.31702022556
6.25749,1.31671102038
6.27191,1.3164001086
6.28637,1.31608747926
6.30086,1.31577312132
6.31539,1.31545702365
6.32994,1.31513917503
6.34454,1.31481956418
6.35916,1.3144981797
6.37382,1.31417501013
6.38851,1.31385004393
6.40324,1.31352326944
6.418,1.31319467495
6.4328,1.31286424864
6.44763,1.3125319786
6.46249,1.31219785284
6.47739,1.31186185928
6.49232,1.31152398575
6.50729,1.31118421997
6.52229,1.31084254959
6.53732,1.31049896216
6.55239,1.31015344514
6.5675,1.30980598588
6.58264,1.30945657164
6.59781,1.3091051896
6.61302,1.30875182684
6.62827,1.30839647031
6.64354,1.30803910691
6.65886,1.30767972341
6.67421,1.30731830648
6.6896,1.3069548427
6.70502,1.30658931855
6.72047,1.30622172041
6.73597,1.30585203453
6.75149,1.30548024709
6.76706,1.30510634415
6.78266,1.30473031166
6.79829,1.30435213547
6.81396,1.30397180132
6.82967,1.30358929485
6.84542,1.30320460159
6.8612,1.30281770693
6.87701,1.3024285962
6.89287,1.30203725457
6.90876,1.30164366712
6.92468,1.30124781883
6.94065,1.30084969454
6.95665,1.30044927897
6.97268,1.30004655676
6.98876,1.2996415124
7.00487,1.29923413026
7.02101,1.29882439461
7.0372,1.29841228959
7.05342,1.29799779921
7.06968,1.29758090737
7.08598,1.29716159783
7.10231,1.29673985425
7.11869,1.29631566013
7.1351,1.29588899887
7.15154,1.29545985372
7.16803,1.29502820783
7.18455,1.29459404418
7.20112,1.29415734565
7.21772,1.29371809497
7.23436,1.29327627474
7.25103,1.29283186741
7.26775,1.29238485531
7.2845,1.29193522063
7.30129,1.29148294541
7.31813,1.29102801155
7.335,1.29057040081
7.3519,1.29011009481
7.36885,1.28964707502
7.38584,1.28918132275
7.40287,1.28871281917
7.41993,1.28824154531
7.43704,1.28776748204
7.45418,1.28729061006
7.47136,1.28681090995
7.48859,1.28632836209
7.50585,1.28584294674
7.52315,1.28535464397
7.5405,1.2848634337
7.55788,1.2843692957
7.5753,1.28387220954
7.59276,1.28337215465
7.61027,1.28286911029
7.62781,1.28236305553
7.64539,1.28185396928
7.66302,1.28134183027
7.68068,1.28082661705
7.69839,1.280308308
7.71614,1.27978688131
7.73392,1.279262315
7.75175,1.27873458687
7.76962,1.27820367456
7.78753,1.27766955552
7.80548,1.277132207
7.82348,1.27659160605
7.84151,1.27604772953
7.85959,1.2755005541
7.87771,1.27495005621
7.89587,1.27439621211
7.91407,1.27383899784
7.93231,1.27327838924
7.9506,1.27271436192
7.96893,1.27214689129
7.9873,1.27157595252
8.00571,1.27100152059
8.02417,1.27042357024
8.04266,1.26984207596
8.0612,1.26925701206
8.07979,1.26866835256
8.09841,1.26807607129
8.11708,1.26748014182
8.13579,1.26688053749
8.15455,1.26627723136
8.17335,1.26567019628
8.19219,1.26505940483
8.21107,1.26444482934
8.23,1.26382644187
8.24897,1.26320421423
8.26799,1.26257811794
8.28705,1.26194812429
8.30615,1.26131420425
8.3253,1.26067632854
8.34449,1.26003446759
8.36373,1.25938859154
8.38301,1.25873867025
8.40233,1.25808467327
8.4217,1.25742656987
8.44112,1.25676432899
8.46057,1.25609791929
8.48008,1.25542730911
8.49963,1.25475246646
8.51922,1.25407335904
8.53886,1.25338995423
8.55854,1.25270221906
8.57827,1.25201012023
8.59805,1.25131362412
8.61787,1.25061269673
8.63773,1.24990730374
8.65765,1.24919741046
8.6776,1.24848298182
8.69761,1.24776398241
8.71766,1.24704037643
8.73776,1.24631212772
8.7579,1.2455791997
8.77809,1.24484155544
8.79832,1.24409915759
8.8186,1.24335196839
8.83893,1.24259994969
8.85931,1.24184306291
8.87973,1.24108126906
8.9002,1.24031452871
8.92072,1.23954280199
8.94128,1.2387660486
8.9619,1.23798422779
8.98255,1.23719729834
9.00326,1.23640521857
9.02402,1.23560794634
9.04482,1.23480543901
9.06567,1.23399765347
9.08657,1.23318454611
9.10751,1.23236607281
9.12851,1.23154218895
9.14955,1.23071284938
9.17064,1.22987800842
9.19179,1.22903761985
9.21297,1.22819163693
9.23421,1.22734001233
9.2555,1.22648269818
9.27684,1.22561964601
9.29822,1.2247508068
9.31966,1.22387613091
9.34114,1.22299556811
9.36267,1.22210906754
9.38426,1.22121657774
9.40589,1.22031804659
9.42757,1.21941342134
9.4493,1.21850264857
9.47109,1.21758567422
9.49292,1.21666244351
9.5148,1.215732901
9.53674,1.21479699053
9.55872,1.21385465523
9.58076,1.21290583749
9.60284,1.21195047898
9.62498,1.21098852059
9.64717,1.21001990246
9.66941,1.20904456395
9.6917,1.20806244361
9.71404,1.20707347919
9.73643,1.2060776076
9.75888,1.20507476494
9.78137,1.20406488643
9.80392,1.20304790642
9.82652,1.20202375839
9.84918,1.2009923749
9.87188,1.1999536876
9.89464,1.19890762721
9.91745,1.19785412349
9.94031,1.19679310521
9.96322,1.19572450018
9.98619,1.19464823517
10.0092,1.19356423597
10.0323,1.19247242727
10.0554,1.19137273271
10.0786,1.19026507487
10.1018,1.18914937519
10.1251,1.18802555398
10.1485,1.18689353041
10.1718,1.18575322247
10.1953,1.18460454697
10.2188,1.18344741946
10.2424,1.18228175427
10.266,1.18110746447
10.2896,1.1799244618
10.3134,1.17873265671
10.3371,1.17753195829
10.361,1.17632227423
10.3848,1.17510351086
10.4088,1.17387557305
10.4328,1.1726383642
10.4568,1.17139178623
10.4809,1.17013573953
10.5051,1.16887012294
10.5293,1.1675948337
10.5536,1.16630976744
10.5779,1.16501481812
10.6023,1.163709878
10.6267,1.16239483764
10.6512,1.1610695858
10.6758,1.15973400945
10.7004,1.15838799372
10.7251,1.15703142184
10.7498,1.15566417512
10.7746,1.15428613289
10.7994,1.15289717249
10.8243,1.15149716918
10.8493,1.15008599611
10.8743,1.1486635243
10.8993,1.14722962255
10.9245,1.1457841574
10.9496,1.1443269931
10.9749,1.14285799154
11.0002,1.1413770122
11.0255,1.13988391208
11.051,1.13837854566
11.0764,1.13686076484
11.102,1.13533041886
11.1276,1.13378735427
11.1532,1.13223141482
11.1789,1.13066244145
11.2047,1.12908027216
11.2305,1.12748474201
11.2564,1.12587568299
11.2824,1.12425292395
11.3084,1.12261629057
11.3344,1.12096560524
11.3606,1.11930068699
11.3868,1.11762135142
11.413,1.1159274106
11.4393,1.11421867299
11.4657,1.11249494335
11.4921,1.11075602266
11.5186,1.10900170799
11.5452,1.10723179246
11.5718,1.10544606507
11.5984,1.10364431068
11.6252,1.10182630982
11.652,1.09999183867
11.6788,1.09814066886
11.7058,1.09627256744
11.7328,1.09438729669
11.7598,1.09248461406
11.7869,1.09056427202
11.8141,1.08862601793
11.8413,1.08666959393
11.8686,1.08469473677
11.896,1.08270117772
11.9234,1.08068864243
11.9509,1.07865685072
11.9784,1.07660551651
12.006,1.07453434765
12.0337,1.07244304572
12.0615,1.07033130592
12.0893,1.06819881691
12.1171,1.06604526061
12.1451,1.06387031203
12.1731,1.06167363912
12.2011,1.05945490258
12.2293,1.05721375567
12.2574,1.054949844
12.2857,1.05266280536
12.314,1.05035226953
12.3424,1.04801785803
12.3709,1.04565918394
12.3994,1.04327585166
12.428,1.04086745673
12.4566,1.03843358553
12.4853,1.03597381511
12.5141,1.03348771289
12.543,1.03097483645
12.5719,1.02843473325
12.6009,1.02586694037
12.6299,1.02327098424
12.659,1.02064638033
12.6882,1.01799263291
12.7174,1.01530923471
12.7468,1.01259566659
12.7761,1.00985139729
12.8056,1.00707588304
12.8351,1.00426856724
12.8647,1.00142888009
12.8944,0.998556238252
12.9241,0.995650044459
12.9539,0.992709687112
12.9837,0.989734539888
13.0137,0.986723961313
13.0437,0.983677294324
13.0737,0.980593865822
13.1039,0.977472986192
13.1341,0.974313948818
13.1644,0.97111602957
13.1947,0.967878486275
13.2251,0.964600558163
13.2556,0.961281465287
13.2862,0.957920407923
13.3168,0.95451656594
13.3475,0.951069098142
13.3783,0.94757714158
13.4091,0.944039810832
13.44,0.940456197246
13.471,0.936825368151
13.5021,0.933146366027
13.5332,0.929418207629
13.5644,0.925639883076
13.5956,0.921810354881
13.627,0.917928556943
13.6584,0.91399339347
13.6899,0.91000373786
13.7214,0.905958431504
13.7531,0.901856282536
13.7848,0.897696064504
13.8166,0.893476514967
13.8484,0.889196334006
13.8803,0.884854182658
13.9123,0.880448681239
13.9444,0.875978407582
13.9765,0.871441895156
14.0088,0.866837631068
14.0411,0.862164053944
14.0734,0.857419551667
14.1059,0.852602458976
14.1384,0.847711054899
14.171,0.842743560023
14.2036,0.83769813357
14.2364,0.832572870287
14.2692,0.827365797111
14.3021,0.822074869595
14.3351,0.816697968107
14.3681,0.811232893723
14.4012,0.805677363854
14.4344,0.800029007532
14.4677,0.794285360353
14.5011,0.788443859053
14.5345,0.782501835654
14.568,0.776456511181
14.6016,0.770304988887
14.6352,0.764044246953
14.669,0.757671130614
14.7028,0.751182343663
14.7367,0.744574439283
14.7707,0.737843810138
14.8047,0.730986677664
14.8388,0.723999080515
14.873,0.716876862044
14.9073,0.709615656799
14.9417,0.70221087592
14.9761,0.694657691375
15.0107,0.686951018947
15.0453,0.679085499913
15.0799,0.671055481345
15.1147,0.662854994983
15.1496,0.654477734676
15.1845,0.645917032392
15.2195,0.637165832919
15.2546,0.628216667406
15.2897,0.61906162608
15.325,0.609692330641
15.3603,0.600099907136
15.3957,0.590274960489
15.4312,0.580207552451
15.4668,0.569887185507
15.5024,0.559302796474
15.5382,0.54844276508
15.574,0.537294945188
15.6099,0.525846729591
15.6459,0.514085163997
15.6819,0.501997132467
15.7181,0.489569645957
15.7543,0.476790278754
15.7906,0.463647815733
15.827,0.450133197675
15.8635,0.436240883211
15.9001,0.421970782857
15.9368,0.407330957007
15.9735,0.39234128844
16.0103,0.37703830253
16.0472,0.361481142818
16.0842,0.345758302282
16.1213,0.329993937979
16.1585,0.314351455003
16.1957,0.29903092581
16.233,0.284256870392
16.2705,0.270255359368
16.308,0.257224511263
16.3456,0.245307479767
16.3832,0.234577483504
16.421,0.225038910968
16.4589,0.216641130045
16.4968,0.209297681995
16.5348,0.202904360821
16.573,0.197352828823
16.6112,0.192539231367
16.6494,0.188368742513
16.6878,0.18475733992
16.7263,0.181631927295
16.7649,0.178929593068
16.8035,0.176596497743
16.8422,0.174586669619
16.8811,0.172860852798
16.92,0.171385471619
16.959,0.170131731739
16.9981,0.169074855749
17.0373,0.16819344106
17.0765,0.167468924221
17.1159,0.16688513559
17.1554,0.166427929591
17.1949,0.16608487763
17.2345,0.165845012736
17.2743,0.165698616806
17.3141,0.16563704293
17.354,0.165652566645
17.394,0.165738261106
17.4341,0.16588789206
17.4743,0.166095829315
17.5146,0.166356971965
17.555,0.166666685176
17.5954,0.16702074671
17.636,0.167415301712
17.6766,0.167846824545
17.7174,0.16831208668
17.7582,0.168808129809
17.7992,0.169332243537
17.8402,0.169881947058
17.8813,0.170454974388
17.9226,0.171049262762
17.9639,0.171662943884
18.0053,0.172294337768
18.0468,0.17294194895
18.0884,0.173604464891
18.1301,0.174280756415
18.1719,0.174969880039
18.2138,0.175671082081
18.2558,0.176383804435
18.2978,0.177107691912
18.34,0.177842601043
18.3823,0.178588610236
18.4247,0.179346031201
18.4671,0.180115421509
18.5097,0.180897598173
18.5524,0.181693652122
18.5952,0.182504963408
18.638,0.183333216991
18.681,0.184180418933
18.7241,0.185048912777
18.7672,0.18594139593
18.8105,0.186860935793
18.8538,0.187810985406
18.8973,0.188795398331
18.9409,0.189818442499
18.9845,0.190884812729
19.0283,0.191999641611
19.0722,0.19316850845
19.1161,0.194397445945
19.1602,0.195692944306
19.2044,0.197061952471
19.2486,0.198511876154
19.293,0.200050572399
19.3375,0.201686340384
19.3821,0.203427908224
19.4267,0.205284415521
19.4715,0.20726539148
19.5164,0.209380728406
19.5614,0.211640650429
19.6065,0.214055677373
19.6517,0.216636583654
19.697,0.219394352188
19.7424,0.222340123264
19.7879,0.2254851384
19.8335,0.228840679187
19.8792,0.232418001176
19.9251,0.236228262853
19.971,0.240282449775
20.017,0.244591293976
20.0632,0.249165188817
20.1094,0.254014099558
20.1558,0.259147470203
20.2023,0.264574127517
20.2488,0.270302183845
20.2955,0.276338941433
20.3423,0.282690802688
20.3892,0.289363193363
20.4362,0.296360509386
20.4833,0.303686103237
20.5305,0.31134233276
20.5778,0.319330704272
20.6253,0.327652152966
20.6728,0.336307516418
20.7205,0.345298271031
20.7682,0.35462761465
20.8161,0.364301989296
20.8641,0.374333142309
20.9122,0.384740817798
20.9604,0.39555614785
21.0087,0.406825768776
21.0572,0.418616617143
21.1057,0.431021260827
21.1544,0.444163493734
21.2031,0.458203777246
21.252,0.473343962927
21.301,0.489830603815
21.3501,0.507956085967
21.3993,0.528056819034
21.4486,0.550507839064
21.4981,0.575713407167
21.5476,0.60409352062
21.5973,0.636066650576
21.6471,0.67202942674
21.697,0.712334342126
21.747,0.757266797914
21.7972,0.807022918923
21.8474,0.861689541778
21.8978,0.921227632099
21.9482,0.985460161096
21.9988,1.05406520605
22.0496,1.12657476798
22.1004,1.20237954691
22.1513,1.28073969222
22.2024,1.3608013547
22.2536,1.44161870361
22.3049,1.52218092718
22.3563,1.60144359726
22.4078,1.67836363542
22.4595,1.75193695232
22.5113,1.82123762925
22.5632,1.88545725259
22.6152,1.94394268678
22.6673,1.99623017724
22.7196,2.04207323547
22.7719,2.08146133674
22.8244,2.1146261799
22.877,2.14203231052
22.9298,2.16434953862
22.9826,2.18240602592
23.0356,2.19712328063
23.0887,2.20943739775
23.1419,2.22021414822
23.1953,2.23016804329
23.2488,2.23979633581
23.3024,2.24933751705
23.3561,2.25876041832
23.4099,2.26778545326
23.4639,2.27593509843
23.518,2.28260744827
23.5722,2.28716503947
23.6265,2.28903091887
23.681,2.28778450892
23.7356,2.28325047586
23.7903,2.2755739461
23.8451,2.26527480503
23.9001,2.25327272563
23.9552,2.24087396238
24.0104,2.22971240284
24.0658,2.22164257603
24.1213,2.21859177505
24.1769,2.22239003674
24.2326,2.23460556308
24.2885,2.25641406429
24.3444,2.28852176564
24.4006,2.33114712344
24.4568,2.38405233797
24.5132,2.44660775935
24.5697,2.51787135827
24.6263,2.59666931602
24.6831,2.68166929
24.74,2.77144274577
24.797,2.86451599319
24.8542,2.95941125636
24.9115,3.05467968535
24.9689,3.14892815122
25.0265,3.24084130934
25.0842,3.32919998431
25.142,3.41289653611
25.2,3.49094755661
25.2581,3.56250402752
25.3163,3.62685893854
25.3746,3.68345230124
25.4331,3.73187348558
25.4918,3.77186083448
25.5505,3.80329856564
25.6094,3.8262110365
25.6685,3.84075451952
25.7276,3.84720670386
25.7869,3.84595420166
25.8464,3.83747838847
25.906,3.82233994775
25.9657,3.80116251694
26.0255,3.77461584851
26.0855,3.7433989044
26.1457,3.70822329742
26.2059,3.66979747862
26.2664,3.62881204718
26.3269,3.58592652677
26.3876,3.54175791056
26.4484,3.4968712235
26.5094,3.4517722855
26.5705,3.4069027816
26.6318,3.36263765781
26.6932,3.31928476772
26.7547,3.2770866001
26.8164,3.23622383152
26.8782,3.19682037564
26.9401,3.15894955211
27.0022,3.12264097568
27.0645,3.08788777322
27.1269,3.05465376919
27.1894,3.02288033484
27.2521,2.99249266423
27.3149,2.96340531436
27.3779,2.9355269181
27.441,2.90876404312
27.5043,2.8830242219
27.5677,2.85821821682
27.6312,2.83426160948
27.6949,2.81107581666
27.7587,2.78858863813
27.8227,2.76673443778
27.8869,2.74545404988
27.9512,2.72469449019
28.0156,2.70440853852
28.0802,2.68455424593
28.1449,2.66509440756
28.2098,2.64599603157
28.2748,2.62722982523
28.34,2.60876971208
28.4053,2.59059238847
28.4708,2.57267692304
28.5364,2.55500440021
28.6022,2.53755760605
28.6682,2.52032075407
28.7342,2.5032792473
28.8005,2.48641947304
28.8669,2.46972862645
28.9334,2.45319455922
29.0001,2.43680565025
29.067,2.42055069498
29.134,2.40441881105
29.2011,2.38839935774
29.2685,2.37248186739
29.3359,2.35665598708
29.4036,2.34091142922
29.4713,2.32523792984
29.5393,2.30962521377
29.6074,2.29406296575
29.6756,2.27854080712
29.744,2.26304827739
29.8126,2.24757482036
29.8813,2.23210977463
29.9502,2.21664236821
30.0193,2.20116171708
30.0885,2.18565682778
30.1578,2.17011660385
30.2273,2.15452985637
30.297,2.13888531859
30.3669,2.12317166491
30.4369,2.10737753431
30.507,2.09149155867
30.5774,2.07550239619
30.6478,2.05939877046
30.7185,2.04316951548
30.7893,2.02680362729
30.8603,2.01029032298
30.9314,1.99361910749
31.0027,1.97677984943
31.0742,1.95976286666
31.1458,1.94255902275
31.2176,1.92515983572
31.2896,1.90755760034
31.3617,1.88974552568
31.434,1.8717178896
31.5065,1.85347021222
31.5791,1.83499945043
31.6519,1.81630421582
31.7249,1.79738501822
31.798,1.77824453751
31.8713,1.75888792573
31.9448,1.73932314168
32.0184,1.71956131941
32.0922,1.69961717114
32.1662,1.67950942374
32.2404,1.65926128592
32.3147,1.63890094035
32.3892,1.61846205112
32.4638,1.59798427197
32.5387,1.57751373443
32.6137,1.55710348777
32.6889,1.53681385382
32.7642,1.51671265133
32.8398,1.49687523612
32.9155,1.47738429687
32.9913,1.45832934508
33.0674,1.43980584187
33.1436,1.42191391836
33.22,1.40475667109
33.2966,1.38843804936
33.3734,1.37306039629
33.4503,1.3587217534
33.5274,1.34551308296
33.6047,1.33351559302
33.6822,1.32279835941
33.7598,1.31341642187
33.8376,1.30540948861
33.9156,1.29880132226
33.9938,1.2935998108
34.0722,1.28979766251
34.1507,1.28737361459
34.2294,1.28629401674
34.3084,1.28651464451
34.3874,1.28798260946
34.4667,1.29063825705
34.5462,1.29441697398
34.6258,1.29925085654
34.7056,1.30507021855
34.7856,1.31180493825
34.8658,1.31938565778
34.9462,1.32774485733
35.0268,1.33681782903
35.1075,1.34654357458
35.1884,1.35686564645
35.2695,1.36773294623
35.3509,1.37910048573
35.4323,1.39093010765
35.514,1.4031911535
35.5959,1.41586105748
35.6779,1.42892583589
35.7602,1.44238043476
35.8426,1.45622889207
35.9253,1.47048426755
36.0081,1.48516829269
36.0911,1.50031069678
36.1743,1.51594817235
36.2577,1.53212295579
36.3413,1.54888101583
36.425,1.56626986407
36.509,1.58433602766
36.5932,1.60312225255
36.6775,1.62266453703
36.7621,1.64298912648
36.8468,1.66410963256
36.9317,1.68602446961
37.0169,1.70871482987
37.1022,1.73214344354
37.1877,1.75625439018
37.2735,1.78097424101
37.3594,1.80621481446
37.4455,1.83187781394
37.5318,1.85786157961
37.6184,1.88407011418
37.7051,1.91042442473
37.792,1.93687604258
37.8791,1.96342233153
37.9664,1.99012286368
38.054,2.01711574068
38.1417,2.04463229859
38.2296,2.07300822182
38.3177,2.10268881017
38.4061,2.13422612662
38.4946,2.16826613829
38.5833,2.20552483293
38.6723,2.24675361669
38.7614,2.29269588877
38.8508,2.34403820842
38.9404,2.40136053505
39.0301,2.46509033212
39.1201,2.53546479783
39.2103,2.61250428656
39.3007,2.69599845814
39.3913,2.78550521143
39.4821,2.88036130135
39.5731,2.97970281925
39.6643,3.08249340915
39.7557,3.18755808502
39.8474,3.29362067893
39.9392,3.39934318107
40.0313,3.50336546511
40.1236,3.60434409747
40.2161,3.7009891023
40.3088,3.79209770602
40.4017,3.87658422674
40.4949,3.95350541787
40.5882,4.02208072643
40.6818,4.08170708896
40.7756,4.1319680581
40.8696,4.17263722762
40.9638,4.20367609603
41.0582,4.22522667314
41.1528,4.23759928335
41.2477,4.24125614983
41.3428,4.23679145126
41.4381,4.22490862549
41.5336,4.20639575258
41.6294,4.18209988193
41.7253,4.15290117769
41.8215,4.11968774093
41.9179,4.08333192811
42.0146,4.04466891944
42.1114,4.00447819665
42.2085,3.96346846458
42.3058,3.92226639477
42.4033,3.88140938531
42.5011,3.8413423276
42.599,3.80241816243
42.6972,3.76490181163
42.7957,3.72897690855
42.8943,3.69475463713
42.9932,3.66228393744
43.0923,3.63156234706
43.1917,3.60254681743
43.2912,3.57516395732
43.391,3.54931929498
43.491,3.52490529649
43.5913,3.50180801518
43.6918,3.47991236283
43.7925,3.45910608266
43.8935,3.43928256373
43.9946,3.42034267034
44.0961,3.40219577053
44.1977,3.38476014307
44.2996,3.36796292533
44.4017,3.3517397417
44.5041,3.33603412738
44.6067,3.32079683711
44.7095,3.30598510632
44.8126,3.29156191233
44.9159,3.27749526773
45.0194,3.26375756544
45.1232,3.25032498548
45.2272,3.23717696732
45.3315,3.22429574653
45.436,3.2116659522
45.5407,3.19927425974
45.6457,3.18710909297
45.7509,3.17516036943
45.8564,3.16341928304
45.9621,3.15187811881
46.0681,3.14053009476
46.1743,3.12936922694
46.2807,3.118390214
46.3874,3.10758833833
46.4943,3.09695938105
46.6015,3.08649954903
46.7089,3.07620541186
46.8166,3.06607384747
46.9245,3.05610199517
47.0327,3.04628721493
47.1411,3.03662705217
47.2498,3.02711920733
47.3587,3.01776150945
47.4679,3.00855189345
47.5773,2.99948838045
47.687,2.99056906092
47.7969,2.98179208014
47.9071,2.9731556259
48.0175,2.96465791797
48.1282,2.95629719929
48.2392,2.94807172851
48.3504,2.93997977391
48.4618,2.93201960841
48.5736,2.92418950552
48.6855,2.91648773622
48.7978,2.9089125666
48.9102,2.90146225608
49.023,2.89413505633
49.136,2.88692921059
49.2493,2.87984295351
49.3628,2.87287451128
49.4766,2.8660221021
49.5907,2.85928393697
49.705,2.85265822064
49.8196,2.84614315275
49.9344,2.83973692913
50.0495,2.83343774324
50.1649,2.82724378762
50.2805,2.82115325547
50.3964,2.81516434226
50.5126,2.80927524733
50.6291,2.8034841755
50.7458,2.79778933871
50.8628,2.79218895754
50.98,2.78668126283
51.0975,2.78126449707
51.2153,2.77593691597
51.3334,2.77069678972
51.4517,2.76554240438
51.5703,2.76047206308
51.6892,2.75548408722
51.8084,2.75057681754
51.9278,2.74574861513
52.0475,2.74099786241
52.1675,2.73632296392
52.2877,2.73172234714
52.4083,2.72719446321
52.5291,2.72273778748
52.6502,2.71835082017
52.7716,2.71403208673
52.8932,2.70978013834
53.0151,2.70559355221
53.1373,2.70147093186
53.2598,2.69741090733
53.3826,2.69341213535
53.5057,2.68947329942
53.629,2.68559310986
53.7526,2.6817703038
53.8766,2.67800364515
54.0008,2.67429192448
54.1252,2.67063395889
54.25,2.66702859181
54.3751,2.66347469285
54.5004,2.65997115749
54.6261,2.65651690685
54.752,2.65311088737
54.8782,2.6497520705
55.0047,2.64643945234
55.1315,2.64317205328
55.2586,2.63994891761
55.386,2.63676911314
55.5137,2.63363173079
55.6416,2.63053588412
55.7699,2.62748070896
55.8985,2.62446536293
56.0273,2.62148902502
56.1565,2.61855089512
56.2859,2.61565019355
56.4157,2.61278616065
56.5457,2.60995805629
56.6761,2.60716515944
56.8067,2.60440676765
56.9377,2.60168219668
57.0689,2.59899078
57.2005,2.59633186836
57.3324,2.59370482934
57.4645,2.5911090469
57.597,2.58854392099
57.7298,2.58600886709
57.8629,2.58350331578
57.9962,2.58102671238
58.1299,2.5785785165
58.2639,2.57615820166
58.3983,2.5737652549
58.5329,2.57139917639
58.6678,2.56905947907
58.8031,2.56674568827
58.9386,2.5644573414
59.0745,2.56219398754
59.2107,2.55995518712
59.3471,2.55774051162
59.484,2.5555495432
59.6211,2.55338187446
59.7585,2.55123710803
59.8963,2.54911485635
60.0344,2.54701474139
60.1728,2.54493639431
60.3115,2.54287945521
60.4505,2.54084357291
60.5898,2.53882840464
60.7295,2.53683361578
60.8695,2.53485887971
61.0098,2.53290387744
61.1505,2.53096829749
61.2914,2.52905183564
61.4327,2.5271541947
61.5744,2.52527508431
61.7163,2.52341422076
61.8586,2.52157132676
62.0012,2.51974613127
62.1441,2.51793836934
62.2874,2.51614778191
62.4309,2.51437411561
62.5749,2.51261712269
62.7191,2.51087656073
62.8637,2.5091521926
63.0086,2.50744378627
63.1539,2.50575111463
63.2994,2.50407395541
63.4454,2.50241209099
63.5916,2.50076530831
63.7382,2.49913339873
63.8851,2.49751615791
64.0324,2.49591338567
64.18,2.49432488592
64.328,2.4927504665
64.4763,2.49118993911
64.6249,2.48964311918
64.7739,2.4881098258
64.9232,2.48658988158
65.0729,2.48508311258
65.2229,2.48358934827
65.3732,2.48210842133
65.5239,2.48064016766
65.675,2.47918442623
65.8264,2.47774103909
65.9781,2.47630985118
66.1302,2.47489071037
66.2827,2.47348346726
66.4354,2.47208797523
66.5886,2.47070409031
66.7421,2.46933167111
66.896,2.46797057879
67.0502,2.46662067696
67.2047,2.46528183168
67.3597,2.46395391129
67.5149,2.46263678649
67.6706,2.46133033019
67.8266,2.46003441748
67.9829,2.45874892561
68.1396,2.45747373389
68.2967,2.4562087237
68.4542,2.45495377837
68.612,2.45370878318
68.7701,2.45247362535
68.9287,2.45124819391
69.0876,2.45003237972
69.2468,2.44882607542
69.4065,2.4476291754
69.5665,2.44644157569
69.7268,2.44526317403
69.8876,2.4440938698
70.0487,2.44293356389
70.2101,2.44178215883
70.372,2.44063955861
70.5342,2.43950566873
70.6968,2.43838039615
70.8598,2.43726364924
71.0231,2.43615533778
71.1869,2.43505537293
71.351,2.43396366715
71.5154,2.43288013423
71.6803,2.43180468928
71.8455,2.4307372486
72.0112,2.42967772977
72.1772,2.42862605156
72.3436,2.42758213396
72.5103,2.42654589805
72.6775,2.42551726612
72.845,2.42449616153
73.0129,2.42348250874
73.1813,2.42247623331
73.35,2.42147726182
73.519,2.42048552189
73.6885,2.41950094217
73.8584,2.41852345227
74.0287,2.4175529828
74.1993,2.41658946532
74.3704,2.41563283232
74.5418,2.41468301723
74.7136,2.41373995436
74.8859,2.41280357891
75.0585,2.41187382697
75.2315,2.41095063547
75.405,2.41003394217
75.5788,2.40912368568
75.753,2.4082198054
75.9276,2.40732224152
76.1027,2.40643093504
76.2781,2.4055458277
76.4539,2.404666862
76.6302,2.40379398119
76.8068,2.40292712923
76.9839,2.40206625082
77.1614,2.40121129134
77.3392,2.40036219688
77.5175,2.39951891419
77.6962,2.39868139068
77.8753,2.39784957448
78.0548,2.39702341428
78.2348,2.39620285945
78.4151,2.39538785998
78.5959,2.39457836647
78.7771,2.39377433013
78.9587,2.39297570275
79.1407,2.39218243672
79.3231,2.39139448498
79.506,2.39061180107
79.6893,2.38983433906
79.873,2.38906205357
80.0571,2.38829489976
80.2417,2.38753283334
80.4266,2.38677581051
80.612,2.386023788
80.7979,2.38527672304
80.9841,2.38453457337
81.1708,2.38379729719
81.3579,2.38306485322
81.5455,2.38233720064
81.7335,2.38161429906
81.9219,2.38089610863
82.1107,2.38018258986
82.3,2.37947370378
82.4897,2.37876941184
82.6799,2.37806967588
82.8705,2.37737445823
83.0615,2.37668372162
83.253,2.37599742915
83.4449,2.37531554439
83.6373,2.37463803128
83.8301,2.37396485415
84.0233,2.37329597774
84.217,2.37263136717
84.4112,2.37197098793
84.6057,2.37131480587
84.8008,2.37066278725
84.9963,2.37001489866
85.1922,2.36937110706
85.3886,2.36873137971
85.5854,2.36809568435
85.7827,2.36746398892
85.9805,2.36683626175
86.1787,2.36621247155
86.3773,2.36559258729
86.5765,2.36497657829
86.776,2.36436441419
86.9761,2.36375606497
87.1766,2.36315150086
87.3776,2.36255069246
87.579,2.36195361062
87.7809,2.36136022653
87.9832,2.36077051167
88.186,2.36018443776
88.3893,2.35960197687
88.5931,2.35902310132
88.7973,2.3584477837
89.002,2.3578759969
89.2072,2.35730771408
89.4128,2.35674290865
89.619,2.3561815543
89.8255,2.35562362495
90.0326,2.35506909482
90.2402,2.35451793836
90.4482,2.35397013029
90.6567,2.35342564554
90.8657,2.35288445931
91.0751,2.35234654705
91.2851,2.35181188441
91.4955,2.35128044735
91.7064,2.35075221198
91.9179,2.35022715469
92.1297,2.34970525205
92.3421,2.3491864809
92.555,2.34867081829
92.7684,2.34815824149
92.9822,2.34764872794
93.1966,2.34714225538
93.4114,2.34663880167
93.6267,2.34613834491
93.8426,2.34564086346
94.0589,2.34514633578
94.2757,2.34465474062
94.493,2.34416605686
94.7109,2.34368026365
94.9292,2.34319734025
95.148,2.34271726616
95.3674,2.34224002106
95.5872,2.34176558482
95.8076,2.34129393746
96.0284,2.34082505925
96.2498,2.34035893055
96.4717,2.339895532
96.6941,2.3394348443
96.917,2.33897684843
97.1404,2.33852152547
97.3643,2.33806885671
97.5888,2.33761882357
97.8137,2.33717140767
98.0392,2.33672659078
98.2652,2.33628435481
98.4918,2.33584468188
98.7188,2.33540755421
98.9464,2.33497295424
99.1745,2.33454086448
99.4031,2.33411126767
99.6322,2.33368414667
99.8619,2.33325948448
100.092,2.33283726426
100.323,2.33241746931
100.554,2.3320000831
100.786,2.33158508918
101.018,2.33117247131
101.251,2.33076221335
101.485,2.3303542993
101.718,2.32994871332
101.953,2.32954543968
102.188,2.32914446281
102.424,2.32874576721
102.66,2.3283493376
102.896,2.32795515873
103.134,2.3275632156
103.371,2.32717349322
103.61,2.3267859768
103.848,2.32640065161
104.088,2.32601750311
104.328,2.32563651684
104.568,2.32525767843
104.809,2.32488097373
105.051,2.32450638861
105.293,2.32413390911
105.536,2.32376352135
105.779,2.32339521156
106.023,2.32302896613
106.267,2.32266477152
106.512,2.32230261431
106.758,2.3219424812
107.004,2.32158435898
107.251,2.32122823456
107.498,2.32087409493
107.746,2.32052192723
107.994,2.32017171867
108.243,2.3198234566
108.493,2.31947712838
108.743,2.31913272157
108.993,2.31879022379
109.245,2.31844962278
109.496,2.31811090631
109.749,2.3177740623
110.002,2.31743907881
110.255,2.31710594389
110.51,2.31677464575
110.764,2.31644517269
111.02,2.31611751307
111.276,2.31579165538
111.532,2.31546758818
111.789,2.31514530013
112.047,2.31482477992
112.305,2.31450601643
112.564,2.31418899853
112.824,2.31387371526
113.084,2.31356015566
113.344,2.31324830891
113.606,2.31293816429
113.868,2.31262971109
114.13,2.31232293872
114.393,2.3120178367
114.657,2.31171439455
114.921,2.311412602
115.186,2.31111244871
115.452,2.31081392455
115.718,2.31051701933
115.984,2.31022172309
116.252,2.3099280258
116.52,2.30963591764
116.788,2.30934538871
117.058,2.30905642934
117.328,2.30876902981
117.598,2.30848318055
117.869,2.30819887204
118.141,2.3079160948
118.413,2.30763483947
118.686,2.30735509671
118.96,2.30707685729
119.234,2.30680011205
119.509,2.30652485181
119.784,2.30625106759
120.06,2.30597875042
120.337,2.3057078913
120.615,2.30543848148
120.893,2.30517051212
121.171,2.30490397451
121.451,2.30463886001
121.731,2.30437516
122.011,2.30411286599
122.293,2.30385196946
122.574,2.30359246205
122.857,2.30333433534
123.14,2.30307758111
123.424,2.3028221911
123.709,2.30256815717
123.994,2.30231547116
124.28,2.30206412507
124.566,2.30181411081
124.853,2.30156542056
125.141,2.30131804636

wl,k
0.0275043,0.0823003423743
0.0275677,0.0829839056064
0.0276312,0.0836487300764
0.0276949,0.0842969722156
0.0277587,0.0849307111739
0.0278227,0.0855519463096
0.0278869,0.0861625965257
0.0279512,0.0867645011698
0.0280156,0.0873594222413
0.0280802,0.0879490476663
0.0281449,0.0885349954299
0.0282098,0.0891188183682
0.0282748,0.0897020094444
0.02834,0.0902860073431
0.0284053,0.0908722022299
0.0284708,0.0914619415242
0.0285364,0.0920565355278
0.0286022,0.0926572627335
0.0286682,0.0932653745816
0.0287342,0.0938820993179
0.0288005,0.0945086443125
0.0288669,0.0951461953611
0.0289334,0.0957959082881
0.0290001,0.0964588617008
0.029067,0.0971331537408
0.029134,0.0978174563758
0.0292011,0.0985130108731
0.0292685,0.0992209980445
0.0293359,0.0999425803946
0.0294036,0.100678909826
0.0294713,0.101431127504
0.0295393,0.102200359716
0.0296074,0.102987710685
0.0296756,0.103794252577
0.029744,0.104621012658
0.0298126,0.105468957491
0.0298813,0.106338974
0.0299502,0.107231847258
0.0300193,0.108148234913
0.0300885,0.10908863823
0.0301578,0.110053369853
0.0302273,0.111042518566
0.030297,0.112055911529
0.0303669,0.113093074729
0.0304369,0.114153192702
0.030507,0.115235068912
0.0305774,0.116337088574
0.0306478,0.117457186073
0.0307185,0.118592819492
0.0307893,0.119740955072
0.0308603,0.120898064594
0.0309314,0.122060138666
0.0310027,0.123222718697
0.0310742,0.124380949831
0.0311458,0.125529656294
0.0312176,0.126663439483
0.0312896,0.127776797759
0.0313617,0.128864265263
0.031434,0.12992056546
0.0315065,0.13094077354
0.0315791,0.131920480516
0.0316519,0.132855951055
0.0317249,0.133744266855
0.031798,0.134583447839
0.0318713,0.13537254459
0.0319448,0.136111697144
0.0320184,0.136802157411
0.0320922,0.137446274747
0.0321662,0.138047446402
0.0322404,0.138610036417
0.0323147,0.139139267853
0.0323892,0.139641093903
0.0324638,0.14012205342
0.0325387,0.140589115701
0.0326137,0.14104951819
0.0326889,0.141510599131
0.0327642,0.141979625424
0.0328398,0.142463614082
0.0329155,0.142969144045
0.0329913,0.143502153872
0.0330674,0.14406772022
0.0331436,0.144669812409
0.03322,0.145311020042
0.0332966,0.145992254121
0.0333734,0.14671242768
0.0334503,0.14746813006
0.0335274,0.14825331945
0.0336047,0.149059070699
0.0336822,0.149873427988
0.0337598,0.150681421929
0.0338376,0.151465314007
0.0339156,0.152205123082
0.0339938,0.1528794648
0.0340722,0.15346669362
0.0341507,0.153946282132
0.0342294,0.15430031319
0.0343084,0.154514912257
0.0343874,0.154581426925
0.0344667,0.154497179696
0.0345462,0.154265679653
0.0346258,0.153896266505
0.0347056,0.153403254207
0.0347856,0.152804716871
0.0348658,0.152121099594
0.0349462,0.151373836192
0.0350268,0.150584121862
0.0351075,0.149771936144
0.0351884,0.148955356036
0.0352695,0.148150152514
0.0353509,0.147369632182
0.0354323,0.146624669875
0.035514,0.145923874873
0.0355959,0.145273838786
0.0356779,0.144679422939
0.0357602,0.14414405407
0.0358426,0.143670007434
0.0359253,0.143258664829
0.0360081,0.14291074147
0.0360911,0.142626480103
0.0361743,0.142405813581
0.0362577,0.14224849877
0.0363413,0.142154225383
0.036425,0.142122703556
0.036509,0.142153733743
0.0365932,0.14224726218
0.0366775,0.142403424621
0.0367621,0.142622580566
0.0368468,0.142905339614
0.0369317,0.14325258107
0.0370169,0.143665467361
0.0371022,0.144145451272
0.0371877,0.144694276425
0.0372735,0.145313969755
0.0373594,0.146006824027
0.0374455,0.146775367612
0.0375318,0.147622317791
0.0376184,0.148550512818
0.0377051,0.149562816856
0.037792,0.150661990768
0.0378791,0.151850520817
0.0379664,0.153130396761
0.038054,0.154502831171
0.0381417,0.155967913517
0.0382296,0.157524196586
0.0383177,0.159168220019
0.0384061,0.160893987305
0.0384946,0.162692429142
0.0385833,0.164550907771
0.0386723,0.166452842065
0.0387614,0.168377557844
0.0388508,0.170300484826
0.0389404,0.172193820607
0.0390301,0.17402775178
0.0391201,0.175772254421
0.0392103,0.177399391498
0.0393007,0.178885898787
0.0393913,0.180215734806
0.0394821,0.181382204619
0.0395731,0.182389285936
0.0396643,0.183251898934
0.0397557,0.183995044388
0.0398474,0.184651935355
0.0399392,0.185261405617
0.0400313,0.185864950579
0.0401236,0.186503734327
0.0402161,0.187215803555
0.0403088,0.1880336273
0.0404017,0.188981974227
0.0404949,0.190076078925
0.0405882,0.191320052683
0.0406818,0.19270556565
0.0407756,0.194210955725
0.0408696,0.195801076809
0.0409638,0.197428332136
0.0410582,0.199035366111
0.0411528,0.200559717724
0.0412477,0.201940312927
0.0413428,0.203125043125
0.0414381,0.204078048993
0.0415336,0.204785022278
0.0416294,0.205255115478
0.0417253,0.205518911445
0.0418215,0.205623022722
0.0419179,0.205622773699
0.0420146,0.205574715505
0.0421114,0.205530411911
0.0422085,0.205532273882
0.0423058,0.205611544644
0.0424033,0.205788070495
0.0425011,0.20607129365
0.042599,0.206461912976
0.0426972,0.206953778919
0.0427957,0.207535737999
0.0428943,0.208193272252
0.0429932,0.20890987239
0.0430923,0.209668140826
0.0431917,0.21045065042
0.0432912,0.211240596289
0.043391,0.212022278999
0.043491,0.212781453421
0.0435913,0.213505571634
0.0436918,0.214183942376
0.0437925,0.214807824427
0.0438935,0.215370467223
0.0439946,0.215867108947
0.0440961,0.216294940134
0.0441977,0.216653039316
0.0442996,0.216942286225
0.0444017,0.217165257459
0.0445041,0.217326109146
0.0446067,0.217430450979
0.0447095,0.217485215943
0.0448126,0.217498530071
0.0449159,0.217479586613
0.0450194,0.217438528992
0.0451232,0.21738634685
0.0452272,0.217334789164
0.0453315,0.217296297858
0.045436,0.217283964348
0.0455407,0.217311509956
0.0456457,0.217393289008
0.0457509,0.21754431064
0.0458564,0.217780271873
0.0459621,0.218117590504
0.0460681,0.218573422022
0.0461743,0.219165640551
0.0462807,0.219912760211
0.0463874,0.220833771067
0.0464943,0.221947863808
0.0466015,0.223274020203
0.0467089,0.22483045315
0.0468166,0.226633891147
0.0469245,0.22869871742
0.0470327,0.231035993356
0.0471411,0.233652417825
0.0472498,0.236549296476
0.0473587,0.239721614877
0.0474679,0.243157322831
0.0475773,0.246836940392
0.047687,0.250733585832
0.0477969,0.254813500477
0.0479071,0.259037105885
0.0480175,0.263360579143
0.0481282,0.267737878676
0.0482392,0.272123103661
0.0483504,0.276473032115
0.0484618,0.280749660587
0.0485736,0.284922562901
0.0486855,0.28897089473
0.0487978,0.292884892225
0.0489102,0.296666745939
0.049023,0.300330777336
0.049136,0.303902904516
0.0492493,0.307419450767
0.0493628,0.310925411456
0.0494766,0.314472336812
0.0495907,0.318116001789
0.049705,0.321914021923
0.0498196,0.325923546452
0.0499344,0.330199128789
0.0500495,0.334790847352
0.0501649,0.339742728381
0.0502805,0.345091505142
0.0503964,0.350865731891
0.0505126,0.357085254538
0.0506291,0.363761022639
0.0507458,0.370895209986
0.0508628,0.37848159538
0.05098,0.386506142837
0.0510975,0.394947713247
0.0512153,0.403778838422
0.0513334,0.41296649385
0.0514517,0.422472817826
0.0515703,0.432255740618
0.0516892,0.442269506108
0.0518084,0.452465087919
0.0519278,0.462790520402
0.0520475,0.473191180563
0.0521675,0.483610068902
0.0522877,0.49398814466
0.0524083,0.504264773775
0.0525291,0.514378345679
0.0526502,0.524267107721
0.0527716,0.53387025295
0.0528932,0.54312927783
0.0530151,0.551989601004
0.0531373,0.560402402774
0.0532598,0.568326609213
0.0533826,0.575730907738
0.0535057,0.582595647428
0.053629,0.588914453437
0.0537526,0.594695377068
0.0538766,0.599961416851
0.0540008,0.604750284004
0.0541252,0.609113346061
0.05425,0.6131137589
0.0543751,0.616823878943
0.0545004,0.620322121298
0.0546261,0.623689484103
0.054752,0.627005986007
0.0548782,0.630347259964
0.0550047,0.633781515349
0.0551315,0.637367029496
0.0552586,0.641150269126
0.055386,0.645164681464
0.0555137,0.649430142092
0.0556416,0.653953006281
0.0557699,0.658726684565
0.0558985,0.663732650634
0.0560273,0.668941787863
0.0561565,0.674315986718
0.0562859,0.679809915558
0.0564157,0.685372899167
0.0565457,0.690950850185
0.0566761,0.696488207058
0.0568067,0.701929837013
0.0569377,0.707222863906
0.0570689,0.712318378971
0.0572005,0.717172988755
0.0573324,0.721750150646
0.0574645,0.726021244325
0.057597,0.729966329465
0.0577298,0.733574547467
0.0578629,0.736844139025
0.0579962,0.739782069269
0.0581299,0.742403276731
0.0582639,0.744729588463
0.0583983,0.746788368066
0.0585329,0.748610982582
0.0586678,0.750231185471
0.0588031,0.751683514701
0.0589386,0.753001797303
0.0590745,0.754217836069
0.0592107,0.755360332935
0.0593471,0.756454080004
0.059484,0.757519426178
0.0596211,0.758572007329
0.0597585,0.759622712462
0.0598963,0.760677848113
0.0600344,0.761739458108
0.0601728,0.762805755164
0.0603115,0.763871623529
0.0604505,0.764929156937
0.0605898,0.7659682024
0.0607295,0.766976887025
0.0608695,0.767942111439
0.0610098,0.768849999079
0.0611505,0.76968629538
0.0612914,0.770436714698
0.0614327,0.771087235616
0.0615744,0.771624347278
0.0617163,0.772035250655
0.0618586,0.772308019323
0.0620012,0.772431724624
0.0621441,0.772396529976
0.0622874,0.772193758851
0.0624309,0.77181594056
0.0625749,0.771256837461
0.0627191,0.770511456792
0.0628637,0.769576049792
0.0630086,0.768448100374
0.0631539,0.767126305207
0.0632994,0.765610546709
0.0634454,0.763901860174
0.0635916,0.762002396022
0.0637382,0.759915377944
0.0638851,0.757645057587
0.0640324,0.755196666301
0.06418,0.752576364384
0.064328,0.749791188197
0.0644763,0.7468489955
0.0646249,0.743758409288
0.0647739,0.740528760447
0.0649232,0.737170029469
0.0650729,0.733692787498
0.0652229,0.730108136941
0.0653732,0.726427651849
0.0655239,0.722663318277
0.065675,0.718827474762
0.0658264,0.714932753049
0.0659781,0.710992019134
0.0661302,0.707018314657
0.0662827,0.703024798611
0.0664354,0.699024689286
0.0665886,0.695031206305
0.0667421,0.691057512555
0.066896,0.687116655754
0.0670502,0.683221509331
0.0672047,0.67938471228
0.0673597,0.675618607549
0.0675149,0.671935178545
0.0676706,0.668345983268
0.0678266,0.664862085582
0.0679829,0.661493983147
0.0681396,0.658251531521
0.0682967,0.655143864019
0.0684542,0.652179306949
0.068612,0.649365289964
0.0687701,0.646708251418
0.0689287,0.644213538781
0.0690876,0.641885304421
0.0692468,0.639726397382
0.0694065,0.637738252139
0.0695665,0.635920775778
0.0697268,0.634272235568
0.0698876,0.632789149526
0.0700487,0.631466183205
0.0702101,0.630296056711
0.070372,0.629269466697
0.0705342,0.628375028833
0.0706968,0.627599246957
0.0708598,0.626926515694
0.0710231,0.626339163705
0.0711869,0.625817544826
0.071351,0.625340184082
0.0715154,0.624883984795
0.0716803,0.624424501674
0.0718455,0.62393628283
0.0720112,0.623393281047
0.0721772,0.622769331362
0.0723436,0.622038688242
0.0725103,0.621176611397
0.0726775,0.620159984957
0.072845,0.618967950506
0.0730129,0.617582530853
0.0731813,0.615989218643
0.07335,0.61417750252
0.073519,0.612141303789
0.0736885,0.609879298576
0.0738584,0.607395104475
0.0740287,0.604697316413
0.0741993,0.601799383603
0.0743704,0.59871932759
0.0745418,0.59547930971
0.0747136,0.592105064299
0.0748859,0.588625220879
0.0750585,0.585070543818
0.0752315,0.58147312129
0.075405,0.577865536443
0.0755788,0.574280052744
0.075753,0.570747842607
0.0759276,0.567298284134
0.0761027,0.563958345538
0.0762781,0.560752071099
0.0764539,0.557700176802
0.0766302,0.554819758488
0.0768068,0.552124110683
0.0769839,0.54962265051
0.0771614,0.547320938157
0.0773392,0.545220783359
0.0775175,0.543320426163
0.0776962,0.541614779686
0.0778753,0.540095722604
0.0780548,0.538752429535
0.0782348,0.537571728205
0.0784151,0.536538473218
0.0785959,0.53563592727
0.0787771,0.534846141756
0.0789587,0.534150329829
0.0791407,0.533529226041
0.0793231,0.532963427789
0.079506,0.532433714758
0.0796893,0.531921343524
0.079873,0.531408315332
0.0800571,0.530877615871
0.0802417,0.53031342658
0.0804266,0.529701307595
0.080612,0.529028353006
0.0807979,0.528283319467
0.0809841,0.527456729511
0.0811708,0.526540951114
0.0813579,0.525530255155
0.0815455,0.524420852373
0.0817335,0.523210911361
0.0819219,0.521900558917
0.0821107,0.520491863824
0.0823,0.518988804818
0.0824897,0.517397223136
0.0826799,0.515724759664
0.0828705,0.513980776301
0.0830615,0.51217626081
0.083253,0.510323714067
0.0834449,0.508437018395
0.0836373,0.50653128543
0.0838301,0.504622681958
0.0840233,0.502728232182
0.084217,0.500865595085
0.0844112,0.499052815971
0.0846057,0.497308051745
0.0848008,0.495649270281
0.0849963,0.494093925079
0.0851922,0.49265860746
0.0853886,0.491358679744
0.0855854,0.49020789411
0.0857827,0.489218003141
0.0859805,0.488398369395
0.0861787,0.487755582565
0.0863773,0.48729309393
0.0865765,0.487010878765
0.086776,0.486905138141
0.0869761,0.486968052118
0.0871766,0.487187596719
0.0873776,0.487547437307
0.087579,0.488026911198
0.0877809,0.488601112472
0.0879832,0.489241092167
0.088186,0.489914187105
0.0883893,0.490584490418
0.0885931,0.491213475848
0.0887973,0.491760785444
0.089002,0.49218518542
0.0892072,0.492445686748
0.0894128,0.492502814569
0.089619,0.492319993754
0.0898255,0.491864997471
0.0900326,0.491111383882
0.0902402,0.490039826693
0.0904482,0.488639233203
0.0906567,0.486907543571
0.0908657,0.484852120948
0.0910751,0.482489674398
0.0912851,0.479845701998
0.0914955,0.476953492939
0.0917064,0.473852775558
0.0919179,0.470588133844
0.0921297,0.467207331613
0.0923421,0.46375967938
0.092555,0.460294556835
0.0927684,0.456860170009
0.0929822,0.453502584398
0.0931966,0.450265040598
0.0934114,0.447187531932
0.0936267,0.444306606521
0.0938426,0.441655348783
0.0940589,0.439263495812
0.0942757,0.437157649973
0.094493,0.435361557937
0.0947109,0.433896436439
0.0949292,0.432781334897
0.095148,0.432033534109
0.0953674,0.431668988306
0.0955872,0.431702824935
0.0958076,0.432149922826
0.0960284,0.433025594927
0.0962498,0.434346406259
0.0964717,0.436131160781
0.0966941,0.438402091213
0.096917,0.441186282284
0.0971404,0.44451734808
0.0973643,0.448437365819
0.0975888,0.452999038499
0.0978137,0.458268014303
0.0980392,0.464325228551
0.0982652,0.471269051968
0.0984918,0.479216926433
0.0987188,0.488306048551
0.0989464,0.498692530596
0.0991745,0.51054834514
0.0994031,0.524055276787
0.0996322,0.539395114238
0.0998619,0.556735492469
0.100092,0.576211223102
0.100323,0.597901696032
0.100554,0.621805982294
0.100786,0.647818449056
0.101018,0.675708651286
0.101251,0.705109505333
0.101485,0.73551689009
0.101718,0.766301869551
0.101953,0.79673424218
0.102188,0.826014008395
0.102424,0.853306393791
0.10266,0.877776503912
0.102896,0.898621130236
0.103134,0.915096971443
0.103371,0.926545933871
0.10361,0.932418848805
0.103848,0.932298768768
0.104088,0.925924030479
0.104328,0.913209689708
0.104568,0.894264128037
0.104809,0.869396240726
0.105051,0.839108441874
0.105293,0.804072402927
0.105536,0.765087945175
0.105779,0.723029833474
0.106023,0.678790654932
0.106267,0.633228961146
0.106512,0.587129950395
0.106758,0.541182089113
0.107004,0.495968919714
0.107251,0.451972362953
0.107498,0.409582716521
0.107746,0.369111016206
0.107994,0.330800747849
0.108243,0.294837373121
0.108493,0.261355316968
0.108743,0.230442803383
0.108993,0.202145255432
0.109245,0.176468014183
0.109496,0.153379004363
0.109749,0.132811778765
0.110002,0.114669170174
0.110255,0.0988276016039
0.11051,0.0851419667838
0.110764,0.0734508961157
0.11102,0.063582165515
0.111276,0.0553579802319
0.111532,0.0486127854578
0.111789,0.043082579153
0.112047,0.0384416593014
0.112305,0.0345615884357
0.112564,0.0313275558292
0.112824,0.0286349357431
0.113084,0.0263905322593
0.113344,0.0245129853794
0.113606,0.0229325566618
0.113868,0.0215904760078
0.11413,0.0204380000187
0.114393,0.0194353068162
0.114657,0.0185503272292
0.114921,0.0177575880121
0.115186,0.0170371204562
0.115452,0.0163734684043
0.115718,0.0157548138307
0.115984,0.0151722259477
0.116252,0.0146190310066
0.11652,0.0140902941548
0.116788,0.0135824013366
0.117058,0.013092727727
0.117328,0.0126193790335
0.117598,0.0121609927476
0.117869,0.0117165877025
0.118141,0.011285451832
0.118413,0.0108670596136
0.118686,0.0104610122122
0.11896,0.0100669947142
0.119234,0.00968474604308
0.119509,0.00931403815261
0.119784,0.00895466191043
0.12006,0.00860641774261
0.120337,0.00826910961663
0.120615,0.00794254133159
0.120893,0.0076265143776
0.121171,0.00732082684339
0.121451,0.00702527300941
0.121731,0.00673964337705
0.122011,0.0064637249651
0.122293,0.00619730176084
0.122574,0.00594015525169
0.122857,0.00569206498964
0.12314,0.00545280915871
0.123424,0.00522216512689
0.123709,0.00499990997208
0.123994,0.00478582097629
0.12428,0.00457967608535
0.124566,0.00438125433366
0.124853,0.00419033623406
0.125141,0.00400670413434
0.12543,0.00383014254144
0.125719,0.0036604384153
0.126009,0.00349738143382
0.126299,0.0033407642307
0.12659,0.00319038260783
0.126882,0.00304603572365
0.127174,0.00290752625923
0.127468,0.0027746605632
0.127761,0.00264724877715
0.128056,0.00252510494259
0.128351,0.00240804709088
0.128647,0.00229589731705
0.128944,0.00218848183882
0.129241,0.00208563104178
0.129539,0.00198717951168
0.129837,0.00189296605483
0.130137,0.00180283370749
0.130437,0.00171662973506
0.130737,0.00163420562191
0.131039,0.00155541705261
0.131341,0.00148012388519
0.131644,0.00140819011733
0.131947,0.00133948384584
0.132251,0.00127387722031
0.132556,0.00121124639126
0.132862,0.00115147145361
0.133168,0.00109443638565
0.133475,0.00104002898438
0.133783,0.000988140797307
0.134091,0.000938667051373
0.1344,0.000891506579331
0.13471,0.000846561743929
0.135021,0.000803738360287
0.135332,0.000762945616781
0.135644,0.000724095994737
0.135956,0.000687105187227
0.13627,0.000651892017234
0.136584,0.000618378355414
0.136899,0.0005864890377
0.137214,0.000556151782947
0.137531,0.000527297110813
0.137848,0.000499858260051
0.138166,0.000473771107363
0.138484,0.000448974086989
0.138803,0.000425408111124
0.139123,0.000403016491322
0.139444,0.00038174486097
0.139765,0.00036154109893
0.140088,0.000342355254445
0.140411,0.000324139473379
0.140734,0.00030684792585
0.141059,0.00029043673532
0.141384,0.000274863909192
0.14171,0.000260089270948
0.142036,0.000246074393859
0.142364,0.000232782536313
0.142692,0.000220178578748
0.143021,0.000208228962241
0.143351,0.000196901628731
0.143681,0.0001861659629
0.144012,0.000175992735706
0.144344,0.000166354049558
0.144677,0.000157223285134
0.145011,0.000148575049822
0.145345,0.000140385127773
0.14568,0.000132630431551
0.146016,0.000125288955354
0.146352,0.000118339729784
0.14669,0.000111762778151
0.147028,0.000105539074269
0.147367,9.96505017273e-05
0.147707,9.40798146106e-05
0.148047,8.88105996221e-05
0.148388,8.38272395961e-05
0.14873,7.91148783569e-05
0.149073,7.46593868949e-05
0.149417,7.04473308266e-05
0.149761,6.64659391039e-05
0.150107,6.27030739407e-05
0.150453,5.91472019199e-05
0.150799,5.57873662498e-05
0.151147,5.26131601341e-05
0.151496,4.96147012224e-05
0.151845,4.6782607107e-05
0.152195,4.41079718342e-05
0.152546,4.15823433947e-05
0.152897,3.91977021637e-05
0.15325,3.69464402557e-05
0.153603,3.4821341765e-05
0.153957,3.2815563859e-05
0.154312,3.09226186949e-05
0.154668,2.91363561308e-05
0.155024,2.74509471997e-05
0.155382,2.58608683207e-05
0.15574,2.43608862183e-05
0.156099,2.29460435219e-05
0.156459,2.1611645021e-05
0.156819,2.03532445495e-05
0.157181,1.91666324735e-05
0.157543,1.80478237596e-05
0.157906,1.69930465996e-05
0.15827,1.59987315685e-05
0.158635,1.50615012945e-05
0.159001,1.41781606189e-05
0.159368,1.33456872254e-05
0.159735,1.25612227198e-05
0.160103,1.18220641382e-05
0.160472,1.11256558689e-05
0.160842,1.04695819662e-05
0.161213,9.85155884102e-06
0.161585,9.26942831183e-06
0.161957,8.72115099788e-06
0.16233,8.20480004127e-06
0.162705,7.71855514191e-06
0.16308,7.26069689132e-06
0.163456,6.82960139157e-06
0.163832,6.42373514608e-06
0.16421,6.04165020969e-06
0.164589,5.68197958577e-06
0.164968,5.34343285875e-06
0.165348,5.02479205092e-06
0.16573,4.72490769275e-06
0.166112,4.44269509653e-06
0.166494,4.17713082346e-06
0.166878,3.92724933485e-06
0.167263,3.69213981847e-06
0.167649,3.47094318137e-06
0.168035,3.26284920104e-06
0.168422,3.06709382712e-06
0.168811,2.88295662603e-06
0.1692,2.7097583615e-06
0.16959,2.54685870411e-06
0.169981,2.39365406338e-06
0.170373,2.24957553617e-06
0.170765,2.11408696547e-06
0.171159,1.98668310398e-06
0.171554,1.8668878771e-06
0.171949,1.75425274011e-06
0.172345,1.64835512488e-06
0.172743,1.54879697123e-06
0.173141,1.45520333871e-06
0.17354,1.36722109451e-06
0.17394,1.28451767351e-06
0.174341,1.20677990674e-06
0.174743,1.13371291449e-06
0.175146,1.06503906088e-06
0.17555,1.00049696632e-06
0.175954,9.39840575068e-07
0.17636,8.82838274724e-07
0.176766,8.29272064987e-07
0.177174,7.78936772972e-07
0.177582,7.31639312591e-07
0.177992,6.87197985611e-07
0.178402,6.45441822116e-07
0.178813,6.06209958241e-07
0.179226,5.6935104913e-07
0.179639,5.34722715192e-07
0.180053,5.02191019831e-07
0.180468,4.71629976918e-07
0.180884,4.42921086352e-07
0.181301,4.15952896168e-07
0.181719,3.90620589719e-07
0.182138,3.66825596526e-07
0.182558,3.44475225495e-07
0.182978,3.23482319237e-07
0.1834,3.0376492831e-07
0.183823,2.85246004283e-07
0.184247,2.67853110536e-07
0.184671,2.5151814982e-07
0.185097,2.36177107618e-07
0.185524,2.2176981042e-07
0.185952,2.08239698058e-07
0.18638,1.95533609307e-07
0.18681,1.83601580005e-07
0.187241,1.72396652957e-07
0.187672,1.61874698976e-07
0.188105,1.51994248397e-07
0.188538,1.42716332486e-07
0.188973,1.34004334164e-07
0.189409,1.25823847504e-07
0.189845,1.18142545518e-07
0.190283,1.10930055722e-07
0.190722,1.04157843064e-07
0.191161,9.77990997647e-08
0.191602,9.1828641672e-08
0.192044,8.62228107662e-08
0.192486,8.09593834397e-08
0.19293,7.60174842261e-08
0.193375,7.13775046552e-08
0.193821,6.70210269369e-08
0.194267,6.29307521896e-08
0.194715,5.90904329486e-08
0.195164,5.54848097007e-08
0.195614,5.20995512113e-08
0.196065,4.89211984178e-08
0.196517,4.5937111682e-08
0.19697,4.3135421201e-08
0.197424,4.05049803915e-08
0.197879,3.8035322071e-08
0.198335,3.571661727e-08
0.198792,3.35396365206e-08
0.199251,3.14957134724e-08
0.19971,2.95767106993e-08
0.20017,2.77749875662e-08
0.200632,2.60833700324e-08
0.201094,2.44951222775e-08
0.201558,2.30039200399e-08
0.202023,2.16038255661e-08
0.202488,2.02892640743e-08
0.202955,1.90550016431e-08
0.203423,1.78961244365e-08
0.203892,1.68080191897e-08
0.204362,1.57863548759e-08
0.204833,1.48270654859e-08
0.205305,1.39263338522e-08
0.205778,1.30805764556e-08
0.206253,1.22864291544e-08
0.206728,1.15407337814e-08
0.207205,1.08405255554e-08
0.207682,1.01830212596e-08
0.208161,9.56560813829e-09
0.208641,8.98583347099e-09
0.209122,8.44139478106e-09
0.209604,7.93013064144e-09
0.210087,7.45001204106e-09
0.210572,6.9991342779e-09
0.211057,6.57570934692e-09
0.211544,6.17805879265e-09
0.212031,5.80460699842e-09
0.21252,5.45387488557e-09
0.21301,5.1244739978e-09
0.213501,4.81510094716e-09
0.213993,4.52453219984e-09
0.214486,4.25161918081e-09
0.214981,3.99528367822e-09
0.215476,3.75451352896e-09
0.215973,3.5283585685e-09
0.216471,3.31592682877e-09
0.21697,3.11638096896e-09
0.21747,2.92893492499e-09
0.217972,2.7528507644e-09
0.218474,2.58743573401e-09
0.218978,2.4320394886e-09
0.219482,2.28605148951e-09
0.219988,2.14889856289e-09
0.220496,2.02004260763e-09
0.221004,1.89897844402e-09
0.221513,1.78523179434e-09
0.222024,1.67835738745e-09
0.222536,1.57793717968e-09
0.223049,1.48357868491e-09
0.223563,1.39491340725e-09
0.224078,1.31159536985e-09
0.224595,1.23329973409e-09
0.225113,1.15972150356e-09
0.225632,1.0905743076e-09
0.226152,1.02558925957e-09
0.226673,9.64513885181e-10
0.227196,9.07111116745e-10
0.227719,8.53158349061e-10
0.228244,8.02446553375e-10
0.22877,7.54779445714e-10
0.229298,7.09972706306e-10
0.229826,6.67853246925e-10
0.230356,6.28258523237e-10
0.230887,5.9103588936e-10
0.231419,5.56041992062e-10
0.231953,5.23142202148e-10
0.232488,4.92210080752e-10
0.233024,4.63126878401e-10
0.233561,4.35781064815e-10
0.234099,4.1006788757e-10
0.234639,3.85888957847e-10
0.23518,3.6315186159e-10
0.235722,3.4176979453e-10
0.236265,3.21661219589e-10
0.23681,3.02749545302e-10
0.237356,2.84962823953e-10
0.237903,2.68233468228e-10
0.238451,2.52497985228e-10
0.239001,2.37696726789e-10
0.239552,2.23773655105e-10
0.240104,2.10676122706e-10
0.240658,1.98354665911e-10
0.241213,1.8676281094e-10
0.241769,1.75856891885e-10
0.242326,1.65595879833e-10
0.242885,1.55941222439e-10
0.243444,1.46856693319e-10
0.244006,1.38308250654e-10
0.244568,1.30263904439e-10
0.245132,1.22693591851e-10
0.245697,1.15569060227e-10
0.246263,1.08863757201e-10
0.246831,1.02552727544e-10
0.2474,9.66125163093e-11
0.24797,9.1021077883e-11
0.248542,8.57576905921e-11
0.249115,8.08028765168e-11
0.249689,7.61383261948e-11
0.250265,7.17468279156e-11
0.250842,6.76122013237e-11
0.25142,6.37192350668e-11
0.252,6.00536282408e-11
0.252581,5.66019353999e-11
0.253163,5.33515149128e-11
0.253746,5.02904804599e-11
0.254331,4.74076554806e-11
0.254918,4.46925303889e-11
0.255505,4.21352223883e-11
0.256094,3.97264377281e-11
0.256685,3.74574362495e-11
0.257276,3.53199980852e-11
0.257869,3.33063923769e-11
0.258464,3.14093478903e-11
0.25906,2.96220254114e-11
0.259657,2.7937991814e-11
0.260255,2.63511956977e-11
0.260855,2.48559445007e-11
0.261457,2.34468829963e-11
0.262059,2.21189730904e-11
0.262664,2.08674748391e-11
0.263269,1.96879286138e-11
0.263876,1.85761383424e-11
0.264484,1.75281557622e-11
0.265094,1.65402656221e-11
0.265705,1.56089717778e-11
0.266318,1.47309841235e-11
0.266932,1.3903206312e-11
0.267547,1.31227242129e-11
0.268164,1.23867950653e-11
0.268782,1.16928372832e-11
0.269401,1.1038420873e-11
0.270022,1.04212584267e-11
0.270645,9.8391966559e-12
0.271269,9.29020843329e-12
0.271894,8.77238531173e-12
0.272521,8.28393049141e-12
0.273149,7.82315220826e-12
0.273779,7.38845751807e-12
0.27441,6.97834645243e-12
0.275043,6.59140652412e-12
0.275677,6.22630756068e-12
0.276312,5.88179684657e-12
0.276949,5.55669455517e-12
0.277587,5.24988945322e-12
0.278227,4.96033486131e-12
0.278869,4.68704485494e-12
0.279512,4.42909069174e-12
0.280156,4.18559745122e-12
0.280802,3.95574087428e-12
0.281449,3.73874439056e-12
0.282098,3.53387632214e-12
0.282748,3.34044725335e-12
0.2834,3.15780755635e-12
0.284053,2.98534506349e-12
0.284708,2.82248287738e-12
0.285364,2.66867731063e-12
0.286022,2.52341594742e-12
0.286682,2.38621581955e-12
0.287342,2.25662169032e-12
0.288005,2.13420443956e-12
0.288669,2.01855954401e-12
0.289334,1.90930564715e-12
0.290001,1.80608321335e-12
0.29067,1.70855326114e-12
0.29134,1.61639617102e-12
0.292011,1.52931056328e-12
0.292685,1.44701224176e-12
0.293359,1.36923319958e-12
0.294036,1.29572068312e-12
0.294713,1.22623631091e-12
0.295393,1.16055524404e-12
0.296074,1.09846540518e-12
0.296756,1.03976674315e-12
0.29744,9.84270540578e-13
0.298126,9.31798761835e-13
0.298813,8.82183439117e-13
0.299502,8.35266094241e-13
0.300193,7.90897194127e-13
0.300885,7.48935637972e-13
0.301578,7.09248274239e-13
0.302273,6.71709445702e-13
0.30297,6.36200560912e-13
0.303669,6.02609690516e-13
0.304369,5.7083118697e-13
0.30507,5.40765326283e-13
0.305774,5.12317970483e-13
0.306478,4.85400249611e-13
0.307185,4.59928262076e-13
0.307893,4.35822792314e-13
0.308603,4.13009044727e-13
0.309314,3.91416392958e-13
0.310027,3.70978143604e-13
0.310742,3.51631313525e-13
0.311458,3.33316419946e-13
0.312176,3.15977282625e-13
0.312896,2.99560837371e-13
0.313617,2.84016960255e-13
0.31434,2.69298301887e-13
0.315065,2.5536013119e-13
0.315791,2.42160188101e-13
0.316519,2.2965854469e-13
0.317249,2.17817474212e-13
0.31798,2.06601327625e-13
0.318713,1.95976417148e-13
0.319448,1.85910906449e-13
0.320184,1.7637470708e-13
0.320922,1.67339380803e-13
0.321662,1.58778047453e-13
0.322404,1.50665298046e-13
0.323147,1.42977112793e-13
0.323892,1.35690783775e-13
0.324638,1.28784841985e-13
0.325387,1.22238988495e-13
0.326137,1.16034029513e-13
0.326889,1.10151815106e-13
0.327642,1.04575181379e-13
0.328398,9.9287895904e-14
0.329155,9.42746062287e-14
0.329913,8.95207912766e-14
0.330674,8.50127154774e-14
0.331436,8.07373854721e-14
0.3322,7.66825092456e-14
0.332966,7.28364575483e-14
0.333734,6.91882274776e-14
0.334503,6.57274080949e-14
0.335274,6.24441479631e-14
0.336047,5.93291244963e-14
0.336822,5.63735150181e-14
0.337598,5.35689694317e-14
0.338376,5.09075844109e-14
0.339156,4.83818790264e-14
0.339938,4.59847717247e-14
0.340722,4.37095585855e-14
0.341507,4.15498927834e-14
0.342294,3.94997651876e-14
0.343084,3.75534860343e-14
0.343874,3.57056676125e-14
0.344667,3.39512079053e-14
0.345462,3.22852751341e-14
0.346258,3.07032931541e-14
0.347056,2.9200927654e-14
0.347856,2.77740731139e-14
0.348658,2.64188404812e-14
0.349462,2.51315455214e-14
0.350268,2.39086978087e-14
0.351075,2.27469903189e-14
0.351884,2.1643289592e-14
0.352695,2.0594626433e-14
0.353509,1.95981871199e-14
0.354323,1.86513050913e-14
0.35514,1.77514530879e-14
0.355959,1.68962357204e-14
0.356779,1.60833824431e-14
0.357602,1.53107409078e-14
0.358426,1.45762706796e-14
0.359253,1.3878037293e-14
0.360081,1.32142066293e-14
0.360911,1.25830395994e-14
0.361743,1.19828871126e-14
0.362577,1.14121853185e-14
0.363413,1.08694511046e-14
0.36425,1.03532778361e-14
0.36509,9.8623313266e-15
0.365932,9.39534602345e-15
0.366775,8.95112139953e-15
0.367621,8.52851853776e-15
0.368468,8.126456899e-15
0.369317,7.74391126287e-15
0.370169,7.37990883222e-15
0.371022,7.03352649228e-15
0.371877,6.70388821602e-15
0.372735,6.39016260791e-15
0.373594,6.09156057845e-15
0.374455,5.80733314233e-15
0.375318,5.53676933366e-15
0.376184,5.27919423186e-15
0.377051,5.03396709214e-15
0.37792,4.80047957508e-15
0.378791,4.57815406982e-15
0.379664,4.36644210586e-15
0.38054,4.16482284876e-15
0.381417,3.97280167505e-15
0.382296,3.78990882235e-15
0.383177,3.61569811037e-15
0.384061,3.44974572923e-15
0.384946,3.29164909133e-15
0.385833,3.14102574347e-15
0.386723,2.99751233593e-15
0.387614,2.86076364547e-15
0.388508,2.73045164948e-15
0.389404,2.60626464832e-15
0.390301,2.48790643359e-15
0.391201,2.37509549959e-15
0.392103,2.26756429591e-15
0.393007,2.16505851876e-15
0.393913,2.0673364392e-15
0.394821,1.97416826612e-15
0.395731,1.88533554226e-15
0.396643,1.80063057146e-15
0.397557,1.71985587551e-15
0.398474,1.64282367903e-15
0.399392,1.56935542094e-15
0.400313,1.49928129106e-15
0.401236,1.43243979055e-15
0.402161,1.36867731493e-15
0.403088,1.30784775856e-15
0.404017,1.2498121393e-15
0.404949,1.19443824248e-15
0.405882,1.14160028298e-15
0.406818,1.09117858472e-15
0.407756,1.04305927633e-15
0.408696,9.971340025e-16
0.409638,9.53299649867e-16
0.410582,9.11458086976e-16
0.411528,8.71515917362e-16
0.412477,8.33384245195e-16
0.413428,7.96978452795e-16
0.414381,7.622179894e-16
0.415336,7.29026170618e-16
0.416294,6.9732998801e-16
0.417253,6.67059928265e-16
0.418215,6.38149801492e-16
0.419179,6.10536578157e-16
0.420146,5.84160234197e-16
0.421114,5.58963603924e-16
0.422085,5.34892240306e-16
0.423058,5.11894282227e-16
0.424033,4.89920328402e-16
0.425011,4.68923317591e-16
0.42599,4.48858414776e-16
0.426972,4.29682903032e-16
0.427957,4.11356080755e-16
0.428943,3.93839164024e-16
0.429932,3.77095193796e-16
0.430923,3.61088947711e-16
0.431917,3.45786856262e-16
0.432912,3.31156923118e-16
0.43391,3.17168649378e-16
0.43491,3.03792961572e-16
0.435913,2.91002143203e-16
0.436918,2.78769769666e-16
0.437925,2.67070646368e-16
0.438935,2.55880749879e-16
0.439946,2.45177171984e-16
0.440961,2.34938066467e-16
0.441977,2.25142598497e-16
0.442996,2.15770896498e-16
0.444017,2.06804006363e-16
0.445041,1.982238479e-16
0.446067,1.90013173398e-16
0.447095,1.82155528218e-16
0.448126,1.74635213284e-16
0.449159,1.67437249405e-16
0.450194,1.60547343321e-16
0.451232,1.53951855396e-16
0.452272,1.47637768871e-16
0.453315,1.41592660598e-16
0.45436,1.35804673191e-16
0.455407,1.30262488519e-16
0.456457,1.24955302465e-16
0.457509,1.19872800908e-16
0.458564,1.15005136852e-16
0.459621,1.10342908654e-16
0.460681,1.0587713929e-16
0.461743,1.01599256616e-16
0.462807,9.75010745707e-17
0.463874,9.35747752715e-17
0.464943,8.98128919693e-17
0.466015,8.6208292808e-17
0.467089,8.27541653577e-17
0.468166,7.94440018841e-17
0.469245,7.62715853116e-17
0.470327,7.32309758539e-17
0.471411,7.0316498276e-17
0.472498,6.7522729756e-17
0.473587,6.48444883214e-17
0.474679,6.2276821828e-17
0.475773,5.98149974585e-17
0.47687,5.74544917128e-17
0.477969,5.51909808702e-17
0.479071,5.30203318955e-17
0.480175,5.0938593773e-17
0.481282,4.89419892447e-17
0.482392,4.70269069332e-17
0.483504,4.51898938334e-17
0.484618,4.34276481517e-17
0.485736,4.17370124809e-17
0.486855,4.01149672884e-17
0.487978,3.85586247101e-17
0.489102,3.70652226287e-17
0.49023,3.56321190279e-17
0.49136,3.42567866062e-17
0.492493,3.293680764e-17
0.493628,3.16698690829e-17
0.494766,3.04537578904e-17
0.495907,2.92863565602e-17
0.49705,2.81656388763e-17
0.498196,2.70896658487e-17
0.499344,2.60565818388e-17
0.500495,2.50646108623e-17
0.501649,2.41120530603e-17
0.502805,2.31972813317e-17
0.503964,2.23187381188e-17
0.505126,2.14749323395e-17
0.506291,2.06644364584e-17
0.507458,1.98858836908e-17
0.508628,1.91379653336e-17
0.5098,1.8419428217e-17
0.510975,1.7729072271e-17
0.512153,1.70657482021e-17
0.513334,1.64283552741e-17
0.514517,1.58158391901e-17
0.515703,1.5227190068e-17
0.516892,1.46614405081e-17
0.518084,1.41176637471e-17
0.519278,1.35949718942e-17
0.520475,1.30925142468e-17
0.521675,1.2609475681e-17
0.522877,1.21450751141e-17
0.524083,1.16985640354e-17
0.525291,1.12692251022e-17
0.526502,1.08563707988e-17
0.527716,1.04593421542e-17
0.528932,1.00775075174e-17
0.530151,9.71026138597e-18
0.531373,9.35702328737e-18
0.532598,9.01723670896e-18
0.533826,8.69036807528e-18
0.535057,8.37590577063e-18
0.53629,8.07335920429e-18
0.537526,7.78225791687e-18
0.538766,7.50215072604e-18
0.540008,7.23260490927e-18
0.541252,6.97320542267e-18
0.5425,6.72355415372e-18
0.543751,6.48326920664e-18
0.545004,6.25198421891e-18
0.546261,6.02934770753e-18
0.54752,5.81502244354e-18
0.548782,5.60868485387e-18
0.550047,5.4100244489e-18
0.551315,5.21874327498e-18
0.552586,5.03455539037e-18
0.55386,4.85718636402e-18
0.555137,4.68637279582e-18
0.556416,4.52186185744e-18
0.557699,4.36341085304e-18
0.558985,4.21078679877e-18
0.560273,4.0637660202e-18
0.561565,3.92213376718e-18
0.562859,3.78568384488e-18
0.564157,3.65421826088e-18
0.565457,3.52754688708e-18
0.566761,3.40548713608e-18
0.568067,3.28786365135e-18
0.569377,3.17450801048e-18
0.570689,3.06525844107e-18
0.572005,2.95995954859e-18
0.573324,2.85846205582e-18
0.574645,2.76062255325e-18
0.57597,2.66630325994e-18
0.577298,2.57537179464e-18
0.578629,2.48770095625e-18
0.579962,2.4031685138e-18
0.581299,2.32165700501e-18
0.582639,2.24305354342e-18
0.583983,2.16724963348e-18
0.585329,2.09414099349e-18
0.586678,2.0236273858e-18
0.588031,1.9556124542e-18
0.589386,1.89000356792e-18
0.590745,1.8267116723e-18
0.592107,1.76565114548e-18
0.593471,1.70673966115e-18
0.59484,1.64989805693e-18
0.596211,1.59505020815e-18
0.597585,1.54212290692e-18
0.598963,1.49104574611e-18
0.600344,1.44175100815e-18
0.601728,1.39417355836e-18
0.603115,1.3482507427e-18
0.604505,1.3039222897e-18
0.605898,1.2611302163e-18
0.607295,1.21981873779e-18
0.608695,1.17993418109e-18
0.610098,1.14142490186e-18
0.611505,1.10424120478e-18
0.612914,1.06833526725e-18
0.614327,1.03366106594e-18
0.615744,1.00017430661e-18
0.617163,9.67832356519e-19
0.618586,9.36594179729e-19
0.620012,9.06420274942e-19
0.621441,8.77272615856e-19
0.622874,8.49114593934e-19
0.624309,8.21910963462e-19
0.625749,7.95627788832e-19
0.627191,7.70232393902e-19
0.628637,7.45693313422e-19
0.630086,7.21980246374e-19
0.631539,6.99064011186e-19
0.632994,6.76916502731e-19
0.634454,6.55510651035e-19
0.635916,6.3482038163e-19
0.637382,6.14820577479e-19
0.638851,5.95487042411e-19
0.640324,5.76796465988e-19
0.6418,5.58726389809e-19
0.64328,5.41255175071e-19
0.644763,5.24361971481e-19
0.646249,5.08026687341e-19
0.647739,4.92229960829e-19
0.649232,4.76953132425e-19
0.650729,4.62178218366e-19
0.652229,4.47887885208e-19
0.653732,4.34065425324e-19
0.655239,4.20694733396e-19
0.65675,4.07760283803e-19
0.658264,3.95247108897e-19
0.659781,3.83140778128e-19
0.661302,3.71427377973e-19
0.662827,3.6009349264e-19
0.664354,3.4912618553e-19
0.665886,3.38512981413e-19
0.667421,3.28241849268e-19
0.66896,3.18301185837e-19
0.670502,3.08679799756e-19
0.672047,2.99366896334e-19
0.673597,2.9035206289e-19
0.675149,2.81625254686e-19
0.676706,2.73176781357e-19
0.678266,2.64997293896e-19
0.679829,2.5707777211e-19
0.681396,2.49409512574e-19
0.682967,2.41984117026e-19
0.684542,2.34793481222e-19
0.68612,2.27829784192e-19
0.687701,2.21085477933e-19
0.689287,2.1455327745e-19
0.690876,2.08226151222e-19
0.692468,2.02097311992e-19
0.694065,1.96160207918e-19
0.695665,1.90408514056e-19
0.697268,1.84836124165e-19
0.698876,1.79437142813e-19
0.700487,1.74205877787e-19
0.702101,1.69136832785e-19
0.70372,1.64224700377e-19
0.705342,1.59464355227e-19
0.706968,1.54850847585e-19
0.708598,1.50379396996e-19
0.710231,1.46045386266e-19
0.711869,1.41844355631e-19
0.71351,1.3777199716e-19
0.715154,1.33824149357e-19
0.716803,1.2999679196e-19
0.718455,1.2628604094e-19
0.720112,1.22688143675e-19
0.721772,1.19199474316e-19
0.723436,1.15816529294e-19
0.725103,1.1253592304e-19
0.726775,1.09354383805e-19
0.72845,1.06268749685e-19
0.730129,1.03275964752e-19
0.731813,1.00373075352e-19
0.7335,9.75572265197e-20
0.73519,9.48256585442e-20
0.736885,9.21757036328e-20
0.738584,8.96047827211e-20
0.740287,8.71104023878e-20
0.741993,8.46901518726e-20
0.743704,8.23417002235e-20
0.745418,8.00627935238e-20
0.747136,7.78512522346e-20
0.748859,7.57049686312e-20
0.750585,7.36219043195e-20
0.752315,7.16000878579e-20
0.75405,6.96376124556e-20
0.755788,6.77326337518e-20
0.75753,6.58833676808e-20
0.759276,6.40880884077e-20
0.761027,6.23451263394e-20
0.762781,6.06528662089e-20
0.764539,5.90097452223e-20
0.766302,5.74142512769e-20
0.768068,5.58649212358e-20
0.769839,5.43603392781e-20
0.771614,5.28991352845e-20
0.773392,5.14799833019e-20
0.775175,5.01016000482e-20
0.776962,4.87627434766e-20
0.778753,4.74622113861e-20
0.780548,4.61988400838e-20
0.782348,4.49715030953e-20
0.784151,4.37791099108e-20
0.785959,4.2620604791e-20
0.787771,4.14949656e-20
0.789587,4.0401202685e-20
0.791407,3.93383577976e-20
0.793231,3.83055030463e-20
0.79506,3.7301739891e-20
0.796893,3.63261981671e-20
0.79873,3.53780351505e-20
0.800571,3.44564346469e-20
0.802417,3.35606061163e-20
0.804266,3.26897838297e-20
0.80612,3.18432260519e-20
0.807979,3.10202142519e-20
0.809841,3.02200523428e-20
0.811708,2.9442065947e-20
0.813579,2.86856016846e-20
0.815455,2.79500264879e-20
0.817335,2.72347269398e-20
0.819219,2.65391086341e-20
0.821107,2.58625955562e-20
0.823,2.52046294858e-20
0.824897,2.4564669422e-20
0.826799,2.39421910227e-20
0.828705,2.33366860701e-20
0.830615,2.27476619472e-20
0.83253,2.21746411357e-20
0.834449,2.16171607313e-20
0.836373,2.10747719729e-20
0.838301,2.054703979e-20
0.840233,2.00335423624e-20
0.84217,1.95338706981e-20
0.844112,1.90476282227e-20
0.846057,1.85744303847e-20
0.848008,1.81139042697e-20
0.849963,1.76656882333e-20
0.851922,1.72294315427e-20
0.853886,1.68047940295e-20
0.855854,1.63914457562e-20
0.857827,1.59890666936e-20
0.859805,1.55973464067e-20
0.861787,1.52159837527e-20
0.863773,1.48446865895e-20
0.865765,1.44831714918e-20
0.86776,1.41311634788e-20
0.869761,1.37883957482e-20
0.871766,1.34546094224e-20
0.873776,1.31295532985e-20
0.87579,1.28129836114e-20
0.877809,1.25046638004e-20
0.879832,1.22043642865e-20
0.88186,1.19118622549e-20
0.883893,1.16269414452e-20
0.885931,1.13493919496e-20
0.887973,1.10790100153e-20
0.89002,1.08155978553e-20
0.892072,1.05589634643e-20
0.894128,1.0308920441e-20
0.89619,1.00652878157e-20
0.898255,9.82788988411e-21
0.900326,9.5965560456e-21
0.902402,9.37112064696e-21
0.904482,9.15142283275e-21
0.906567,8.93730639697e-21
0.908657,8.72861964257e-21
0.910751,8.52521524466e-21
0.912851,8.32695011708e-21
0.914955,8.13368528439e-21
0.917064,7.94528575766e-21
0.919179,7.76162041345e-21
0.921297,7.58256187661e-21
0.923421,7.40798640943e-21
0.92555,7.23777380018e-21
0.927684,7.07180725834e-21
0.929822,6.90997331117e-21
0.931966,6.75216170468e-21
0.934114,6.59826530817e-21
0.936267,6.4481800195e-21
0.938426,6.3018046762e-21
0.940589,6.15904096669e-21
0.942757,6.01979334668e-21
0.94493,5.88396895622e-21
0.947109,5.75147754064e-21
0.949292,5.62223137302e-21
0.95148,5.49614518001e-21
0.953674,5.37313606895e-21
0.955872,5.2531234582e-21
0.958076,5.13602900868e-21
0.960284,5.02177655817e-21
0.962498,4.91029205808e-21
0.964717,4.8015035103e-21
0.966941,4.69534090856e-21
0.96917,4.59173617938e-21
0.971404,4.49062312591e-21
0.973643,4.39193737394e-21
0.975888,4.2956163177e-21
0.978137,4.20159907009e-21
0.980392,4.10982641102e-21
0.982652,4.02024074091e-21
0.984918,3.93278603301e-21
0.987188,3.84740778814e-21
0.989464,3.76405299056e-21
0.991745,3.68267006556e-21
0.994031,3.60320883818e-21
0.996322,3.52562049234e-21
0.998619,3.44985753305e-21
1.00092,3.37587374767e-21
1.00323,3.30362416975e-21
1.00554,3.23306504339e-21
1.00786,3.16415378907e-21
1.01018,3.09684896976e-21
1.01251,3.03111025859e-21
1.01485,2.96689840791e-21
1.01718,2.90417521795e-21
1.01953,2.84290350787e-21
1.02188,2.78304708682e-21
1.02424,2.72457072586e-21
1.0266,2.66744013115e-21
1.02896,2.61162191758e-21
1.03134,2.55708358338e-21
1.03371,2.50379348523e-21
1.0361,2.45172081446e-21
1.03848,2.40083557346e-21
1.04088,2.35110855355e-21
1.04328,2.30251131249e-21
1.04568,2.25501615344e-21
1.04809,2.20859610458e-21
1.05051,2.16322489831e-21
1.05293,2.11887695226e-21
1.05536,2.07552735055e-21
1.05779,2.03315182459e-21
1.06023,1.9917267364e-21
1.06267,1.9512290602e-21
1.06512,1.91163636622e-21
1.06758,1.87292680422e-21
1.07004,1.83507908758e-21
1.07251,1.79807247782e-21
1.07498,1.76188676983e-21
1.07746,1.72650227724e-21
1.07994,1.69189981829e-21
1.08243,1.65806070206e-21
1.08493,1.62496671518e-21
1.08743,1.59260010914e-21
1.08993,1.56094358734e-21
1.09245,1.52998029302e-21
1.09496,1.49969379746e-21
1.09749,1.47006808861e-21
1.10002,1.44108755927e-21
1.10255,1.41273699699e-21
1.1051,1.38500157319e-21
1.10764,1.3578668325e-21
1.1102,1.33131868335e-21
1.11276,1.30534338804e-21
1.11532,1.2799275532e-21
1.11789,1.25505812074e-21
1.12047,1.2307223591e-21
1.12305,1.20690785426e-21
1.12564,1.18360250166e-21
1.12824,1.16079449808e-21
1.13084,1.13847233374e-21
1.13344,1.11662478514e-21
1.13606,1.09524090819e-21
1.13868,1.07431003231e-21
1.1413,1.05382175631e-21
1.14393,1.03376594714e-21
1.14657,1.0141327432e-21
1.14921,9.94912568742e-22
1.15186,9.76096164839e-22
1.15452,9.57674655831e-22
1.15718,9.39639677418e-22
1.15984,9.21983622278e-22
1.16252,9.04700098354e-22
1.1652,8.87784779931e-22
1.16788,8.71236969677e-22
1.17058,8.55062449119e-22
1.17328,8.39278647437e-22
1.17598,8.23923957729e-22
1.17869,8.09074434303e-22
1.18141,7.94873555725e-22
1.18413,7.81584985775e-22
1.18686,7.69685600512e-22
1.1896,7.60028637065e-22
1.19234,7.54128297051e-22
1.19509,7.5465360543e-22
1.19784,7.66280877922e-22
1.2006,7.97157516691e-22
1.20337,8.61402481351e-22
1.20615,9.83355549035e-22
1.20893,1.20476132039e-21
1.21171,1.59685273394e-21
1.21451,2.28057213881e-21
1.21731,3.46023878491e-21
1.22011,5.4793218104e-21
1.22293,8.91236970486e-21
1.22574,1.47157800041e-20
1.22857,2.44738432684e-20
1.2314,4.07982842261e-20
1.23424,6.79738728673e-20
1.23709,1.1299655455e-19
1.23994,1.8723462088e-19
1.2428,3.09073973956e-19
1.24566,5.08110174236e-19
1.24853,8.31759881594e-19
1.25141,1.35563826288e-18
1.2543,2.19977016597e-18
1.25719,3.55379490207e-18
1.26009,5.71596979362e-18
1.26299,9.15324434581e-18
1.2659,1.4593356861e-17
1.26882,2.31653684105e-17
1.27174,3.66131197691e-17
1.27468,5.76179618719e-17
1.27761,9.02844686972e-17
1.28056,1.40868114152e-16
1.28351,2.18860512373e-16
1.28647,3.38600622071e-16
1.28944,5.216560881e-16
1.29241,8.0032711076e-16
1.29539,1.2227790527e-15
1.29837,1.86052759025e-15
1.30137,2.81930657733e-15
1.30437,4.25477808187e-15
1.30737,6.39514276838e-15
1.31039,9.5735398634e-15
1.31341,1.42742740825e-14
1.31644,2.11984857154e-14
1.31947,3.1357040776e-14
1.32251,4.62013616265e-14
1.32556,6.78069091694e-14
1.32862,9.91294135584e-14
1.33168,1.44361184224e-13
1.33475,2.09424501719e-13
1.33783,3.02651963931e-13
1.34091,4.35720705418e-13
1.344,6.24929881797e-13
1.3471,8.92940297892e-13
1.35021,1.27113357243e-12
1.35332,1.80279829576e-12
1.35644,2.54741540775e-12
1.35956,3.58639844514e-12
1.3627,5.03075121245e-12
1.36584,7.03124183205e-12
1.36899,9.79186526167e-12
1.37214,1.35875852172e-11
1.37531,1.87876215701e-11
1.37848,2.58858936776e-11
1.38166,3.55406590654e-11
1.38484,4.8625918491e-11
1.38803,6.62978142924e-11
1.39123,9.00800535066e-11
1.39444,1.21973370602e-10
1.39765,1.64595238704e-10
1.40088,2.21357482103e-10
1.40411,2.96691180521e-10
1.40734,3.96330332289e-10
1.41059,5.27668219101e-10
1.41384,7.00203340878e-10
1.4171,9.26095239292e-10
1.42036,1.22085456479e-09
1.42364,1.60419643815e-09
1.42692,2.10109160291e-09
1.43021,2.74305611724e-09
1.43351,3.56972748715e-09
1.43681,4.63078327597e-09
1.44012,5.98826739269e-09
1.44344,7.71939953758e-09
1.44677,9.91995470957e-09
1.45011,1.2708312344e-08
1.45345,1.6230288387e-08
1.4568,2.06648787114e-08
1.46016,2.6231058311e-08
1.46352,3.31957979583e-08
1.4669,4.1883477983e-08
1.47028,5.2686897576e-08
1.47367,6.60800972314e-08
1.47707,8.26332311323e-08
1.48047,1.03029745296e-07
1.48388,1.28086135405e-07
1.4873,1.58774574841e-07
1.49073,1.96248718545e-07
1.49417,2.41873000076e-07
1.49761,2.97255747278e-07
1.50107,3.64286446308e-07
1.50453,4.45177481446e-07
1.50799,5.42510670416e-07
1.51147,6.5928889865e-07
1.51496,7.98993131106e-07
1.51845,9.65645045805e-07
1.52195,1.1638754885e-06
1.52546,1.39899888882e-06
1.52897,1.67709371037e-06
1.5325,2.00508891748e-06
1.53603,2.39085635754e-06
1.53957,2.84330882318e-06
1.54312,3.37250344979e-06
1.54668,3.98974996048e-06
1.55024,4.70772309742e-06
1.55382,5.54057844354e-06
1.5574,6.50407061572e-06
1.56099,7.61567266206e-06
1.56459,8.89469527785e-06
1.56819,1.03624042705e-05
1.57181,1.20421344644e-05
1.57543,1.39593980835e-05
1.57906,1.61419854799e-05
1.5827,1.86200557565e-05
1.58635,2.14262149038e-05
1.59001,2.45955786797e-05
1.59368,2.81658175687e-05
1.59735,3.21771808748e-05
1.60103,3.66724971821e-05
1.60472,4.16971481204e-05
1.60842,4.72990128952e-05
1.61213,5.35283804103e-05
1.61585,6.04378269099e-05
1.61957,6.80820563346e-05
1.6233,7.65177015519e-05
1.62705,8.5803084741e-05
1.6308,9.59979354201e-05
1.63456,0.000107163065224
1.63832,0.000119359999377
1.6421,0.000132650564715
1.64589,0.000147096435227
1.64968,0.000162758636339
1.65348,0.000179697010852
1.6573,0.000197969648439
1.66112,0.00021763228293
1.66494,0.000238737661696
1.66878,0.000261334891531
1.67263,0.000285468768095
1.67649,0.000311179093395
1.68035,0.000338499990357
1.68422,0.000367459220104
1.68811,0.000398077511073
1.692,0.000430367908047
1.6959,0.000464335148829
1.69981,0.000499975078838
1.70373,0.000537274110017
1.70765,0.000576208735606
1.71159,0.000616745105395
1.71554,0.000658838673905
1.71949,0.000702433924088
1.72345,0.000747464176942
1.72743,0.000793851491912
1.73141,0.000841506662934
1.7354,0.000890329313943
1.7394,0.000940208097989
1.74341,0.000991021000212
1.74743,0.00104263574856
1.75146,0.00109491032623
1.7555,0.00114769359019
1.75954,0.00120082598419
1.7636,0.00125414035593
1.76766,0.00130746285105
1.77174,0.0013606138993
1.77582,0.00141340926974
1.77992,0.00146566119361
1.78402,0.0015171795349
1.78813,0.00156777301491
1.79226,0.00161725045777
1.79639,0.00166542206345
1.80053,0.00171210068263
1.80468,0.00175710309246
1.80884,0.00180025124521
1.81301,0.0018413734963
1.81719,0.00188030577968
1.82138,0.00191689273434
1.82558,0.00195098876824
1.82978,0.00198245903593
1.834,0.00201118034046
1.83823,0.00203704193937
1.84247,0.00205994624841
1.84671,0.00207980943451
1.85097,0.00209656190647
1.85524,0.00211014868309
1.85952,0.00212052964559
1.8638,0.00212767967914
1.8681,0.0021315886771
1.87241,0.00213226145886
1.87672,0.00212971754591
1.88105,0.0021239908488
1.88538,0.00211512924256
1.88973,0.00210319404391
1.89409,0.00208825940392
1.89845,0.0020704116115
1.90283,0.0020497483277
1.90722,0.00202637775084
1.91161,0.00200041773218
1.91602,0.00197199483665
1.92044,0.00194124337614
1.92486,0.00190830440572
1.9293,0.00187332471533
1.93375,0.0018364558046
1.93821,0.00179785286077
1.94267,0.00175767374992
1.94715,0.00171607802321
1.95164,0.00167322595632
1.95614,0.00162927760845
1.96065,0.00158439193855
1.96517,0.00153872595391
1.9697,0.00149243391642
1.97424,0.00144566659758
1.97879,0.00139857060001
1.98335,0.00135128773385
1.98792,0.00130395445601
1.99251,0.00125670138074
1.9971,0.00120965284561
2.0017,0.00116292654919
2.00632,0.00111663325375
2.01094,0.00107087654215
2.01558,0.00102575264985
2.02023,0.000981350343068
2.02488,0.000937750861518
2.02955,0.000895027910847
2.03423,0.000853247706096
2.03892,0.000812469064207
2.04362,0.000772743534575
2.04833,0.000734115573514
2.05305,0.00069662274991
2.05778,0.000660295985119
2.06253,0.00062515981834
2.06728,0.000591232693516
2.07205,0.000558527269581
2.07682,0.000527050742252
2.08161,0.000496805180486
2.08641,0.000467787868583
2.09122,0.00043999165737
2.09604,0.000413405313117
2.10087,0.000388013869214
2.10572,0.000363798973438
2.11057,0.000340739228598
2.11544,0.000318810527797
2.12031,0.000297986378389
2.1252,0.000278238214703
2.1301,0.000259535700065
2.13501,0.000241847012886
2.13993,0.000225139119431
2.14486,0.000209378031109
2.14981,0.00019452904535
2.15476,0.000180556970925
2.15973,0.000167426336878
2.16471,0.00015510158344
2.1697,0.000143547239056
2.1747,0.000132728079159
2.17972,0.000122609270568
2.18474,0.000113156499981
2.18978,0.000104336087669
2.19482,9.61150872738e-05
2.19988,8.84613718045e-05
2.20496,8.13437069749e-05
2.21004,7.47318125639e-05
2.21513,6.85964121025e-05
2.22024,6.29092722522e-05
2.22536,5.7643232665e-05
2.23049,5.2772226265e-05
2.23563,4.8271291826e-05
2.24078,4.4116578855e-05
2.24595,4.02853458364e-05
2.25113,3.6755952244e-05
2.25632,3.35078456628e-05
2.26152,3.05215437836e-05
2.26673,2.77786124606e-05
2.27196,2.52616403384e-05
2.27719,2.29542105138e-05
2.28244,2.08408698041e-05
2.2877,1.89070957734e-05
2.29298,1.71392625448e-05
2.29826,1.55246053185e-05
2.30356,1.4051184046e-05
2.30887,1.27078467546e-05
2.31419,1.14841925343e-05
2.31953,1.03705348255e-05
2.32488,9.35786471959e-06
2.33024,8.43781508001e-06
2.33561,7.60262503359e-06
2.34099,6.84510556352e-06
2.34639,6.15860576088e-06
2.3518,5.5369803946e-06
2.35722,4.97455836726e-06
2.36265,4.46611251721e-06
2.3681,4.00683060273e-06
2.37356,3.59228749243e-06
2.37903,3.2184187572e-06
2.38451,2.88149544954e-06
2.39001,2.57810021629e-06
2.39552,2.30510470469e-06
2.40104,2.05964817648e-06
2.40658,1.83911739851e-06
2.41213,1.64112772607e-06
2.41769,1.46350532344e-06
2.42326,1.30427054521e-06
2.42885,1.16162238026e-06
2.43444,1.03392394552e-06
2.44006,9.19688964077e-07
2.44568,8.17569197032e-07
2.45132,7.26342780952e-07
2.45697,6.44903396499e-07
2.46263,5.72250268943e-07
2.46831,5.07478912062e-07
2.474,4.49772591795e-07
2.4797,3.98394459189e-07
2.48542,3.52680315429e-07
2.49115,3.12031959208e-07
2.49689,2.75911083416e-07
2.50265,2.43833682657e-07
2.50842,2.15364933352e-07
2.5142,1.90114513473e-07
2.52,1.67732327814e-07
2.52581,1.47904612258e-07
2.53163,1.30350381932e-07
2.53746,1.14818201668e-07
2.54331,1.01083250258e-07
2.54918,8.89446537561e-08
2.55505,7.82230688098e-08
2.56094,6.87584923471e-08
2.56685,6.04082796193e-08
2.57276,5.30453518112e-08
2.57869,4.65565783297e-08
2.58464,4.08413155158e-08
2.5906,3.58100906994e-08
2.59657,3.138341653e-08
2.60255,2.74907241673e-08
2.60855,2.40694045696e-08
2.61457,2.10639470656e-08
2.62059,1.84251667315e-08
2.62664,1.61095116196e-08
2.63269,1.40784420128e-08
2.63876,1.22978752101e-08
2.64484,1.07376886238e-08
2.65094,9.3712760948e-09
2.65705,8.17515164083e-09
2.66318,7.12859594349e-09
2.66932,6.21334129517e-09
2.67547,5.41329093083e-09
2.68164,4.71426924229e-09
2.68782,4.10379962424e-09
2.69401,3.57090709312e-09
2.70022,3.10594288477e-09
2.70645,2.700428946e-09
2.71269,2.34691992166e-09
2.71894,2.03888089481e-09
2.72521,1.77057912661e-09
2.73149,1.53698823699e-09
2.73779,1.33370345237e-09
2.7441,1.15686673623e-09
2.75043,1.00310063469e-09
2.75677,8.69449912394e-10
2.76312,7.53330044967e-10
2.76949,6.52481831859e-10
2.77587,5.64931404389e-10
2.78227,4.88955015828e-10
2.78869,4.23048066369e-10
2.79512,3.65897850571e-10
2.80156,3.16359617283e-10
2.80802,2.73435537397e-10
2.81449,2.3625624228e-10
2.82098,2.04064621798e-10
2.82748,1.76201621951e-10
2.834,1.52093794887e-10
2.84053,1.31242394307e-10
2.84708,1.13213830232e-10
2.85364,9.76313146219e-11
2.86022,8.41675567946e-11
2.86682,7.25383776897e-11
2.87342,6.2497131922e-11
2.88005,5.38298355722e-11
2.88669,4.63509151142e-11
2.89334,3.98994981064e-11
2.90001,3.43361794934e-11
2.9067,2.95402029856e-11
2.9134,2.54070057696e-11
2.92011,2.18460806284e-11
2.92685,1.8779115491e-11
2.93359,1.61383749344e-11
2.94036,1.38652925735e-11
2.94713,1.19092479076e-11
2.95393,1.02265037417e-11
2.96074,8.77928291438e-12
2.96756,7.53496775447e-12
2.9744,6.4654043689e-12
2.98126,5.54630030988e-12
2.98813,4.75670151986e-12
2.99502,4.0785396027e-12
3.00193,3.49623930915e-12
3.00885,2.99637880795e-12
3.01578,2.56739556987e-12
3.02273,2.19933182567e-12
3.0297,1.88361447143e-12
3.03669,1.612864749e-12
3.04369,1.38073370099e-12
3.0507,1.18176006987e-12
3.05774,1.01124750966e-12
3.06478,8.65158626204e-13
3.07185,7.40023462586e-13
3.07893,6.32860587783e-13
3.08603,5.41109009642e-13
3.09314,4.6256948413e-13
3.10027,3.95353903398e-13
3.10742,3.37841721517e-13
3.11458,2.88642375477e-13
3.12176,2.46562969327e-13
3.12896,2.10580419762e-13
3.13617,1.79817509252e-13
3.1434,1.535222664e-13
3.15065,1.31050245411e-13
3.15791,1.11849278042e-13
3.16519,9.54463763861e-14
3.17249,8.14364717991e-14
3.1798,6.94727447145e-14
3.18713,5.92583166893e-14
3.19448,5.05391194554e-14
3.20184,4.3097773473e-14
3.20922,3.67483345763e-14
3.21662,3.13317889267e-14
3.22404,2.67121940909e-14
3.23147,2.27736627944e-14
3.23892,1.9428137462e-14
3.24638,1.69207732283e-14
3.25387,2.30425778643e-14
3.26137,1.89723846933e-13
3.26889,2.89972514382e-12
3.27642,3.84395097348e-11
3.28398,4.18626017974e-10
3.29155,3.73956200147e-09
3.29913,2.74325747533e-08
3.30674,1.65477237318e-07
3.31436,8.21889252817e-07
3.322,3.3656475635e-06
3.32966,1.13784738481e-05
3.33734,3.18019236466e-05
3.34503,7.35904005748e-05
3.35274,0.000141252789832
3.36047,0.000225585521432
3.36822,0.000301772189942
3.37598,0.000344043807635
3.38376,0.000349499040938
3.39156,0.00034745119066
3.39938,0.000378542587603
3.40722,0.000457088042582
3.41507,0.000550730817569
3.42294,0.000599964278602
3.43084,0.000563622231535
3.43874,0.000450090503004
3.44667,0.000308263863515
3.45462,0.00019297851393
3.46258,0.000139400804562
3.47056,0.000160593723492
3.47856,0.000253519429578
3.48658,0.000396569340567
3.49462,0.000543768207895
3.50268,0.000635269834222
3.51075,0.000628537302355
3.51884,0.00052614441194
3.52695,0.000372765403494
3.53509,0.000223700599023
3.54323,0.000113819342754
3.5514,4.91510916466e-05
3.55959,1.80338638286e-05
3.56779,5.62812882569e-06
3.57602,1.49569940536e-06
3.58426,3.38856113244e-07
3.59253,6.55180699818e-08
3.60081,1.08234131088e-08
3.60911,1.52937272476e-09
3.61743,1.85089574616e-10
3.62577,1.92559859692e-11
3.63413,1.78303151537e-12
3.6425,2.16280582849e-13
3.6509,1.06307208398e-13
3.65932,1.11846371014e-13
3.66775,1.26847677082e-13
3.67621,1.44346216063e-13
3.68468,1.6418557301e-13
3.69317,1.86637943917e-13
3.70169,2.12030659057e-13
3.71022,2.40731124752e-13
3.71877,2.73150418376e-13
3.72735,3.09748163267e-13
3.73594,3.51037934701e-13
3.74455,3.97593261097e-13
3.75318,4.50054214882e-13
3.76184,5.09134721368e-13
3.77051,5.75630597579e-13
3.7792,6.50428391076e-13
3.78791,7.34515180246e-13
3.79664,8.28989294816e-13
3.8054,9.35072128754e-13
3.81417,1.05412117445e-12
3.82296,1.18764424318e-12
3.83177,1.33731519895e-12
3.84061,1.50499111661e-12
3.84946,1.69273125059e-12
3.85833,1.90281755752e-12
3.86723,2.13777756707e-12
3.87614,2.40040900511e-12
3.88508,2.69380704578e-12
3.89404,3.02139402054e-12
3.90301,3.38695185678e-12
3.91201,3.7946574821e-12
3.92103,4.24912160013e-12
3.93007,4.75543083956e-12
3.93913,5.31919402182e-12
3.94821,5.94659199326e-12
3.95731,6.64443258213e-12
3.96643,7.42021005987e-12
3.97557,8.28216980472e-12
3.98474,9.23937898606e-12
3.99392,1.03018025931e-11
4.00313,1.14803871709e-11
4.01236,1.27871507809e-11
4.02161,1.42352807508e-11
4.03088,1.58392403077e-11
4.04017,1.76148836211e-11
4.04949,1.95795798934e-11
4.05882,2.1752349143e-11
4.06818,2.41540084302e-11
4.07756,2.68073286905e-11
4.08696,2.97372073082e-11
4.09638,3.2970851127e-11
4.10582,3.65379760902e-11
4.11528,4.04710239992e-11
4.12477,4.48053917747e-11
4.13428,4.95796840211e-11
4.14381,5.48359816886e-11
4.15336,6.06201315091e-11
4.16294,6.69820611985e-11
4.17253,7.39761124107e-11
4.18215,8.16614052198e-11
4.19179,9.01022263799e-11
4.20146,9.93684460402e-11
4.21114,1.0953596562e-10
4.22085,1.20687202622e-10
4.23058,1.32911602513e-10
4.24033,1.46306196545e-10
4.25011,1.60976190929e-10
4.2599,1.77035605009e-10
4.26972,1.94607953997e-10
4.27957,2.13826969287e-10
4.28943,2.34837386291e-10
4.29932,2.57795773354e-10
4.30923,2.82871411458e-10
4.31917,3.10247266963e-10
4.32912,3.40120981311e-10
4.3391,3.72705972341e-10
4.3491,4.08232571897e-10
4.35913,4.46949272366e-10
4.36918,4.89124030864e-10
4.37925,5.35045638313e-10
4.38935,5.85025268625e-10
4.39946,6.39398004979e-10
4.40961,6.98524530085e-10
4.41977,7.6279293584e-10
4.42996,8.32620594766e-10
4.44017,9.0845620292e-10
4.45041,9.90781911116e-10
4.46067,1.08011558432e-09
4.47095,1.17701322551e-09
4.48126,1.2820715086e-09
4.49159,1.39593056271e-09
4.50194,1.51927671164e-09
4.51232,1.65284559117e-09
4.52272,1.79742539347e-09
4.53315,1.95386013175e-09
4.5436,2.12305343507e-09
4.55407,2.30597210275e-09
4.56457,2.50365033619e-09
4.57509,2.71719379462e-09
4.58564,2.94778417e-09
4.59621,3.19668397246e-09
4.60681,3.46524126219e-09
4.61743,3.75489509358e-09
4.62807,4.06718090552e-09
4.63874,4.40373665629e-09
4.64943,4.76630831707e-09
4.66015,5.15675695179e-09
4.67089,5.57706511216e-09
4.68166,6.02934426775e-09
4.69245,6.51584182215e-09
4.70327,7.03894931058e-09
4.71411,7.60121090274e-09
4.72498,8.20533122116e-09
4.73587,8.85418578294e-09
4.74679,9.55082852796e-09
4.75773,1.02985046435e-08
4.7687,1.11006579001e-08
4.77969,1.19609437003e-08
4.79071,1.28832402781e-08
4.80175,1.38716608397e-08
4.81282,1.493056403e-08
4.82392,1.60645707838e-08
4.83504,1.72785747272e-08
4.84618,1.85777593082e-08
4.85736,1.99676095987e-08
4.86855,2.1453931655e-08
4.87978,2.30428659552e-08
4.89102,2.47409055347e-08
4.9023,2.65549140626e-08
4.9136,2.84921430021e-08
4.92493,3.05602548318e-08
4.93628,3.27673380097e-08
4.94766,3.51219302104e-08
4.95907,3.76330413504e-08
4.9705,4.03101750044e-08
4.98196,4.31633510336e-08
4.99344,4.62031320367e-08
5.00495,4.94406489307e-08
5.01649,5.28876259089e-08
5.02805,5.65564075861e-08
5.03964,6.04599878523e-08
5.05126,6.46120459388e-08
5.06291,6.90269656073e-08
5.07458,7.37198723959e-08
5.08628,7.87066722311e-08
5.098,8.40040750073e-08
5.10975,8.96296402693e-08
5.12153,9.56018050584e-08
5.13334,1.01939929195e-07
5.14517,1.08664326983e-07
5.15703,1.15796316189e-07
5.16892,1.23358254518e-07
5.18084,1.31373583473e-07
5.19278,1.39866877799e-07
5.20475,1.4886387673e-07
5.21675,1.58391559201e-07
5.22877,1.68478157653e-07
5.24083,1.79153250485e-07
5.25291,1.9044777504e-07
5.26502,2.02394100664e-07
5.27716,2.15026088205e-07
5.28932,2.28379130947e-07
5.30151,2.42490235117e-07
5.31373,2.57398059059e-07
5.32598,2.73142987827e-07
5.33826,2.89767218193e-07
5.35057,3.07314743894e-07
5.3629,3.25831551793e-07
5.37526,3.45365550214e-07
5.38766,3.6596678974e-07
5.40008,3.87687385443e-07
5.41252,4.10581684407e-07
5.425,4.34706362268e-07
5.43751,4.60120403144e-07
5.45004,4.86885288391e-07
5.46261,5.15064985925e-07
5.4752,5.44726143988e-07
5.48782,5.75938067961e-07
5.50047,6.08772841073e-07
5.51315,6.43305493865e-07
5.52586,6.79613992562e-07
5.5386,7.17779342373e-07
5.55137,7.57885791813e-07
5.56416,8.00020843356e-07
5.57699,8.44275374303e-07
5.58985,8.90743648737e-07
5.60273,9.39523639697e-07
5.61565,9.90716957824e-07
5.62859,1.04442899476e-06
5.64157,1.10076903163e-06
5.65457,1.15985049411e-06
5.66761,1.22179086966e-06
5.68067,1.28671179371e-06
5.69377,1.35473952532e-06
5.70689,1.42600468286e-06
5.72005,1.50064250247e-06
5.73324,1.57879300892e-06
5.74645,1.66060115292e-06
5.7597,1.74621683059e-06
5.77298,1.83579502107e-06
5.78629,1.92949632971e-06
5.79962,2.02748637201e-06
5.81299,2.12993661009e-06
5.82639,2.2370239399e-06
5.83983,2.34893133236e-06
5.85329,2.46584767109e-06
5.86678,2.58796797558e-06
5.88031,2.71549354952e-06
5.89386,2.84863213076e-06
5.90745,2.98759804312e-06
5.92107,3.13261234973e-06
5.93471,3.28390300816e-06
5.9484,3.44170502695e-06
5.96211,3.60626062381e-06
5.97585,3.77781938525e-06
5.98963,3.95663842759e-06
6.00344,4.14298255941e-06
6.01728,4.33712444526e-06
6.03115,4.53934477061e-06
6.04505,4.74993240804e-06
6.05898,4.96918458449e-06
6.07295,5.19740704956e-06
6.08695,5.43491424484e-06
6.10098,5.68202947413e-06
6.11505,5.93908507442e-06
6.12914,6.20642258775e-06
6.14327,6.48439293368e-06
6.15744,6.77335658231e-06
6.17163,7.07368372795e-06
6.18586,7.38575446306e-06
6.20012,7.70995895268e-06
6.21441,8.04669760902e-06
6.22874,8.39638126621e-06
6.24309,8.75943135521e-06
6.25749,9.13628007863e-06
6.27191,9.5273705854e-06
6.28637,9.93315714532e-06
6.30086,1.03541053232e-05
6.31539,1.07906921528e-05
6.32994,1.12434063096e-05
6.34454,1.17127482841e-05
6.35916,1.21992305532e-05
6.37382,1.27033777516e-05
6.38851,1.32257268416e-05
6.40324,1.37668272825e-05
6.418,1.43272411984e-05
6.4328,1.49075435447e-05
6.44763,1.55083222738e-05
6.46249,1.61301784982e-05
6.47739,1.67737266535e-05
6.49232,1.74395946582e-05
6.50729,1.81284240725e-05
6.52229,1.88408702552e-05
6.53732,1.9577602518e-05
6.55239,2.03393042781e-05
6.5675,2.11266732082e-05
6.58264,2.19404213845e-05
6.59781,2.27812754315e-05
6.61302,2.36499766648e-05
6.62827,2.45472812309e-05
6.64354,2.54739602439e-05
6.65886,2.64307999196e-05
6.67421,2.74186017065e-05
6.6896,2.84381824128e-05
6.70502,2.94903743315e-05
6.72047,3.05760253603e-05
6.73597,3.16959991198e-05
6.75149,3.28511750664e-05
6.76706,3.40424486025e-05
6.78266,3.52707311823e-05
6.79829,3.65369504139e-05
6.81396,3.78420501568e-05
6.82967,3.9186990616e-05
6.84542,4.05727484313e-05
6.8612,4.20003167618e-05
6.87701,4.3470705367e-05
6.89287,4.4984940682e-05
6.90876,4.65440658892e-05
6.92468,4.81491409844e-05
6.94065,4.9801242838e-05
6.95665,5.15014652523e-05
6.97268,5.32509190121e-05
6.98876,5.50507319314e-05
7.00487,5.69020488947e-05
7.02101,5.88060318923e-05
7.0372,6.07638600511e-05
7.05342,6.27767296593e-05
7.06968,6.48458541862e-05
7.08598,6.69724642957e-05
7.10231,6.91578078544e-05
7.11869,7.14031499346e-05
7.1351,7.37097728105e-05
7.15154,7.60789759496e-05
7.16803,7.85120759969e-05
7.18455,8.10104067547e-05
7.20112,8.35753191556e-05
7.21772,8.62081812291e-05
7.23436,8.89103780632e-05
7.25103,9.16833117588e-05
7.26775,9.45284013791e-05
7.2845,9.74470828917e-05
7.30129,0.000100440809106
7.31813,0.000103511049601
7.335,0.000106659290654
7.3519,0.000109887035153
7.36885,0.000113195802514
7.38584,0.000116587128581
7.40287,0.000120062565529
7.41993,0.000123623681756
7.43704,0.000127272061769
7.45418,0.000131009306065
7.47136,0.000134837031005
7.48859,0.000138756868685
7.50585,0.000142770466794
7.52315,0.000146879488471
7.5405,0.000151085612157
7.55788,0.000155390531437
7.5753,0.000159795954879
7.59276,0.000164303605865
7.61027,0.000168915222416
7.62781,0.000173632557016
7.64539,0.00017845737642
7.66302,0.00018339146147
7.68068,0.000188436606893
7.69839,0.000193594621098
7.71614,0.000198867325973
7.73392,0.000204256556665
7.75175,0.000209764161364
7.76962,0.000215392001082
7.78753,0.000221141949416
7.80548,0.000227015892321
7.82348,0.000233015727866
7.84151,0.000239143365992
7.85959,0.000245400728262
7.87771,0.000251789747604
7.89587,0.000258312368061
7.91407,0.000264970544519
7.93231,0.000271766242445
7.9506,0.000278701437615
7.96893,0.000285778115837
7.9873,0.000292998272675
8.00571,0.000300363913162
8.02417,0.000307877051515
8.04266,0.000315539710846
8.0612,0.000323353922866
8.07979,0.00033132172759
8.09841,0.000339445173037
8.11708,0.000347726314924
8.13579,0.000356167216366
8.15455,0.000364769947564
8.17335,0.000373536585492
8.19219,0.000382469213593
8.21107,0.000391569921453
8.23,0.000400840804492
8.24897,0.000410283963642
8.26799,0.000419901505027
8.28705,0.000429695539644
8.30615,0.000439668183035
8.3253,0.000449821554968
8.34449,0.000460157779111
8.36373,0.000470678982704
8.38301,0.000481387296237
8.40233,0.000492284853121
8.4217,0.000503373789365
8.44112,0.000514656243246
8.46057,0.000526134354988
8.48008,0.000537810266431
8.49963,0.000549686120713
8.51922,0.000561764061941
8.53886,0.000574046234873
8.55854,0.000586534784594
8.57827,0.000599231856198
8.59805,0.00061213959447
8.61787,0.000625260143572
8.63773,0.000638595646725
8.65765,0.000652148245904
8.6776,0.000665920081524
8.69761,0.00067991329214
8.71766,0.00069413001414
8.73776,0.000708572381447
8.7579,0.000723242525226
8.77809,0.000738142573588
8.79832,0.000753274651305
8.8186,0.000768640879527
8.83893,0.0007842433755
8.85931,0.000800084252291
8.87973,0.000816165618523
8.9002,0.000832489578106
8.92072,0.00084905822998
8.94128,0.00086587366786
8.9619,0.000882937979989
8.98255,0.000900253248896
9.00326,0.000917821551161
9.02402,0.000935644957188
9.04482,0.000953725530978
9.06567,0.00097206532992
9.08657,0.00099066640458
9.10751,0.0010095307985
9.12851,0.00102866054802
9.14955,0.00104805768205
9.17064,0.00106772422197
9.19179,0.00108766218138
9.21297,0.00110787356602
9.23421,0.00112836037354
9.2555,0.00114912459343
9.27684,0.00117016820687
9.29822,0.00119149318659
9.31966,0.00121310149677
9.34114,0.00123499509297
9.36267,0.00125717592201
9.38426,0.00127964592191
9.40589,0.00130240702182
9.42757,0.00132546114196
9.4493,0.00134881019363
9.47109,0.00137245607911
9.49292,0.00139640069171
9.5148,0.00142064591573
9.53674,0.00144519362651
9.55872,0.00147004569045
9.58076,0.00149520396505
9.60284,0.00152067029896
9.62498,0.00154644653212
9.64717,0.00157253449577
9.66941,0.00159893601264
9.6917,0.00162565289704
9.71404,0.00165268695506
9.73643,0.00168003998467
9.75888,0.001707713776
9.78137,0.00173571011151
9.80392,0.00176403076623
9.82652,0.00179267750805
9.84918,0.00182165209801
9.87188,0.0018509562906
9.89464,0.00188059183412
9.91745,0.00191056047107
9.94031,0.00194086393854
9.96322,0.00197150396866
9.98619,0.00200248228912
10.0092,0.00203380062359
10.0323,0.00206546069239
10.0554,0.00209746421301
10.0786,0.00212981290079
10.1018,0.00216250846959
10.1251,0.00219555263255
10.1485,0.00222894710288
10.1718,0.0022626935947
10.1953,0.00229679382398
10.2188,0.00233124950949
10.2424,0.00236606237385
10.266,0.00240123414468
10.2896,0.00243676655577
10.3134,0.00247266134836
10.3371,0.00250892027255
10.361,0.00254554508873
10.3848,0.00258253756918
10.4088,0.00261989949972
10.4328,0.00265763268155
10.4568,0.00269573893312
10.4809,0.00273422009223
10.5051,0.00277307801822
10.5293,0.0028123145943
10.5536,0.00285193173008
10.5779,0.00289193136423
10.6023,0.00293231546741
10.6267,0.00297308604525
10.6512,0.00301424514173
10.6758,0.00305579484258
10.7004,0.00309773727911
10.7251,0.00314007463214
10.7498,0.00318280913632
10.7746,0.00322594308466
10.7994,0.00326947883341
10.8243,0.00331341880724
10.8493,0.00335776550478
10.8743,0.00340252150457
10.8993,0.00344768947132
10.9245,0.00349327216264
10.9496,0.00353927243623
10.9749,0.00358569325751
11.0002,0.00363253770772
11.0255,0.00367980899262
11.051,0.00372751045168
11.0764,0.00377564556791
11.102,0.00382421797828
11.1276,0.00387323148481
11.1532,0.00392269006637
11.1789,0.00397259789122
11.2047,0.00402295933027
11.2305,0.00407377897123
11.2564,0.0041250616336
11.2824,0.00417681238453
11.3084,0.00422903655569
11.3344,0.00428173976113
11.3606,0.00433492791615
11.3868,0.00438860725734
11.413,0.00444278436375
11.4393,0.00449746617931
11.4657,0.0045526600365
11.4921,0.00460837368134
11.5186,0.0046646152999
11.5452,0.00472139354613
11.5718,0.00477871757131
11.5984,0.00483659705514
11.6252,0.00489504223842
11.652,0.00495406395757
11.6788,0.00501367368091
11.7058,0.00507388354692
11.7328,0.00513470640444
11.7598,0.00519615585496
11.7869,0.00525824629707
11.8141,0.0053209929732
11.8413,0.00538441201858
11.8686,0.00544852051283
11.896,0.00551333653384
11.9234,0.00557887921451
11.9509,0.00564516880206
11.9784,0.00571222672021
12.006,0.00578007563435
12.0337,0.00584873951969
12.0615,0.00591824373265
12.0893,0.00598861508541
12.1171,0.00605988192397
12.1451,0.00613207420971
12.1731,0.00620522360449
12.2011,0.00627936355965
12.2293,0.00635452940886
12.2574,0.00643075846501
12.2857,0.0065080901213
12.314,0.00658656595661
12.3424,0.00666622984547
12.3709,0.00674712807251
12.3994,0.00682930945186
12.428,0.00691282545139
12.4566,0.00699773032221
12.4853,0.00708408123337
12.5141,0.00717193841221
12.543,0.00726136529029
12.5719,0.00735242865535
12.6009,0.0074451988093
12.6299,0.00753974973268
12.659,0.00763615925561
12.6882,0.00773450923568
12.7174,0.00783488574293
12.7468,0.00793737925216
12.7761,0.00804208484307
12.8056,0.00814910240827
12.8351,0.00825853686974
12.8647,0.00837049840391
12.8944,0.00848510267585
12.9241,0.00860247108301
12.9539,0.00872273100875
12.9837,0.00884601608635
13.0137,0.00897246647393
13.0437,0.00910222914067
13.0737,0.00923545816518
13.1039,0.00937231504637
13.1341,0.00951296902771
13.1644,0.0096575974355
13.1947,0.00980638603185
13.2251,0.00995952938349
13.2556,0.0101172312471
13.2862,0.010279704972
13.3168,0.0104471739222
13.3475,0.0106198719173
13.3783,0.0107980436955
13.4091,0.0109819453986
13.44,0.0111718450815
13.471,0.0113680232467
13.5021,0.0115707734077
13.5332,0.0117804026805
13.5644,0.0119972324083
13.5956,0.0122215988193
13.627,0.0124538537218
13.6584,0.012694365239
13.6899,0.0129435185868
13.7214,0.0132017168976
13.7531,0.0134693820945
13.7848,0.0137469558201
13.8166,0.0140349004241
13.8484,0.0143337000153
13.8803,0.0146438615835
13.9123,0.0149659161979
13.9444,0.015300420288
13.9765,0.0156479570161
14.0088,0.0160091377492
14.0411,0.0163846036397
14.0734,0.0167750273257
14.1059,0.017181114763
14.1384,0.0176036072022
14.171,0.018043283324
14.2036,0.0185009615518
14.2364,0.0189775025578
14.2692,0.0194738119851
14.3021,0.0199908434076
14.3351,0.0205296015552
14.3681,0.0210911458337
14.4012,0.0216765941729
14.4344,0.02228712724
14.4677,0.0229239930638
14.5011,0.0235885121158
14.5345,0.0242820829058
14.568,0.0250061881563
14.6016,0.0257624016262
14.6352,0.0265523956698
14.669,0.0273779496265
14.7028,0.0282409591511
14.7367,0.0291434466128
14.7707,0.0300875727123
14.8047,0.0310756494867
14.8388,0.0321101549019
14.873,0.0331937492687
14.9073,0.0343292937506
14.9417,0.0355198712878
14.9761,0.03676881031
15.0107,0.0380797116855
15.0453,0.0394564794308
15.0799,0.040903355804
15.1147,0.0424249615287
15.1496,0.0440263420314
15.1845,0.0457130207606
15.2195,0.0474910608601
15.2546,0.0493671367386
15.2897,0.0513486173903
15.325,0.0534436637167
15.3603,0.0556613425728
15.3957,0.0580117608489
15.4312,0.0605062236023
15.4668,0.0631574211185
15.5024,0.0659796508002
15.5382,0.0689890809975
15.574,0.0722040652723
15.6099,0.0756455171076
15.6459,0.0793373565892
15.6819,0.0833070418395
15.7181,0.0875861984169
15.7543,0.0922113584929
15.7906,0.0972248165143
15.827,0.102675596013
15.8635,0.108620497693
15.9001,0.11512515305
15.9368,0.12226492707
15.9735,0.13012538012
16.0103,0.138801795272
16.0472,0.148397001309
16.0842,0.159016427806
16.1213,0.170759197405
16.1585,0.183704470616
16.1957,0.19789372594
16.233,0.213312384315
16.2705,0.229877177268
16.308,0.247436334653
16.3456,0.265785676281
16.3832,0.284696339565
16.421,0.303944448124
16.4589,0.32333361931
16.4968,0.342706395686
16.5348,0.361945892859
16.573,0.380971368579
16.6112,0.399731273903
16.6494,0.41819612393
16.6878,0.436352322183
16.7263,0.454197280241
16.7649,0.471735771415
16.8035,0.488977304994
16.8422,0.505934283919
16.8811,0.52262073817
16.92,0.539051469721
16.959,0.555241486627
16.9981,0.571205637626
17.0373,0.586958384535
17.0765,0.602513668521
17.1159,0.617884839722
17.1554,0.63308462915
17.1949,0.648125148398
17.2345,0.663017907185
17.2743,0.67777384195
17.3141,0.692403350942
17.354,0.706916332654
17.394,0.721322225582
17.4341,0.735630047948
17.4743,0.749848436552
17.5146,0.763985684221
17.555,0.77804977558
17.5954,0.792048421004
17.636,0.805989088698
17.6766,0.819879034961
17.7174,0.833725332662
17.7582,0.847534898045
17.7992,0.861314515915
17.8402,0.875070863343
17.8813,0.888810531943
17.9226,0.902540048793
17.9639,0.916265896102
18.0053,0.92999452963
18.0468,0.943732395935
18.0884,0.957485948446
18.1301,0.971261662375
18.1719,0.985066048474
18.2138,0.998905665605
18.2558,1.01278713209
18.2978,1.0267171358
18.34,1.04070244292
18.3823,1.05474990538
18.4247,1.0688664667
18.4671,1.08305916646
18.5097,1.09733514303
18.5524,1.1117016346
18.5952,1.12616597847
18.638,1.14073560836
18.681,1.15541804985
18.7241,1.17022091371
18.7672,1.1851518872
18.8105,1.20021872317
18.8538,1.21542922703
18.8973,1.23079124161
18.9409,1.24631262981
18.9845,1.26200125523
19.0283,1.27786496081
19.0722,1.29391154561
19.1161,1.3101487399
19.1602,1.32658417883
19.2044,1.34322537478
19.2486,1.36007968891
19.293,1.37715430208
19.3375,1.39445618558
19.3821,1.41199207222
19.4267,1.42976842818
19.4715,1.44779142614
19.5164,1.46606692042
19.5614,1.48460042473
19.6065,1.5033970932
19.6517,1.52246170549
19.697,1.54179865696
19.7424,1.56141195459
19.7879,1.58130521991
19.8335,1.60148169986
19.8792,1.62194428711
19.9251,1.64269555112
19.971,1.66373778177
20.017,1.68507304763
20.0632,1.70670327138
20.1094,1.7286303255
20.1558,1.750856152
20.2023,1.77338291113
20.2488,1.79621316511
20.2955,1.8193501043
20.3423,1.84279782516
20.3892,1.86656167113
20.4362,1.89064864934
20.4833,1.9150679378
20.5305,1.93983149829
20.5778,1.96495480938
20.6253,1.99045773056
20.6728,2.01636550121
20.7205,2.04270986555
20.7682,2.06953029507
20.8161,2.09687525206
20.8641,2.12480340072
20.9122,2.15338462647
20.9604,2.18270067059
21.0087,2.21284513278
21.0572,2.24392254325
21.1057,2.27604617281
21.1544,2.30933424529
21.2031,2.34390425808
21.252,2.37986521712
21.301,2.41730775952
21.3501,2.45629236785
21.3993,2.4968361576
21.4486,2.53889900966
21.4981,2.5823700767
21.5476,2.62705586596
21.5973,2.67267114817
21.6471,2.71883384099
21.697,2.76506477219
21.747,2.81079287565
21.7972,2.85536596643
21.8474,2.89806683654
21.8978,2.93813405956
21.9482,2.97478662075
21.9988,3.00725130865
22.0496,3.0347917081
22.1004,3.05673760478
22.1513,3.07251362781
22.2024,3.08166599978
22.2536,3.08388631761
22.3049,3.07903134242
22.3563,3.06713782541
22.4078,3.048431439
22.4595,3.02332891974
22.5113,2.99243257489
22.5632,2.95651637579
22.6152,2.91650299405
22.6673,2.87343138068
22.7196,2.82841491099
22.7719,2.78259079538
22.8244,2.73706245291
22.877,2.69283787488
22.9298,2.65076857196
22.9826,2.61149523691
23.0356,2.57540730635
23.0887,2.54262359368
23.1419,2.51299959832
23.1953,2.4861638549
23.2488,2.46158125415
23.3024,2.43863669799
23.3561,2.41672900052
23.4099,2.39536352987
23.4639,2.37423287621
23.518,2.35327725387
23.5722,2.33271942034
23.6265,2.31307169913
23.681,2.29511468685
23.7356,2.27984835318
23.7903,2.26841688934
23.8451,2.26200952195
23.9001,2.26174142454
23.9552,2.26852248875
24.0104,2.28292699439
24.0658,2.30508269596
24.1213,2.33460053074
24.1769,2.37056265681
24.2326,2.41157556023
24.2885,2.45587950921
24.3444,2.50149216205
24.4006,2.54635862627
24.4568,2.58848416126
24.5132,2.62603555639
24.5697,2.65740773321
24.6263,2.68125959499
24.6831,2.69652657248
24.74,2.70241758689
24.797,2.69840274088
24.8542,2.68419614782
24.9115,2.65973659498
24.9689,2.62516745898
25.0265,2.58081646553
25.0842,2.52717542187
25.142,2.46487984262
25.2,2.39468834389
25.2581,2.31746172679
25.3163,2.23414176062
25.3746,2.14572977716
25.4331,2.05326528051
25.4918,1.95780485168
25.5505,1.8604016779
25.6094,1.76208606306
25.6685,1.66384727817
25.7276,1.56661709288
25.7869,1.47125529408
25.8464,1.37853744977
25.906,1.28914511931
25.9657,1.20365864865
26.0255,1.12255262377
26.0855,1.04619398947
26.1457,0.974842775749
26.2059,0.908655309925
26.2664,0.847689731029
26.3269,0.791913563124
26.3876,0.74121304764
26.4484,0.695403882746
26.5094,0.654242973331
26.5705,0.617440762078
26.6318,0.584673695028
26.6932,0.555596378419
26.7547,0.529853010598
26.8164,0.507087724356
26.8782,0.486953549003
26.9401,0.469119792475
27.0022,0.453277743765
27.0645,0.439144695718
27.1269,0.426466378419
27.1894,0.41501796671
27.2521,0.404603876827
27.3149,0.395056595385
27.3779,0.386234790054
27.441,0.378020939026
27.5043,0.370318690569
27.5677,0.363050129746
27.6312,0.356153091727
27.6949,0.349578623769
27.7587,0.343288663913
27.8227,0.337253975251
27.8869,0.331452351217
27.9512,0.325867089658
28.0156,0.320485721035
28.0802,0.315298968215
28.1449,0.310299911085
28.2098,0.305483327818
28.2748,0.300845185111
28.34,0.296382251618
28.4053,0.29209181144
28.4708,0.287971457475
28.5364,0.284018947541
28.6022,0.280232109039
28.6682,0.276608780618
28.7342,0.273146781588
28.8005,0.269843901856
28.8669,0.266697906775
28.9334,0.26370655268
29.0001,0.260867609926
29.067,0.258178891133
29.134,0.255638282946
29.2011,0.253243780171
29.2685,0.250993521476
29.3359,0.248885826144
29.4036,0.246919231566
29.4713,0.245092531282
29.5393,0.243404813519
29.6074,0.241855500192
29.6756,0.240444386435
29.744,0.239171680704
29.8126,0.238038045564
29.8813,0.23704463924
29.9502,0.236193158037
30.0193,0.235485879745
30.0885,0.23492570811
30.1578,0.234516218483
30.2273,0.23426170473
30.297,0.234167227496
30.3669,0.23423866389
30.4369,0.234482758673
30.507,0.234907176984
30.5774,0.235520558671
30.6478,0.23633257422
30.7185,0.237353982309
30.7893,0.238596688935
30.8603,0.24007380805
30.9314,0.241799723589
31.0027,0.243790152693
31.0742,0.246062209865
31.1458,0.248634471662
31.2176,0.251527041417
31.2896,0.254761613277
31.3617,0.258361534613
31.434,0.262351865608
31.5065,0.266759434391
31.5791,0.271612885712
31.6519,0.276942720491
31.7249,0.282781322969
31.798,0.289162971254
31.8713,0.29612382607
31.9448,0.303701891292
32.0184,0.311936938418
32.0922,0.320870385513
32.1662,0.330545119389
32.2404,0.341005247916
32.3147,0.352295767519
32.3892,0.364462129362
32.4638,0.377549686701
32.5387,0.391603005944
32.6137,0.406665025566
32.6889,0.422776051098
32.7642,0.439972581497
32.8398,0.458285973409
32.9155,0.47774096537
32.9913,0.498354104145
33.0674,0.520132139009
33.1436,0.5430704749
33.22,0.567151798187
33.2966,0.592345004509
33.3734,0.618604561118
33.4503,0.645870421705
33.5274,0.674068577211
33.6047,0.703112273507
33.6822,0.732903861966
33.7598,0.763337182627
33.8376,0.794300323542
33.9156,0.82567856481
33.9938,0.857357307557
34.0722,0.889224806881
34.1507,0.921174567492
34.2294,0.953107312229
34.3084,0.98493248662
34.3874,1.01656930877
34.4667,1.04794740815
34.5462,1.07900711714
34.6258,1.10969948726
34.7056,1.13998609955
34.7856,1.1698387294
34.8658,1.19923891354
34.9462,1.22817745231
35.0268,1.2566538668
35.1075,1.284675818
35.1884,1.31225848507
35.2695,1.33942389205
35.3509,1.36620016716
35.4323,1.3926207163
35.514,1.41872329211
35.5959,1.44454894278
35.6779,1.47014082972
35.7602,1.4955429111
35.8426,1.52079849851
35.9253,1.54594870648
36.0081,1.57103082915
36.0911,1.59607669378
36.1743,1.6211110572
36.2577,1.64615012633
36.3413,1.67120029773
36.425,1.69625722136
36.509,1.72130529958
36.5932,1.74631773322
36.6775,1.77125722048
36.7621,1.79607740173
36.8468,1.82072512314
36.9317,1.84514356445
37.0169,1.86927623997
37.1022,1.89307183749
37.1877,1.91648980432
37.2735,1.93950652348
37.3594,1.9621218427
37.4455,1.98436562363
37.5318,2.00630386862
37.6184,2.02804385932
37.7051,2.04973761238
37.792,2.07158283691
37.8791,2.09382048803
37.9664,2.11672798643
38.054,2.14060726037
38.1417,2.16576701717
38.2296,2.19249911504
38.3177,2.22104960549
38.4061,2.25158592407
38.4946,2.28416271017
38.5833,2.31868963732
38.6723,2.35490517025
38.7614,2.39236008731
38.8508,2.43041378869
38.9404,2.46824493434
39.0301,2.5048761186
39.1201,2.53921052017
39.2103,2.57007716232
39.3007,2.59628080384
39.3913,2.61665255527
39.4821,2.63009789483
39.5731,2.63563959023
39.6643,2.63245388655
39.7557,2.61989905276
39.8474,2.59753593259
39.9392,2.5651405285
40.0313,2.52270890121
40.1236,2.47045483735
40.2161,2.40880086275
40.3088,2.33836328199
40.4017,2.25993201791
40.4949,2.17444610871
40.5882,2.08296579252
40.6818,1.98664216284
40.7756,1.88668540884
40.8696,1.78433265691
40.9638,1.6808164026
41.0582,1.57733446569
41.1528,1.47502231717
41.2477,1.37492852034
41.3428,1.27799390252
41.4381,1.18503493543
41.5336,1.09673165442
41.6294,1.01362029457
41.7253,0.936090667162
41.8215,0.864388145958
41.9179,0.798619979993
42.0146,0.738765501842
42.1114,0.684689660143
42.2085,0.636159180097
42.3058,0.592860554261
42.4033,0.554418999512
42.5011,0.520417495681
42.599,0.490415055657
42.6972,0.463963468594
42.7957,0.440621902703
42.8943,0.419968939153
42.9932,0.40161181456
43.0923,0.385192854116
43.1917,0.370393259094
43.2912,0.356934554849
43.391,0.344578099193
43.491,0.333123094714
43.5913,0.322403547558
43.6918,0.31228457916
43.7925,0.302658438232
43.8935,0.29344048947
43.9946,0.284565382709
44.0961,0.275983538729
44.1977,0.267658030079
44.2996,0.259561889118
44.4017,0.251675841219
44.5041,0.243986437735
44.6067,0.236484549131
44.7095,0.229164171732
44.8126,0.222021499896
44.9159,0.215054217362
45.0194,0.208260965686
45.1232,0.201640952972
45.2272,0.195193671733
45.3315,0.188918700224
45.436,0.182815566559
45.5407,0.176883659343
45.6457,0.171122172179
45.7509,0.165530072472
45.8564,0.160106087348
45.9621,0.154848701379
46.0681,0.149756162277
46.1743,0.144826491781
46.2807,0.14005749979
46.3874,0.135446800377
46.4943,0.130991828742
46.6015,0.126689858465
46.7089,0.122538018643
46.8166,0.118533310625
46.9245,0.114672624164
47.0327,0.110952752902
47.1411,0.107370409091
47.2498,0.103922237557
47.3587,0.100604828865
47.4679,0.0974147317104
47.5773,0.0943484645399
47.687,0.0914025264158
47.7969,0.0885734071522
47.9071,0.0858575967404
48.0175,0.0832515940895
48.1282,0.080751915106
48.2392,0.0783551001378
48.3504,0.0760577208074
48.4618,0.0738563862585
48.5736,0.0717477488416
48.6855,0.0697285092629
48.7978,0.067795421219
48.9102,0.0659452955439
49.023,0.0641750038898
49.136,0.0624814819646
49.2493,0.0608617323512
49.3628,0.0593128269281
49.4766,0.057831908915
49.5907,0.0564161945654
49.705,0.0550629745241
49.8196,0.0537696148754
49.9344,0.0525335578973
50.0495,0.0513523225436
50.1649,0.0502235046735
50.2805,0.0491447770451
50.3964,0.0481138890928
50.5126,0.0471286665051
50.6291,0.0461870106192
50.7458,0.0452868976485
50.8628,0.0444263777602
50.98,0.0436035740144
51.0975,0.0428166811825
51.2153,0.0420639644556
51.3334,0.0413437580576
51.4517,0.0406544637734
51.5703,0.0399945494059
51.6892,0.0393625471703
51.8084,0.0387570520374
51.9278,0.0381767200353
52.0475,0.0376202665177
52.1675,0.0370864644078
52.2877,0.036574142425
52.4083,0.0360821833026
52.5291,0.0356095220013
52.6502,0.0351551439263
52.7716,0.0347180831527
52.8932,0.0342974206636
53.0151,0.0338922826069
53.1373,0.0335018385738
53.2598,0.0331252999031
53.3826,0.0327619180141
53.5057,0.0324109827712
53.629,0.0320718208836
53.7526,0.0317437943398
53.8766,0.0314262988818
54.0008,0.0311187625178
54.1252,0.0308206440769
54.25,0.0305314318046
54.3751,0.0302506420017
54.5004,0.0299778177056
54.6261,0.0297125274162
54.752,0.0294543638637
54.8782,0.0292029428217
55.0047,0.0289579019619
55.1315,0.0287188997531
55.2586,0.0284856144019
55.386,0.0282577428355
55.5137,0.028034999726
55.6416,0.0278171165548
55.7699,0.0276038407171
55.8985,0.0273949346649
56.0273,0.0271901750879
56.1565,0.026989352131
56.2859,0.0267922686483
56.4157,0.0265987394911
56.5457,0.0264085908301
56.6761,0.0262216595099
56.8067,0.0260377924352
56.9377,0.0258568459872
57.0689,0.0256786854697
57.2005,0.0255031845826
57.3324,0.0253302249235
57.4645,0.0251596955148
57.597,0.0249914923552
57.7298,0.0248255179965
57.8629,0.0246616811422
57.9962,0.0244998962681
58.1299,0.0243400832644
58.2639,0.0241821670972
58.3983,0.0240260774892
58.5329,0.023871748619
58.6678,0.0237191188367
58.8031,0.0235681303969
58.9386,0.0234187292067
59.0745,0.0232708645889
59.2107,0.0231244890589
59.3471,0.0229795581156
59.484,0.0228360300439
59.6211,0.0226938657305
59.7585,0.0225530284895
59.8963,0.0224134839005
60.0344,0.0222751996553
60.1728,0.0221381454146
60.3115,0.0220022926744
60.4505,0.0218676146404
60.5898,0.0217340861098
60.7295,0.0216016833622
60.8695,0.021470384056
61.0098,0.021340167133
61.1505,0.021211012728
61.2914,0.021082902085
61.4327,0.0209558174792
61.5744,0.0208297421438
61.7163,0.0207046602016
61.8586,0.0205805566021
62.0012,0.0204574170614
62.1441,0.020335228008
62.2874,0.0202139765307
62.4309,0.0200936503313
62.5749,0.0199742376798
62.7191,0.0198557273737
62.8637,0.0197381086984
63.0086,0.0196213713928
63.1539,0.0195055056153
63.2994,0.0193905019134
63.4454,0.0192763511951
63.5916,0.0191630447022
63.7382,0.019050573986
63.8851,0.0189389308845
64.0324,0.0188281075011
64.18,0.0187180961855
64.328,0.0186088895153
64.4763,0.0185004802795
64.6249,0.0183928614628
64.7739,0.0182860262317
64.9232,0.0181799679209
65.0729,0.0180746800218
65.2229,0.0179701561703
65.3732,0.0178663901374
65.5239,0.0177633758189
65.675,0.0176611072273
65.8264,0.0175595784831
65.9781,0.0174587838078
66.1302,0.0173587175165
66.2827,0.0172593740123
66.4354,0.0171607477801
66.5886,0.0170628333814
66.7421,0.0169656254491
66.896,0.0168691186837
67.0502,0.0167733078486
67.2047,0.0166781877666
67.3597,0.0165837533166
67.5149,0.0164899994302
67.6706,0.0163969210889
67.8266,0.0163045133219
67.9829,0.0162127712028
68.1396,0.0161216898486
68.2967,0.0160312644167
68.4542,0.0159414901038
68.612,0.015852362144
68.7701,0.0157638758071
68.9287,0.0156760263977
69.0876,0.0155888092539
69.2468,0.0155022197458
69.4065,0.015416253275
69.5665,0.0153309052735
69.7268,0.015246171203
69.8876,0.0151620465537
70.0487,0.0150785268446
70.2101,0.0149956076219
70.372,0.0149132844594
70.5342,0.0148315529573
70.6968,0.0147504087421
70.8598,0.0146698474665
71.0231,0.0145898648084
71.1869,0.0145104564714
71.351,0.014431618184
71.5154,0.0143533456996
71.6803,0.0142756347962
71.8455,0.0141984812763
72.0112,0.0141218809671
72.1772,0.0140458297195
72.3436,0.0139703234088
72.5103,0.0138953579345
72.6775,0.0138209292197
72.845,0.0137470332116
73.0129,0.0136736658813
73.1813,0.0136008232234
73.35,0.0135285012567
73.519,0.0134566960234
73.6885,0.0133854035893
73.8584,0.0133146200442
74.0287,0.0132443415013
74.1993,0.0131745640975
74.3704,0.0131052839933
74.5418,0.013036497373
74.7136,0.0129682004441
74.8859,0.0129003894382
75.0585,0.01283306061
75.2315,0.012766210238
75.405,0.0126998346244
75.5788,0.0126339300947
75.753,0.012568492998
75.9276,0.0125035197071
76.1027,0.0124390066179
76.2781,0.0123749501502
76.4539,0.0123113467472
76.6302,0.0122481928753
76.8068,0.0121854850246
76.9839,0.0121232197084
77.1614,0.0120613934635
77.3392,0.0120000028499
77.5175,0.0119390444512
77.6962,0.0118785148739
77.8753,0.0118184107478
78.0548,0.0117587287261
78.2348,0.0116994654851
78.4151,0.0116406177238
78.5959,0.0115821821648
78.7771,0.0115241555534
78.9587,0.0114665346577
79.1407,0.011409316269
79.3231,0.0113524972013
79.506,0.0112960742912
79.6893,0.0112400443982
79.873,0.0111844044044
80.0571,0.0111291512142
80.2417,0.0110742817548
80.4266,0.0110197929757
80.612,0.0109656818488
80.7979,0.010911945368
80.9841,0.0108585805497
81.1708,0.0108055844322
81.3579,0.0107529540759
81.5455,0.010700686563
81.7335,0.0106487789977
81.9219,0.0105972285057
82.1107,0.0105460322348
82.3,0.010495187354
82.4897,0.0104446910537
82.6799,0.010394540546
82.8705,0.010344733064
83.0615,0.010295265862
83.253,0.0102461362157
83.4449,0.0101973414213
83.6373,0.0101488787963
83.8301,0.0101007456786
84.0233,0.0100529394271
84.217,0.0100054574209
84.4112,0.00995829705989
84.6057,0.00991145576422
84.8008,0.00986493097405
84.9963,0.00981872014993
85.1922,0.00977282077233
85.3886,0.00972723034173
85.5854,0.00968194637806
85.7827,0.00963696642137
85.9805,0.00959228803106
86.1787,0.00954790878591
86.3773,0.0095038262842
86.5765,0.00946003814337
86.776,0.00941654199998
86.9761,0.0093733355095
87.1766,0.00933041634641
87.3776,0.0092877822039
87.579,0.00924543079379
87.7809,0.00920335984642
87.9832,0.00916156711054
88.186,0.00912005035325
88.3893,0.00907880735977
88.5931,0.0090378359334
88.7973,0.00899713389539
89.002,0.00895669908479
89.2072,0.00891652935833
89.4128,0.00887662259037
89.619,0.00883697667268
89.8255,0.00879758951455
90.0326,0.00875845904223
90.2402,0.00871958319933
90.4482,0.0086809599463
90.6567,0.00864258726053
90.8657,0.00860446313619
91.0751,0.00856658558403
91.2851,0.00852895263146
91.4955,0.00849156232202
91.7064,0.00845441271581
91.9179,0.00841750188901
92.1297,0.00838082793388
92.3421,0.0083443889586
92.555,0.00830818308717
92.7684,0.0082722084592
92.9822,0.00823646323019
93.1966,0.00820094557072
93.4114,0.00816565366707
93.6267,0.0081305857207
93.8426,0.00809573994799
94.0589,0.00806111458063
94.2757,0.00802670786499
94.493,0.00799251806244
94.7109,0.00795854344882
94.9292,0.00792478231472
95.148,0.00789123296511
95.3674,0.00785789371933
95.5872,0.00782476291091
95.8076,0.00779183888763
96.0284,0.00775912001109
96.2498,0.00772660465709
96.4717,0.00769429121483
96.6941,0.00766217808767
96.917,0.00763026369214
97.1404,0.00759854645849
97.3643,0.00756702483026
97.5888,0.00753569726432
97.8137,0.00750456223063
98.0392,0.00747361821215
98.2652,0.00744286370502
98.4918,0.0074122972179
98.7188,0.00738191727249
98.9464,0.00735172240292
99.1745,0.00732171115603
99.4031,0.00729188209094
99.6322,0.0072622337792
99.8619,0.00723276480458
100.092,0.00720347376297
100.323,0.0071743592623
100.554,0.00714541992237
100.786,0.007116654375
101.018,0.00708806126355
101.251,0.00705963924314
101.485,0.00703138698044
101.718,0.00700330315346
101.953,0.00697538645167
102.188,0.00694763557575
102.424,0.00692004923767
102.66,0.0068926261603
102.896,0.00686536507765
103.134,0.0068382647344
103.371,0.00681132388628
103.61,0.00678454129952
103.848,0.00675791575119
104.088,0.00673144602867
104.328,0.00670513092987
104.568,0.00667896926316
104.809,0.00665295984689
105.051,0.00662710150984
105.293,0.00660139309076
105.536,0.00657583343844
105.779,0.00655042141164
106.023,0.00652515587883
106.267,0.00650003571828
106.512,0.00647505981796
106.758,0.00645022707537
107.004,0.00642553639755
107.251,0.0064009867009
107.498,0.00637657691127
107.746,0.00635230596363
107.994,0.00632817280217
108.243,0.00630417638012
108.493,0.00628031565995
108.743,0.00625658961282
108.993,0.00623299721883
109.245,0.00620953746686
109.496,0.00618620935458
109.749,0.00616301188821
110.002,0.00613994408244
110.255,0.00611700496066
110.51,0.00609419355448
110.764,0.00607150890389
111.02,0.00604895005724
111.276,0.00602651607091
111.532,0.00600420600947
111.789,0.00598201894553
112.047,0.00595995395978
112.305,0.00593801014059
112.564,0.0059161865844
112.824,0.00589448239519
113.084,0.00587289668483
113.344,0.0058514285727
113.606,0.00583007718575
113.868,0.00580884165851
114.13,0.0057877211329
114.393,0.00576671475814
114.657,0.00574582169086
114.921,0.00572504109472
115.186,0.00570437214087
115.452,0.00568381400717
115.718,0.00566336587891
115.984,0.00564302694803
116.252,0.00562279641368
116.52,0.00560267348154
116.788,0.00558265736447
117.058,0.00556274728171
117.328,0.00554294245941
117.598,0.00552324213021
117.869,0.00550364553333
118.141,0.00548415191453
118.413,0.00546476052594
118.686,0.00544547062617
118.96,0.00542628148002
119.234,0.00540719235862
119.509,0.00538820253947
119.784,0.0053693113059
120.06,0.00535051794755
120.337,0.00533182176025
120.615,0.00531322204544
120.893,0.00529471811078
121.171,0.00527630926979
121.451,0.00525799484166
121.731,0.0052397741516
122.011,0.00522164653027
122.293,0.00520361131432
122.574,0.00518566784572
122.857,0.0051678154723
123.14,0.00515005354715
123.424,0.00513238142902
123.709,0.00511479848194
123.994,0.00509730407554
124.28,0.00507989758449
124.566,0.00506257838909
124.853,0.00504534587442
125.141,0.00502819943117
